#pragma once
#include <cstdint>

#define ROBOTO_BOLD_SIZE 124292

static const uint8_t roboto_bold_ttf[] = {
    0x00, 0x01, 0x00, 0x00, 0x00, 0x12, 0x01, 0x00, 0x00, 0x04, 0x00, 0x20, 0x47, 0x44, 0x45, 0x46,
    0x69, 0xCF, 0x67, 0x4E, 0x00, 0x00, 0x03, 0x90, 0x00, 0x00, 0x01, 0xE6, 0x47, 0x50, 0x4F, 0x53,
    0xA1, 0x73, 0xC6, 0x8E, 0x00, 0x00, 0x43, 0xD0, 0x00, 0x00, 0x72, 0xA2, 0x47, 0x53, 0x55, 0x42,
    0x82, 0xA2, 0x2D, 0x7F, 0x00, 0x00, 0x19, 0x58, 0x00, 0x00, 0x0A, 0xC0, 0x4F, 0x53, 0x2F, 0x32,
    0x98, 0xAF, 0xB1, 0x81, 0x00, 0x00, 0x02, 0x30, 0x00, 0x00, 0x00, 0x60, 0x53, 0x54, 0x41, 0x54,
    0x5F, 0xA0, 0x41, 0xA5, 0x00, 0x00, 0x01, 0xD4, 0x00, 0x00, 0x00, 0x5A, 0x63, 0x6D, 0x61, 0x70,
    0xBD, 0x58, 0x88, 0x5B, 0x00, 0x00, 0x0A, 0x94, 0x00, 0x00, 0x06, 0xA8, 0x63, 0x76, 0x74, 0x20,
    0x3B, 0xF8, 0x26, 0x7D, 0x00, 0x00, 0x02, 0x90, 0x00, 0x00, 0x00, 0xFE, 0x66, 0x70, 0x67, 0x6D,
    0xA8, 0x05, 0x84, 0x32, 0x00, 0x00, 0x24, 0x18, 0x00, 0x00, 0x0F, 0x86, 0x67, 0x61, 0x73, 0x70,
    0x00, 0x08, 0x00, 0x19, 0x00, 0x00, 0x01, 0x2C, 0x00, 0x00, 0x00, 0x0C, 0x67, 0x6C, 0x79, 0x66,
    0x09, 0x18, 0x23, 0x44, 0x00, 0x00, 0xB6, 0x74, 0x00, 0x01, 0x2F, 0x10, 0x68, 0x65, 0x61, 0x64,
    0x0D, 0x69, 0xB0, 0x4E, 0x00, 0x00, 0x01, 0x9C, 0x00, 0x00, 0x00, 0x36, 0x68, 0x68, 0x65, 0x61,
    0x0B, 0x29, 0x11, 0xD7, 0x00, 0x00, 0x01, 0x78, 0x00, 0x00, 0x00, 0x24, 0x68, 0x6D, 0x74, 0x78,
    0x64, 0x3B, 0xE2, 0x5D, 0x00, 0x00, 0x33, 0xA0, 0x00, 0x00, 0x10, 0x30, 0x6C, 0x6F, 0x63, 0x61,
    0x52, 0xBB, 0x05, 0xB9, 0x00, 0x00, 0x11, 0x3C, 0x00, 0x00, 0x08, 0x1A, 0x6D, 0x61, 0x78, 0x70,
    0x07, 0xBC, 0x10, 0xC6, 0x00, 0x00, 0x01, 0x38, 0x00, 0x00, 0x00, 0x20, 0x6E, 0x61, 0x6D, 0x65,
    0x33, 0x96, 0x5B, 0xBE, 0x00, 0x00, 0x05, 0x78, 0x00, 0x00, 0x02, 0x4A, 0x70, 0x6F, 0x73, 0x74,
    0xFF, 0x6D, 0x00, 0x64, 0x00, 0x00, 0x01, 0x58, 0x00, 0x00, 0x00, 0x20, 0x70, 0x72, 0x65, 0x70,
    0x79, 0x58, 0xCE, 0xD3, 0x00, 0x00, 0x07, 0xC4, 0x00, 0x00, 0x02, 0xCE, 0x00, 0x01, 0x00, 0x02,
    0x00, 0x08, 0x00, 0x08, 0xFF, 0xFF, 0x00, 0x0F, 0x00, 0x01, 0x00, 0x00, 0x04, 0x0C, 0x00, 0xA9,
    0x00, 0x15, 0x00, 0x76, 0x00, 0x07, 0x00, 0x02, 0x00, 0x10, 0x00, 0x2F, 0x00, 0x9A, 0x00, 0x00,
    0x02, 0xE6, 0x0F, 0x75, 0x00, 0x03, 0x00, 0x01, 0x00, 0x03, 0x00, 0x00, 0x00, 0x00, 0x00, 0x00,
    0xFF, 0x6A, 0x00, 0x64, 0x00, 0x00, 0x00, 0x00, 0x00, 0x00, 0x00, 0x00, 0x00, 0x00, 0x00, 0x00,
    0x00, 0x00, 0x00, 0x00, 0x00, 0x00, 0x00, 0x00, 0x00, 0x01, 0x00, 0x00, 0x07, 0x6C, 0xFE, 0x0C,
    0x00, 0x00, 0x09, 0x8C, 0xFA, 0x31, 0xFE, 0x33, 0x09, 0x89, 0x08, 0x00, 0x00, 0x00, 0x00, 0x00,
    0x00, 0x00, 0x00, 0x00, 0x00, 0x00, 0x00, 0x00, 0x00, 0x00, 0x04, 0x0C, 0x00, 0x01, 0x00, 0x00,
    0x00, 0x03, 0x03, 0xD7, 0x71, 0xFA, 0x2D, 0xB9, 0x5F, 0x0F, 0x3C, 0xF5, 0x00, 0x1B, 0x08, 0x00,
    0x00, 0x00, 0x00, 0x00, 0xC4, 0xF0, 0x11, 0x2E, 0x00, 0x00, 0x00, 0x00, 0xE5, 0x8D, 0x50, 0x03,
    0xFA, 0x31, 0xFD, 0xD5, 0x09, 0x89, 0x08, 0x73, 0x00, 0x01, 0x00, 0x09, 0x00, 0x02, 0x00, 0x00,
    0x00, 0x00, 0x00, 0x00, 0x00, 0x01, 0x00, 0x01, 0x00, 0x08, 0x00, 0x03, 0x00, 0x00, 0x00, 0x14,
    0x00, 0x03, 0x00, 0x00, 0x00, 0x2C, 0x00, 0x02, 0x77, 0x64, 0x74, 0x68, 0x01, 0x25, 0x00, 0x00,
    0x77, 0x67, 0x68, 0x74, 0x01, 0x28, 0x00, 0x01, 0x69, 0x74, 0x61, 0x6C, 0x01, 0x32, 0x00, 0x02,
    0x00, 0x22, 0x00, 0x16, 0x00, 0x06, 0x00, 0x03, 0x00, 0x02, 0x00, 0x02, 0x01, 0x28, 0x00, 0x00,
    0x00, 0x00, 0x00, 0x01, 0x00, 0x00, 0x00, 0x01, 0x00, 0x01, 0x00, 0x00, 0x01, 0x2F, 0x02, 0xBC,
    0x00, 0x00, 0x00, 0x01, 0x00, 0x00, 0x00, 0x02, 0x01, 0x27, 0x00, 0x64, 0x00, 0x00, 0x00, 0x00,
    0x00, 0x04, 0x04, 0x9F, 0x02, 0xBC, 0x00, 0x05, 0x00, 0x00, 0x05, 0x9A, 0x05, 0x33, 0x00, 0x00,
    0x01, 0x1F, 0x05, 0x9A, 0x05, 0x33, 0x00, 0x00, 0x03, 0xD1, 0x00, 0x66, 0x02, 0x00, 0x00, 0x00,
    0x02, 0x00, 0x00, 0x00, 0x00, 0x00, 0x00, 0x00, 0x00, 0x00, 0xE0, 0x00, 0x02, 0xFF, 0x50, 0x00,
    0x20, 0x5B, 0x00, 0x00, 0x00, 0x20, 0x00, 0x00, 0x00, 0x00, 0x47, 0x4F, 0x4F, 0x47, 0x00, 0x20,
    0x00, 0x00, 0xFF, 0xFD, 0x06, 0x00, 0xFE, 0x00, 0x00, 0x66, 0x07, 0x9A, 0x02, 0x00, 0x20, 0x00,
    0x01, 0x9F, 0x00, 0x00, 0x00, 0x00, 0x04, 0x3A, 0x05, 0xB0, 0x00, 0x00, 0x00, 0x20, 0x00, 0x03,
    0x06, 0x00, 0x00, 0x15, 0x05, 0xB0, 0x00, 0x14, 0x05, 0xB0, 0x00, 0x14, 0x04, 0x3A, 0x00, 0x14,
    0x00, 0x00, 0xFF, 0xEC, 0x00, 0x00, 0xFF, 0xEC, 0x00, 0x00, 0xFF, 0xEC, 0xFE, 0x60, 0xFF, 0xF5,
    0x05, 0xB0, 0x00, 0x15, 0x00, 0x00, 0xFF, 0xEB, 0x00, 0x00, 0x00, 0xBD, 0x00, 0xC0, 0x00, 0x9D,
    0x00, 0x9D, 0x00, 0xBA, 0x00, 0x97, 0x00, 0x97, 0x00, 0x27, 0x00, 0xC0, 0x00, 0x9D, 0x00, 0x86,
    0x00, 0xBC, 0x00, 0xAB, 0x00, 0xBA, 0x00, 0x9A, 0x00, 0xD3, 0x00, 0xB3, 0x00, 0x99, 0x01, 0xE0,
    0x00, 0x96, 0x00, 0xBA, 0x00, 0x9A, 0x00, 0xA9, 0x01, 0x0B, 0x00, 0x82, 0x00, 0xAE, 0x00, 0xA0,
    0x00, 0x8C, 0x00, 0x95, 0x00, 0xB9, 0x00, 0xA9, 0x00, 0x17, 0x00, 0x93, 0x00, 0x9A, 0x00, 0x7B,
    0x00, 0x8B, 0x00, 0xA1, 0x00, 0xDE, 0x00, 0xA0, 0x00, 0x8C, 0x00, 0x9D, 0x00, 0xB6, 0x00, 0x27,
    0x00, 0xC0, 0x00, 0x9D, 0x00, 0xA4, 0x00, 0x86, 0x00, 0xA2, 0x00, 0xAB, 0x00, 0xB6, 0x00, 0xBF,
    0x00, 0xBA, 0x00, 0x82, 0x00, 0x8E, 0x00, 0x9A, 0x00, 0xA2, 0x00, 0xB2, 0x00, 0xD3, 0x00, 0x91,
    0x00, 0x99, 0x00, 0xAD, 0x00, 0xB3, 0x00, 0xBE, 0x01, 0xC9, 0x01, 0xFD, 0x00, 0x96, 0x00, 0xBA,
    0x00, 0x47, 0x00, 0x98, 0x00, 0x9D, 0x00, 0xA9, 0x01, 0x0B, 0x00, 0x82, 0x00, 0x99, 0x00, 0x9F,
    0x00, 0xA9, 0x00, 0xB0, 0x00, 0x81, 0x00, 0x85, 0x00, 0x8B, 0x00, 0x94, 0x00, 0xA9, 0x00, 0xB5,
    0x00, 0xBA, 0x00, 0x17, 0x00, 0x50, 0x00, 0x63, 0x00, 0x78, 0x00, 0x7D, 0x00, 0x83, 0x00, 0x8B,
    0x00, 0x90, 0x00, 0x98, 0x00, 0xA2, 0x00, 0xAE, 0x00, 0xD4, 0x00, 0xDE, 0x01, 0x26, 0x00, 0x7B,
    0x00, 0x89, 0x00, 0x93, 0x00, 0x9D, 0x00, 0xA5, 0x00, 0xB4, 0x04, 0x8D, 0x00, 0x10, 0x00, 0x00,
    0x00, 0x01, 0x00, 0x02, 0x00, 0x0E, 0x00, 0x00, 0x00, 0x00, 0x00, 0x00, 0x01, 0xB6, 0x00, 0x02,
    0x00, 0x46, 0x00, 0x25, 0x00, 0x3E, 0x00, 0x01, 0x00, 0x44, 0x00, 0x5E, 0x00, 0x01, 0x00, 0x6A,
    0x00, 0x6A, 0x00, 0x01, 0x00, 0x70, 0x00, 0x70, 0x00, 0x01, 0x00, 0x75, 0x00, 0x75, 0x00, 0x01,
    0x00, 0x81, 0x00, 0x81, 0x00, 0x01, 0x00, 0x83, 0x00, 0x83, 0x00, 0x01, 0x00, 0x86, 0x00, 0x86,
    0x00, 0x01, 0x00, 0x89, 0x00, 0x89, 0x00, 0x01, 0x00, 0x8B, 0x00, 0x96, 0x00, 0x01, 0x00, 0x98,
    0x00, 0x9F, 0x00, 0x01, 0x00, 0xA1, 0x00, 0xA3, 0x00, 0x01, 0x00, 0xA5, 0x00, 0xA6, 0x00, 0x01,
    0x00, 0xA8, 0x00, 0xAD, 0x00, 0x03, 0x00, 0xB1, 0x00, 0xB1, 0x00, 0x01, 0x00, 0xBA, 0x00, 0xBB,
    0x00, 0x01, 0x00, 0xBF, 0x00, 0xBF, 0x00, 0x01, 0x00, 0xC1, 0x00, 0xC1, 0x00, 0x01, 0x00, 0xC3,
    0x00, 0xC4, 0x00, 0x01, 0x00, 0xC7, 0x00, 0xC7, 0x00, 0x01, 0x00, 0xCB, 0x00, 0xCB, 0x00, 0x01,
    0x00, 0xCD, 0x00, 0xCE, 0x00, 0x01, 0x00, 0xD0, 0x00, 0xD1, 0x00, 0x01, 0x00, 0xD3, 0x00, 0xD3,
    0x00, 0x01, 0x00, 0xDA, 0x00, 0xDE, 0x00, 0x01, 0x00, 0xE1, 0x00, 0xE1, 0x00, 0x01, 0x00, 0xE5,
    0x00, 0xE5, 0x00, 0x01, 0x00, 0xE7, 0x00, 0xE9, 0x00, 0x01, 0x00, 0xEB, 0x00, 0xFB, 0x00, 0x01,
    0x00, 0xFD, 0x00, 0xFD, 0x00, 0x01, 0x00, 0xFF, 0x01, 0x01, 0x00, 0x01, 0x01, 0x03, 0x01, 0x03,
    0x00, 0x01, 0x01, 0x08, 0x01, 0x09, 0x00, 0x01, 0x01, 0x16, 0x01, 0x1A, 0x00, 0x01, 0x01, 0x1C,
    0x01, 0x1C, 0x00, 0x01, 0x01, 0x20, 0x01, 0x22, 0x00, 0x01, 0x01, 0x24, 0x01, 0x27, 0x00, 0x03,
    0x01, 0x2A, 0x01, 0x2B, 0x00, 0x01, 0x01, 0x33, 0x01, 0x34, 0x00, 0x01, 0x01, 0x36, 0x01, 0x36,
    0x00, 0x01, 0x01, 0x3B, 0x01, 0x3C, 0x00, 0x01, 0x01, 0x41, 0x01, 0x44, 0x00, 0x01, 0x01, 0x47,
    0x01, 0x48, 0x00, 0x01, 0x01, 0x4B, 0x01, 0x4D, 0x00, 0x01, 0x01, 0x51, 0x01, 0x51, 0x00, 0x01,
    0x01, 0x54, 0x01, 0x58, 0x00, 0x01, 0x01, 0x5D, 0x01, 0x5E, 0x00, 0x01, 0x01, 0x62, 0x01, 0x62,
    0x00, 0x01, 0x01, 0x64, 0x01, 0x64, 0x00, 0x01, 0x01, 0x68, 0x01, 0x68, 0x00, 0x01, 0x01, 0x6A,
    0x01, 0x6C, 0x00, 0x01, 0x01, 0x6E, 0x01, 0x6E, 0x00, 0x01, 0x01, 0x70, 0x01, 0x70, 0x00, 0x01,
    0x01, 0xD6, 0x01, 0xD9, 0x00, 0x02, 0x01, 0xFF, 0x02, 0x03, 0x00, 0x01, 0x02, 0x09, 0x02, 0x71,
    0x00, 0x01, 0x02, 0x74, 0x02, 0xDC, 0x00, 0x01, 0x02, 0xDE, 0x02, 0xDE, 0x00, 0x01, 0x02, 0xE0,
    0x02, 0xEA, 0x00, 0x01, 0x02, 0xEC, 0x02, 0xF5, 0x00, 0x01, 0x02, 0xF7, 0x03, 0x12, 0x00, 0x01,
    0x03, 0x16, 0x03, 0x16, 0x00, 0x01, 0x03, 0x18, 0x03, 0x1F, 0x00, 0x01, 0x03, 0x21, 0x03, 0x23,
    0x00, 0x01, 0x03, 0x26, 0x03, 0x2A, 0x00, 0x01, 0x03, 0x2C, 0x03, 0xB7, 0x00, 0x01, 0x03, 0xBA,
    0x03, 0xBB, 0x00, 0x01, 0x03, 0xBD, 0x03, 0xBE, 0x00, 0x01, 0x03, 0xC0, 0x03, 0xC3, 0x00, 0x01,
    0x03, 0xCD, 0x04, 0x07, 0x00, 0x01, 0x00, 0x01, 0x00, 0x03, 0x00, 0x00, 0x00, 0x2A, 0x00, 0x00,
    0x00, 0x20, 0x00, 0x00, 0x00, 0x10, 0x00, 0x02, 0x00, 0x02, 0x00, 0xA8, 0x00, 0xAC, 0x00, 0x00,
    0x01, 0x24, 0x01, 0x27, 0x00, 0x05, 0x00, 0x02, 0x00, 0x01, 0x00, 0xA8, 0x00, 0xAC, 0x00, 0x00,
    0x00, 0x01, 0x00, 0x01, 0x00, 0xAD, 0x00, 0x00, 0x00, 0x00, 0x00, 0x0D, 0x00, 0xA2, 0x00, 0x03,
    0x00, 0x01, 0x04, 0x09, 0x00, 0x00, 0x00, 0xB2, 0x00, 0xF6, 0x00, 0x03, 0x00, 0x01, 0x04, 0x09,
    0x00, 0x01, 0x00, 0x0C, 0x00, 0xEA, 0x00, 0x03, 0x00, 0x01, 0x04, 0x09, 0x00, 0x02, 0x00, 0x08,
    0x00, 0xE2, 0x00, 0x03, 0x00, 0x01, 0x04, 0x09, 0x00, 0x03, 0x00, 0x2C, 0x00, 0xB6, 0x00, 0x03,
    0x00, 0x01, 0x04, 0x09, 0x00, 0x04, 0x00, 0x16, 0x00, 0xA0, 0x00, 0x03, 0x00, 0x01, 0x04, 0x09,
    0x00, 0x05, 0x00, 0x26, 0x00, 0x7A, 0x00, 0x03, 0x00, 0x01, 0x04, 0x09, 0x00, 0x06, 0x00, 0x16,
    0x00, 0x64, 0x00, 0x03, 0x00, 0x01, 0x04, 0x09, 0x00, 0x0E, 0x00, 0x36, 0x00, 0x2E, 0x00, 0x03,
    0x00, 0x01, 0x04, 0x09, 0x01, 0x25, 0x00, 0x0A, 0x00, 0x24, 0x00, 0x03, 0x00, 0x01, 0x04, 0x09,
    0x01, 0x27, 0x00, 0x0C, 0x00, 0x18, 0x00, 0x03, 0x00, 0x01, 0x04, 0x09, 0x01, 0x28, 0x00, 0x0C,
    0x00, 0x0C, 0x00, 0x03, 0x00, 0x01, 0x04, 0x09, 0x01, 0x2F, 0x00, 0x08, 0x00, 0xE2, 0x00, 0x03,
    0x00, 0x01, 0x04, 0x09, 0x01, 0x32, 0x00, 0x0C, 0x00, 0x00, 0x00, 0x49, 0x00, 0x74, 0x00, 0x61,
    0x00, 0x6C, 0x00, 0x69, 0x00, 0x63, 0x00, 0x57, 0x00, 0x65, 0x00, 0x69, 0x00, 0x67, 0x00, 0x68,
    0x00, 0x74, 0x00, 0x4E, 0x00, 0x6F, 0x00, 0x72, 0x00, 0x6D, 0x00, 0x61, 0x00, 0x6C, 0x00, 0x57,
    0x00, 0x69, 0x00, 0x64, 0x00, 0x74, 0x00, 0x68, 0x00, 0x68, 0x00, 0x74, 0x00, 0x74, 0x00, 0x70,
    0x00, 0x73, 0x00, 0x3A, 0x00, 0x2F, 0x00, 0x2F, 0x00, 0x6F, 0x00, 0x70, 0x00, 0x65, 0x00, 0x6E,
    0x00, 0x66, 0x00, 0x6F, 0x00, 0x6E, 0x00, 0x74, 0x00, 0x6C, 0x00, 0x69, 0x00, 0x63, 0x00, 0x65,
    0x00, 0x6E, 0x00, 0x73, 0x00, 0x65, 0x00, 0x2E, 0x00, 0x6F, 0x00, 0x72, 0x00, 0x67, 0x00, 0x52,
    0x00, 0x6F, 0x00, 0x62, 0x00, 0x6F, 0x00, 0x74, 0x00, 0x6F, 0x00, 0x2D, 0x00, 0x42, 0x00, 0x6F,
    0x00, 0x6C, 0x00, 0x64, 0x00, 0x56, 0x00, 0x65, 0x00, 0x72, 0x00, 0x73, 0x00, 0x69, 0x00, 0x6F,
    0x00, 0x6E, 0x00, 0x20, 0x00, 0x33, 0x00, 0x2E, 0x00, 0x30, 0x00, 0x31, 0x00, 0x35, 0x00, 0x3B,
    0x00, 0x20, 0x00, 0x32, 0x00, 0x30, 0x00, 0x32, 0x00, 0x36, 0x00, 0x52, 0x00, 0x6F, 0x00, 0x62,
    0x00, 0x6F, 0x00, 0x74, 0x00, 0x6F, 0x00, 0x20, 0x00, 0x42, 0x00, 0x6F, 0x00, 0x6C, 0x00, 0x64,
    0x00, 0x33, 0x00, 0x2E, 0x00, 0x30, 0x00, 0x31, 0x00, 0x35, 0x00, 0x3B, 0x00, 0x47, 0x00, 0x4F,
    0x00, 0x4F, 0x00, 0x47, 0x00, 0x3B, 0x00, 0x52, 0x00, 0x6F, 0x00, 0x62, 0x00, 0x6F, 0x00, 0x74,
    0x00, 0x6F, 0x00, 0x2D, 0x00, 0x42, 0x00, 0x6F, 0x00, 0x6C, 0x00, 0x64, 0x00, 0x42, 0x00, 0x6F,
    0x00, 0x6C, 0x00, 0x64, 0x00, 0x52, 0x00, 0x6F, 0x00, 0x62, 0x00, 0x6F, 0x00, 0x74, 0x00, 0x6F,
    0x00, 0x43, 0x00, 0x6F, 0x00, 0x70, 0x00, 0x79, 0x00, 0x72, 0x00, 0x69, 0x00, 0x67, 0x00, 0x68,
    0x00, 0x74, 0x00, 0x20, 0x00, 0x32, 0x00, 0x30, 0x00, 0x31, 0x00, 0x31, 0x00, 0x20, 0x00, 0x54,
    0x00, 0x68, 0x00, 0x65, 0x00, 0x20, 0x00, 0x52, 0x00, 0x6F, 0x00, 0x62, 0x00, 0x6F, 0x00, 0x74,
    0x00, 0x6F, 0x00, 0x20, 0x00, 0x50, 0x00, 0x72, 0x00, 0x6F, 0x00, 0x6A, 0x00, 0x65, 0x00, 0x63,
    0x00, 0x74, 0x00, 0x20, 0x00, 0x41, 0x00, 0x75, 0x00, 0x74, 0x00, 0x68, 0x00, 0x6F, 0x00, 0x72,
    0x00, 0x73, 0x00, 0x20, 0x00, 0x28, 0x00, 0x68, 0x00, 0x74, 0x00, 0x74, 0x00, 0x70, 0x00, 0x73,
    0x00, 0x3A, 0x00, 0x2F, 0x00, 0x2F, 0x00, 0x67, 0x00, 0x69, 0x00, 0x74, 0x00, 0x68, 0x00, 0x75,
    0x00, 0x62, 0x00, 0x2E, 0x00, 0x63, 0x00, 0x6F, 0x00, 0x6D, 0x00, 0x2F, 0x00, 0x67, 0x00, 0x6F,
    0x00, 0x6F, 0x00, 0x67, 0x00, 0x6C, 0x00, 0x65, 0x00, 0x66, 0x00, 0x6F, 0x00, 0x6E, 0x00, 0x74,
    0x00, 0x73, 0x00, 0x2F, 0x00, 0x72, 0x00, 0x6F, 0x00, 0x62, 0x00, 0x6F, 0x00, 0x74, 0x00, 0x6F,
    0x00, 0x2D, 0x00, 0x63, 0x00, 0x6C, 0x00, 0x61, 0x00, 0x73, 0x00, 0x73, 0x00, 0x69, 0x00, 0x63,
    0x00, 0x29, 0x00, 0x00, 0x40, 0xFF, 0x7E, 0x34, 0x7D, 0x55, 0x7C, 0x3E, 0xFF, 0x1F, 0x7B, 0x3B,
    0xFF, 0x1F, 0x7A, 0x3D, 0xFF, 0x1F, 0x79, 0x3B, 0x40, 0x1F, 0x78, 0x3C, 0xFF, 0x1F, 0x77, 0x3C,
    0x3D, 0x1F, 0x76, 0x35, 0x07, 0x1F, 0x75, 0x3A, 0xFF, 0x1F, 0x74, 0x3A, 0x67, 0x1F, 0x73, 0x39,
    0x4F, 0x1F, 0x72, 0x39, 0xFF, 0x1F, 0x71, 0x36, 0xFF, 0x1F, 0x70, 0x38, 0xCD, 0x1F, 0x6F, 0x38,
    0xFF, 0x1F, 0x6E, 0x37, 0x5E, 0x1F, 0x6D, 0x37, 0xCD, 0x1F, 0x6C, 0x37, 0xFF, 0x1F, 0x6B, 0x37,
    0x2D, 0x1F, 0x6A, 0x37, 0x18, 0x1F, 0x69, 0x34, 0xFF, 0x1F, 0x68, 0x32, 0xFF, 0x1F, 0x67, 0x32,
    0xCD, 0x1F, 0x66, 0x33, 0xFF, 0x1F, 0x65, 0x31, 0xFF, 0x1F, 0x64, 0x30, 0xFF, 0x1F, 0x63, 0x30,
    0xAB, 0x1F, 0x62, 0x30, 0x67, 0x1F, 0x61, 0x2E, 0xFF, 0x1F, 0x60, 0x2E, 0x80, 0x1F, 0x5F, 0x2F,
    0xFF, 0x1F, 0x5E, 0x2F, 0x93, 0x1F, 0x5D, 0x2D, 0xFF, 0x1F, 0x5C, 0x2C, 0xFF, 0x1F, 0x5B, 0x2B,
    0xFF, 0x1F, 0x5A, 0x2A, 0xCD, 0x1F, 0x59, 0x2A, 0xFF, 0x1F, 0x58, 0x2A, 0x0D, 0x1F, 0x57, 0x29,
    0xFF, 0x1F, 0x56, 0x28, 0xFF, 0x1F, 0x55, 0x27, 0x24, 0x1F, 0x54, 0x27, 0x2D, 0x1F, 0x53, 0x25,
    0x5E, 0x1F, 0x52, 0x25, 0xFF, 0x1F, 0x51, 0x25, 0xAB, 0x1F, 0x50, 0x26, 0xFF, 0x1F, 0x4F, 0x26,
    0x80, 0x1F, 0x4E, 0x24, 0xFF, 0x1F, 0x4D, 0x23, 0x2B, 0x1F, 0x4C, 0x23, 0xAB, 0x1F, 0x4B, 0x23,
    0xFF, 0x1F, 0x4A, 0x23, 0x56, 0x1F, 0x49, 0x23, 0x2B, 0x1F, 0x48, 0x22, 0xFF, 0x1F, 0x47, 0x20,
    0xFF, 0x1F, 0x46, 0x20, 0x72, 0x1F, 0x45, 0x21, 0xFF, 0x1F, 0x44, 0x21, 0x72, 0x1F, 0x43, 0x1F,
    0xFF, 0x1F, 0x42, 0x1E, 0x93, 0x1F, 0x41, 0x1E, 0xFF, 0x1F, 0x40, 0x1D, 0xFF, 0x1F, 0x3F, 0x1C,
    0xFF, 0x1F, 0x3D, 0x3B, 0x93, 0x40, 0xEA, 0x1F, 0x3C, 0x3B, 0x34, 0x1F, 0x3A, 0x35, 0x0E, 0x1F,
    0x39, 0x36, 0x72, 0x1F, 0x38, 0x36, 0x4F, 0x1F, 0x37, 0x36, 0x22, 0x1F, 0x36, 0x35, 0x93, 0x1F,
    0x33, 0x32, 0x40, 0x1F, 0x31, 0x30, 0x72, 0x1F, 0x2F, 0x2E, 0x4A, 0x1F, 0x2B, 0x2A, 0x40, 0x1F,
    0x27, 0x19, 0x04, 0x1F, 0x26, 0x25, 0x28, 0x1F, 0x25, 0x33, 0x1B, 0x19, 0x5C, 0x24, 0x1A, 0x12,
    0x1F, 0x23, 0x05, 0x1A, 0x19, 0x5C, 0x22, 0x19, 0xFF, 0x1F, 0x21, 0x20, 0x3D, 0x1F, 0x20, 0x38,
    0x18, 0x16, 0x5C, 0x1F, 0x18, 0x2D, 0x1F, 0x1E, 0x17, 0xFF, 0x1F, 0x1D, 0x16, 0xFF, 0x1F, 0x1C,
    0x16, 0x07, 0x1F, 0x1B, 0x33, 0x19, 0x1C, 0x5B, 0x18, 0x34, 0x16, 0x1C, 0x5B, 0x1A, 0x33, 0x19,
    0x1C, 0x5B, 0x17, 0x34, 0x16, 0x1C, 0x5B, 0x15, 0x19, 0x3E, 0x16, 0xA6, 0x5A, 0x13, 0x31, 0x12,
    0x55, 0x11, 0x31, 0x10, 0x55, 0x12, 0x59, 0x10, 0x59, 0x0D, 0x34, 0x0C, 0x55, 0x05, 0x34, 0x04,
    0x55, 0x0C, 0x59, 0x04, 0x59, 0x1F, 0x04, 0x5F, 0x04, 0x02, 0x0F, 0x04, 0x7F, 0x04, 0xEF, 0x04,
    0x03, 0x0F, 0x5E, 0x0E, 0x55, 0x0B, 0x34, 0x0A, 0x55, 0x07, 0x34, 0x06, 0x55, 0x01, 0x31, 0x00,
    0x55, 0x0E, 0x59, 0x0A, 0x59, 0x06, 0x59, 0x7F, 0x06, 0x01, 0x2F, 0x06, 0x4F, 0x06, 0x6F, 0x06,
    0x03, 0x3F, 0x06, 0x5F, 0x06, 0x7F, 0x06, 0x03, 0x00, 0x59, 0x2F, 0x00, 0x01, 0x2F, 0x00, 0x6F,
    0x00, 0xEF, 0x00, 0x03, 0x09, 0x34, 0x08, 0x55, 0x03, 0x34, 0x02, 0x55, 0x08, 0x59, 0x02, 0x59,
    0x1F, 0x02, 0x5F, 0x02, 0x02, 0x0F, 0x02, 0x7F, 0x02, 0xEF, 0x02, 0x03, 0x03, 0x40, 0x40, 0x05,
    0x01, 0xB8, 0x01, 0x90, 0xB0, 0x54, 0x2B, 0x4B, 0xB8, 0x07, 0xFF, 0x52, 0x4B, 0xB0, 0x09, 0x50,
    0x5B, 0xB0, 0x01, 0x88, 0xB0, 0x25, 0x53, 0xB0, 0x01, 0x88, 0xB0, 0x40, 0x51, 0x5A, 0xB0, 0x06,
    0x88, 0xB0, 0x00, 0x55, 0x5A, 0x5B, 0x58, 0xB1, 0x01, 0x01, 0x8E, 0x59, 0x85, 0x8D, 0x8D, 0x00,
    0x1D, 0x42, 0x4B, 0xB0, 0x90, 0x53, 0x58, 0xB2, 0x03, 0x00, 0x00, 0x1D, 0x42, 0x59, 0xB1, 0x02,
    0x02, 0x43, 0x51, 0x58, 0xB1, 0x04, 0x03, 0x8E, 0x59, 0x73, 0x74, 0x00, 0x2B, 0x00, 0x2B, 0x2B,
    0x2B, 0x73, 0x74, 0x00, 0x2B, 0x73, 0x74, 0x75, 0x00, 0x2B, 0x00, 0x2B, 0x00, 0x2B, 0x2B, 0x2B,
    0x2B, 0x2B, 0x73, 0x74, 0x00, 0x2B, 0x00, 0x2B, 0x2B, 0x2B, 0x00, 0x2B, 0x00, 0x2B, 0x2B, 0x2B,
    0x01, 0x2B, 0x01, 0x2B, 0x01, 0x2B, 0x01, 0x2B, 0x01, 0x2B, 0x01, 0x2B, 0x2B, 0x00, 0x2B, 0x2B,
    0x01, 0x2B, 0x2B, 0x01, 0x2B, 0x00, 0x2B, 0x00, 0x2B, 0x01, 0x2B, 0x2B, 0x2B, 0x2B, 0x2B, 0x01,
    0x2B, 0x2B, 0x00, 0x2B, 0x2B, 0x2B, 0x2B, 0x2B, 0x2B, 0x2B, 0x01, 0x2B, 0x2B, 0x00, 0x2B, 0x2B,
    0x2B, 0x2B, 0x2B, 0x2B, 0x2B, 0x01, 0x2B, 0x00, 0x2B, 0x2B, 0x2B, 0x2B, 0x2B, 0x2B, 0x2B, 0x2B,
    0x2B, 0x2B, 0x2B, 0x2B, 0x2B, 0x01, 0x2B, 0x2B, 0x00, 0x2B, 0x2B, 0x2B, 0x2B, 0x2B, 0x2B, 0x2B,
    0x2B, 0x2B, 0x2B, 0x01, 0x2B, 0x2B, 0x2B, 0x2B, 0x2B, 0x2B, 0x2B, 0x00, 0x2B, 0x2B, 0x2B, 0x2B,
    0x2B, 0x2B, 0x2B, 0x2B, 0x2B, 0x2B, 0x2B, 0x2B, 0x2B, 0x2B, 0x2B, 0x2B, 0x2B, 0x2B, 0x2B, 0x2B,
    0x2B, 0x18, 0x00, 0x00, 0x00, 0x00, 0x00, 0x02, 0x00, 0x00, 0x00, 0x03, 0x00, 0x00, 0x00, 0x14,
    0x00, 0x03, 0x00, 0x01, 0x00, 0x00, 0x00, 0x14, 0x00, 0x04, 0x06, 0x94, 0x00, 0x00, 0x01, 0x08,
    0x01, 0x00, 0x00, 0x07, 0x00, 0x08, 0x00, 0x00, 0x00, 0x02, 0x00, 0x0D, 0x00, 0x7E, 0x00, 0xA0,
    0x00, 0xAC, 0x00, 0xAD, 0x00, 0xBF, 0x00, 0xC6, 0x00, 0xCF, 0x00, 0xE6, 0x00, 0xEF, 0x00, 0xFE,
    0x01, 0x0F, 0x01, 0x11, 0x01, 0x25, 0x01, 0x27, 0x01, 0x30, 0x01, 0x38, 0x01, 0x40, 0x01, 0x53,
    0x01, 0x5F, 0x01, 0x67, 0x01, 0x7E, 0x01, 0x7F, 0x01, 0x8F, 0x01, 0x92, 0x01, 0xA1, 0x01, 0xB0,
    0x01, 0xF0, 0x01, 0xFB, 0x01, 0xFF, 0x02, 0x1B, 0x02, 0x37, 0x02, 0x59, 0x02, 0xBC, 0x02, 0xC7,
    0x02, 0xC9, 0x02, 0xDD, 0x02, 0xF3, 0x03, 0x01, 0x03, 0x03, 0x03, 0x09, 0x03, 0x0F, 0x03, 0x23,
    0x03, 0x8A, 0x03, 0x8C, 0x03, 0x92, 0x03, 0xA1, 0x03, 0xB0, 0x03, 0xB9, 0x03, 0xC9, 0x03, 0xCE,
    0x03, 0xD2, 0x03, 0xD6, 0x04, 0x25, 0x04, 0x2F, 0x04, 0x45, 0x04, 0x4F, 0x04, 0x62, 0x04, 0x6F,
    0x04, 0x79, 0x04, 0x86, 0x04, 0x8B, 0x04, 0x9F, 0x04, 0xA9, 0x04, 0xB1, 0x04, 0xBA, 0x04, 0xC2,
    0x04, 0xCA, 0x04, 0xCE, 0x04, 0xD7, 0x04, 0xE1, 0x04, 0xF5, 0x05, 0x01, 0x05, 0x10, 0x05, 0x13,
    0x1E, 0x01, 0x1E, 0x3F, 0x1E, 0x85, 0x1E, 0x9E, 0x1E, 0xF1, 0x1E, 0xF3, 0x1E, 0xF9, 0x1F, 0x4D,
    0x20, 0x09, 0x20, 0x0B, 0x20, 0x11, 0x20, 0x15, 0x20, 0x1E, 0x20, 0x22, 0x20, 0x27, 0x20, 0x30,
    0x20, 0x33, 0x20, 0x3A, 0x20, 0x3C, 0x20, 0x44, 0x20, 0x70, 0x20, 0x8E, 0x20, 0xA4, 0x20, 0xAA,
    0x20, 0xAC, 0x20, 0xB1, 0x20, 0xBA, 0x20, 0xBD, 0x20, 0xC1, 0x21, 0x05, 0x21, 0x13, 0x21, 0x16,
    0x21, 0x22, 0x21, 0x26, 0x21, 0x2E, 0x21, 0x5E, 0x22, 0x02, 0x22, 0x06, 0x22, 0x0F, 0x22, 0x12,
    0x22, 0x1A, 0x22, 0x1E, 0x22, 0x2B, 0x22, 0x48, 0x22, 0x60, 0x22, 0x65, 0x25, 0xA0, 0x25, 0xCB,
    0x25, 0xCF, 0xEE, 0x02, 0xF6, 0xC3, 0xFB, 0x04, 0xFE, 0xFF, 0xFF, 0xFD, 0xFF, 0xFF, 0x00, 0x00,
    0x00, 0x00, 0x00, 0x02, 0x00, 0x0D, 0x00, 0x20, 0x00, 0xA0, 0x00, 0xA1, 0x00, 0xAD, 0x00, 0xAE,
    0x00, 0xC0, 0x00, 0xC7, 0x00, 0xD0, 0x00, 0xE7, 0x00, 0xF0, 0x00, 0xFF, 0x01, 0x10, 0x01, 0x12,
    0x01, 0x26, 0x01, 0x28, 0x01, 0x31, 0x01, 0x39, 0x01, 0x41, 0x01, 0x54, 0x01, 0x60, 0x01, 0x68,
    0x01, 0x7F, 0x01, 0x8F, 0x01, 0x92, 0x01, 0xA0, 0x01, 0xAF, 0x01, 0xF0, 0x01, 0xFA, 0x01, 0xFC,
    0x02, 0x18, 0x02, 0x37, 0x02, 0x59, 0x02, 0xBC, 0x02, 0xC6, 0x02, 0xC9, 0x02, 0xD8, 0x02, 0xF3,
    0x03, 0x00, 0x03, 0x03, 0x03, 0x09, 0x03, 0x0F, 0x03, 0x23, 0x03, 0x84, 0x03, 0x8C, 0x03, 0x8E,
    0x03, 0x93, 0x03, 0xA3, 0x03, 0xB1, 0x03, 0xBA, 0x03, 0xCA, 0x03, 0xD1, 0x03, 0xD6, 0x04, 0x00,
    0x04, 0x26, 0x04, 0x30, 0x04, 0x46, 0x04, 0x50, 0x04, 0x63, 0x04, 0x70, 0x04, 0x7A, 0x04, 0x88,
    0x04, 0x8C, 0x04, 0xA0, 0x04, 0xAA, 0x04, 0xB2, 0x04, 0xBB, 0x04, 0xC3, 0x04, 0xCB, 0x04, 0xCF,
    0x04, 0xD8, 0x04, 0xE2, 0x04, 0xF6, 0x05, 0x02, 0x05, 0x11, 0x1E, 0x00, 0x1E, 0x3E, 0x1E, 0x80,
    0x1E, 0x9E, 0x1E, 0xA0, 0x1E, 0xF2, 0x1E, 0xF4, 0x1F, 0x4D, 0x20, 0x00, 0x20, 0x0A, 0x20, 0x10,
    0x20, 0x13, 0x20, 0x17, 0x20, 0x20, 0x20, 0x25, 0x20, 0x30, 0x20, 0x32, 0x20, 0x39, 0x20, 0x3C,
    0x20, 0x44, 0x20, 0x70, 0x20, 0x74, 0x20, 0xA3, 0x20, 0xA6, 0x20, 0xAB, 0x20, 0xB1, 0x20, 0xB9,
    0x20, 0xBC, 0x20, 0xC1, 0x21, 0x05, 0x21, 0x13, 0x21, 0x16, 0x21, 0x22, 0x21, 0x26, 0x21, 0x2E,
    0x21, 0x5B, 0x22, 0x02, 0x22, 0x06, 0x22, 0x0F, 0x22, 0x11, 0x22, 0x1A, 0x22, 0x1E, 0x22, 0x2B,
    0x22, 0x48, 0x22, 0x60, 0x22, 0x64, 0x25, 0xA0, 0x25, 0xCA, 0x25, 0xCF, 0xEE, 0x01, 0xF6, 0xC3,
    0xFB, 0x01, 0xFE, 0xFF, 0xFF, 0xFC, 0xFF, 0xFF, 0x00, 0x01, 0x00, 0x00, 0xFF, 0xF6, 0xFF, 0xE4,
    0x01, 0x67, 0xFF, 0xC2, 0x01, 0x5B, 0xFF, 0xC1, 0x00, 0x00, 0x01, 0x4E, 0x00, 0x00, 0x01, 0x49,
    0x00, 0x00, 0x01, 0x45, 0x00, 0x00, 0x01, 0x43, 0x00, 0x00, 0x01, 0x41, 0x00, 0x00, 0x01, 0x3F,
    0x00, 0x00, 0x01, 0x39, 0x00, 0x00, 0x01, 0x3B, 0xFF, 0x16, 0xFF, 0x07, 0xFF, 0x05, 0xFE, 0xF8,
    0xFE, 0xEB, 0x01, 0x26, 0x00, 0x00, 0x00, 0xBE, 0x00, 0x00, 0xFE, 0x65, 0xFE, 0x44, 0x00, 0x5B,
    0xFD, 0xD8, 0xFD, 0xD7, 0xFD, 0xC9, 0xFD, 0xB4, 0xFD, 0xA8, 0xFD, 0xA7, 0xFD, 0xA2, 0xFD, 0x9D,
    0xFD, 0x8A, 0x00, 0x00, 0xFF, 0x36, 0xFF, 0x35, 0x00, 0x00, 0x00, 0x00, 0xFD, 0x0A, 0x00, 0x00,
    0xFF, 0x16, 0xFC, 0xFE, 0xFC, 0xFB, 0x00, 0x00, 0xFC, 0xBA, 0x00, 0x00, 0xFC, 0xB2, 0x00, 0x00,
    0xFC, 0xA7, 0x00, 0x00, 0xFC, 0xA1, 0xFC, 0xA0, 0x00, 0x00, 0xFC, 0x99, 0x00, 0x00, 0xFC, 0x91,
    0x00, 0x00, 0xFC, 0x8B, 0x00, 0x00, 0xFE, 0x60, 0x00, 0x00, 0xFE, 0x5D, 0x00, 0x00, 0xFC, 0x5E,
    0x00, 0x00, 0xE5, 0x1A, 0xE4, 0xDA, 0xE4, 0x8B, 0xE2, 0xD3, 0xE4, 0xB6, 0xE4, 0x1F, 0xE4, 0xB4,
    0xE4, 0xB5, 0xE1, 0x73, 0xE1, 0x74, 0xE1, 0x70, 0x00, 0x00, 0xE1, 0x6D, 0xE1, 0x6C, 0xE1, 0x6A,
    0xE1, 0x62, 0xE2, 0xE1, 0xE1, 0x5A, 0xE2, 0xD9, 0xE1, 0x51, 0xE1, 0x26, 0xE1, 0x23, 0x00, 0x00,
    0xE1, 0x0D, 0x00, 0x00, 0xE1, 0x08, 0xE1, 0x01, 0xE1, 0x00, 0xE3, 0x49, 0xE0, 0xB9, 0xE0, 0xAC,
    0xE0, 0xAA, 0xE0, 0x9F, 0xDF, 0x94, 0xE0, 0x94, 0xE0, 0x68, 0xDF, 0xC5, 0xDE, 0xAC, 0xDF, 0xB9,
    0xDF, 0xB8, 0xDF, 0xB1, 0xDF, 0xAE, 0xDF, 0xA2, 0xDF, 0x86, 0xDF, 0x6F, 0xDF, 0x6C, 0xDE, 0x69,
    0x00, 0x00, 0xDE, 0x39, 0x13, 0xD2, 0x0B, 0x12, 0x06, 0xD5, 0x02, 0xDB, 0x01, 0xDF, 0x00, 0x01,
    0x00, 0x00, 0x01, 0x06, 0x00, 0x00, 0x00, 0x00, 0x00, 0x00, 0x00, 0x00, 0x00, 0x00, 0x00, 0x00,
    0x00, 0xFA, 0x00, 0x00, 0x01, 0x04, 0x00, 0x00, 0x01, 0x2E, 0x00, 0x00, 0x01, 0x48, 0x00, 0x00,
    0x01, 0x48, 0x00, 0x00, 0x01, 0x48, 0x00, 0x00, 0x01, 0x54, 0x00, 0x00, 0x01, 0x76, 0x00, 0x00,
    0x00, 0x00, 0x00, 0x00, 0x00, 0x00, 0x00, 0x00, 0x00, 0x00, 0x00, 0x00, 0x01, 0x76, 0x00, 0x00,
    0x01, 0x76, 0x00, 0x00, 0x00, 0x00, 0x00, 0x00, 0x00, 0x00, 0x00, 0x00, 0x00, 0x00, 0x00, 0x00,
    0x00, 0x00, 0x00, 0x00, 0x00, 0x00, 0x00, 0x00, 0x00, 0x00, 0x01, 0x64, 0x00, 0x00, 0x00, 0x00,
    0x01, 0x6C, 0x01, 0x88, 0x00, 0x00, 0x01, 0xA0, 0x00, 0x00, 0x00, 0x00, 0x00, 0x00, 0x01, 0xB8,
    0x00, 0x00, 0x02, 0x00, 0x00, 0x00, 0x02, 0x28, 0x00, 0x00, 0x02, 0x4A, 0x00, 0x00, 0x00, 0x00,
    0x02, 0x58, 0x00, 0x00, 0x02, 0x7C, 0x00, 0x00, 0x02, 0x88, 0x00, 0x00, 0x02, 0x94, 0x00, 0x00,
    0x02, 0x98, 0x00, 0x00, 0x02, 0xA8, 0x00, 0x00, 0x02, 0xBC, 0x00, 0x00, 0x00, 0x00, 0x00, 0x00,
    0x00, 0x00, 0x00, 0x00, 0x00, 0x00, 0x00, 0x00, 0x00, 0x00, 0x00, 0x00, 0x00, 0x00, 0x00, 0x00,
    0x02, 0xAA, 0x00, 0x00, 0x00, 0x00, 0x00, 0x00, 0x00, 0x00, 0x00, 0x00, 0x00, 0x00, 0x00, 0x00,
    0x00, 0x00, 0x00, 0x00, 0x00, 0x00, 0x02, 0x9A, 0x00, 0x00, 0x02, 0x9A, 0x00, 0x00, 0x00, 0x00,
    0x00, 0x00, 0x00, 0x00, 0x00, 0x00, 0x00, 0x00, 0x00, 0x00, 0x00, 0x00, 0x00, 0x00, 0x00, 0x00,
    0x00, 0x00, 0x00, 0x00, 0x00, 0x00, 0x00, 0x00, 0x00, 0x00, 0x00, 0x00, 0x00, 0x00, 0x00, 0x00,
    0x00, 0x00, 0x00, 0x00, 0x00, 0x00, 0x00, 0x00, 0x02, 0x70, 0x00, 0x00, 0x00, 0x00, 0x00, 0x00,
    0x00, 0x00, 0x00, 0x00, 0x00, 0x00, 0x00, 0x00, 0x00, 0x02, 0x02, 0x0E, 0x02, 0x0F, 0x02, 0x10,
    0x02, 0x11, 0x02, 0x12, 0x02, 0x13, 0x00, 0x81, 0x02, 0x0A, 0x02, 0x1E, 0x02, 0x1F, 0x02, 0x20,
    0x02, 0x21, 0x02, 0x22, 0x02, 0x23, 0x00, 0x82, 0x00, 0x83, 0x02, 0x24, 0x02, 0x25, 0x02, 0x26,
    0x02, 0x27, 0x02, 0x28, 0x00, 0x84, 0x00, 0x85, 0x02, 0x29, 0x02, 0x2A, 0x02, 0x2B, 0x02, 0x2C,
    0x02, 0x2D, 0x02, 0x2E, 0x00, 0x86, 0x00, 0x87, 0x02, 0x39, 0x02, 0x3A, 0x02, 0x3B, 0x02, 0x3C,
    0x02, 0x3D, 0x02, 0x3E, 0x00, 0x88, 0x00, 0x89, 0x02, 0x3F, 0x02, 0x40, 0x02, 0x41, 0x02, 0x42,
    0x02, 0x43, 0x00, 0x8A, 0x02, 0x09, 0x00, 0x8B, 0x00, 0x8C, 0x02, 0x0B, 0x00, 0x8D, 0x02, 0x72,
    0x02, 0x73, 0x02, 0x74, 0x02, 0x75, 0x02, 0x76, 0x02, 0x77, 0x00, 0x8E, 0x00, 0x8F, 0x00, 0x90,
    0x02, 0x80, 0x02, 0x81, 0x02, 0x82, 0x02, 0x83, 0x02, 0x84, 0x02, 0x85, 0x02, 0x86, 0x00, 0x91,
    0x00, 0x92, 0x02, 0x87, 0x02, 0x88, 0x02, 0x89, 0x02, 0x8A, 0x02, 0x8B, 0x02, 0x8C, 0x00, 0x93,
    0x00, 0x94, 0x02, 0x9B, 0x02, 0x9C, 0x02, 0x9F, 0x02, 0xA0, 0x02, 0xA1, 0x02, 0xA2, 0x02, 0x0C,
    0x02, 0x0D, 0x02, 0x14, 0x02, 0x2F, 0x02, 0x99, 0x02, 0x9A, 0x02, 0x9D, 0x02, 0x9E, 0x00, 0xAE,
    0x00, 0xAF, 0x02, 0xBE, 0x00, 0xB0, 0x02, 0xBF, 0x02, 0xC0, 0x02, 0xC1, 0x00, 0xB1, 0x00, 0xB2,
    0x02, 0xC8, 0x02, 0xC9, 0x02, 0xCA, 0x00, 0xB3, 0x02, 0xCB, 0x02, 0xCC, 0x00, 0xB4, 0x02, 0xCD,
    0x02, 0xCE, 0x00, 0xB5, 0x02, 0xCF, 0x00, 0xB6, 0x02, 0xD0, 0x00, 0xB7, 0x02, 0xD1, 0x02, 0xD2,
    0x00, 0xB8, 0x02, 0xD3, 0x00, 0xB9, 0x00, 0xBA, 0x02, 0xD4, 0x02, 0xD5, 0x02, 0xD6, 0x02, 0xD7,
    0x02, 0xD8, 0x02, 0xD9, 0x02, 0xDA, 0x02, 0xDB, 0x00, 0xC4, 0x02, 0xDD, 0x02, 0xDE, 0x00, 0xC5,
    0x02, 0xDC, 0x00, 0xC6, 0x00, 0xC7, 0x00, 0xC8, 0x00, 0xC9, 0x00, 0xCA, 0x00, 0xCB, 0x00, 0xCC,
    0x02, 0xDF, 0x00, 0xCD, 0x00, 0xCE, 0x03, 0x1C, 0x02, 0xE5, 0x00, 0xD2, 0x02, 0xE6, 0x00, 0xD3,
    0x02, 0xE7, 0x02, 0xE8, 0x02, 0xE9, 0x02, 0xEA, 0x00, 0xD4, 0x00, 0xD5, 0x00, 0xD6, 0x02, 0xEC,
    0x03, 0x1D, 0x02, 0xED, 0x00, 0xD7, 0x02, 0xEE, 0x00, 0xD8, 0x02, 0xEF, 0x02, 0xF0, 0x00, 0xD9,
    0x02, 0xF1, 0x00, 0xDA, 0x00, 0xDB, 0x00, 0xDC, 0x02, 0xF2, 0x02, 0xEB, 0x00, 0xDD, 0x02, 0xF3,
    0x02, 0xF4, 0x02, 0xF5, 0x02, 0xF6, 0x02, 0xF7, 0x02, 0xF8, 0x02, 0xF9, 0x00, 0xDE, 0x00, 0xDF,
    0x02, 0xFA, 0x02, 0xFB, 0x00, 0xEA, 0x00, 0xEB, 0x00, 0xEC, 0x00, 0xED, 0x02, 0xFC, 0x00, 0xEE,
    0x00, 0xEF, 0x00, 0xF0, 0x02, 0xFD, 0x00, 0xF1, 0x00, 0xF2, 0x00, 0xF3, 0x00, 0xF4, 0x02, 0xFE,
    0x00, 0xF5, 0x02, 0xFF, 0x03, 0x00, 0x00, 0xF6, 0x03, 0x01, 0x00, 0xF7, 0x03, 0x02, 0x03, 0x1E,
    0x03, 0x03, 0x01, 0x02, 0x03, 0x04, 0x01, 0x03, 0x03, 0x05, 0x03, 0x06, 0x03, 0x07, 0x03, 0x08,
    0x01, 0x04, 0x01, 0x05, 0x01, 0x06, 0x03, 0x09, 0x03, 0x1F, 0x03, 0x0A, 0x01, 0x07, 0x01, 0x08,
    0x01, 0x09, 0x03, 0xB9, 0x03, 0x20, 0x03, 0x21, 0x01, 0x17, 0x01, 0x18, 0x01, 0x19, 0x01, 0x1A,
    0x03, 0x22, 0x03, 0x23, 0x03, 0x25, 0x03, 0x24, 0x03, 0xB8, 0x01, 0x2C, 0x01, 0x2D, 0x01, 0x2E,
    0x01, 0x2F, 0x01, 0x30, 0x03, 0xBA, 0x03, 0xBB, 0x01, 0x31, 0x01, 0x32, 0x01, 0x33, 0x01, 0x34,
    0x03, 0x26, 0x03, 0x27, 0x01, 0x35, 0x01, 0x36, 0x01, 0x37, 0x01, 0x38, 0x03, 0xBC, 0x03, 0xBD,
    0x03, 0x28, 0x03, 0x29, 0x03, 0xAF, 0x03, 0xB0, 0x03, 0x2A, 0x03, 0x2B, 0x03, 0xBE, 0x03, 0xBF,
    0x03, 0xB7, 0x01, 0x4C, 0x01, 0x4D, 0x03, 0xB5, 0x03, 0xB6, 0x03, 0x2C, 0x03, 0x2D, 0x03, 0x2E,
    0x03, 0xB1, 0x03, 0xB2, 0x01, 0x56, 0x01, 0x57, 0x01, 0x58, 0x03, 0x39, 0x03, 0x38, 0x03, 0x3A,
    0x03, 0x3B, 0x03, 0x3C, 0x03, 0x3D, 0x03, 0x3E, 0x01, 0x59, 0x01, 0x5A, 0x03, 0xB3, 0x03, 0xB4,
    0x03, 0x53, 0x03, 0x54, 0x01, 0x5B, 0x01, 0x5C, 0x01, 0x5D, 0x01, 0x5E, 0x03, 0xC0, 0x03, 0xC1,
    0x01, 0x5F, 0x03, 0x55, 0x03, 0xC2, 0x01, 0x6F, 0x01, 0x70, 0x01, 0x82, 0x01, 0x83, 0x03, 0xC4,
    0x03, 0xC3, 0x01, 0xB2, 0x03, 0xAE, 0x01, 0xB8, 0x01, 0xD2, 0x04, 0x0B, 0x00, 0x00, 0x00, 0x32,
    0x00, 0x32, 0x00, 0x32, 0x00, 0x32, 0x00, 0x32, 0x00, 0x5A, 0x00, 0x79, 0x00, 0xAD, 0x01, 0x23,
    0x01, 0xA4, 0x02, 0x19, 0x02, 0x2E, 0x02, 0x5E, 0x02, 0x8E, 0x02, 0xBB, 0x02, 0xD8, 0x02, 0xF2,
    0x03, 0x03, 0x03, 0x1E, 0x03, 0x32, 0x03, 0x80, 0x03, 0x99, 0x03, 0xD8, 0x04, 0x40, 0x04, 0x6C,
    0x04, 0xB9, 0x05, 0x13, 0x05, 0x30, 0x05, 0xA1, 0x05, 0xFB, 0x06, 0x07, 0x06, 0x13, 0x06, 0x39,
    0x06, 0x54, 0x06, 0x79, 0x06, 0xCB, 0x07, 0x75, 0x07, 0xAD, 0x08, 0x0D, 0x08, 0x54, 0x08, 0x94,
    0x08, 0xC5, 0x08, 0xEF, 0x09, 0x3E, 0x09, 0x67, 0x09, 0x7B, 0x09, 0xA7, 0x09, 0xDB, 0x09, 0xFA,
    0x0A, 0x2E, 0x0A, 0x53, 0x0A, 0x9F, 0x0A, 0xD3, 0x0B, 0x2C, 0x0B, 0x71, 0x0B, 0xD1, 0x0B, 0xF0,
    0x0C, 0x1F, 0x0C, 0x47, 0x0C, 0x87, 0x0C, 0xB6, 0x0C, 0xDB, 0x0D, 0x08, 0x0D, 0x21, 0x0D, 0x35,
    0x0D, 0x4E, 0x0D, 0x73, 0x0D, 0x83, 0x0D, 0x97, 0x0E, 0x00, 0x0E, 0x54, 0x0E, 0x9B, 0x0E, 0xEF,
    0x0F, 0x3C, 0x0F, 0x6C, 0x0F, 0xD5, 0x10, 0x0D, 0x10, 0x33, 0x10, 0x6C, 0x10, 0x9F, 0x10, 0xB3,
    0x11, 0x11, 0x11, 0x4C, 0x11, 0x92, 0x11, 0xE7, 0x12, 0x3B, 0x12, 0x71, 0x12, 0xC9, 0x12, 0xF9,
    0x13, 0x32, 0x13, 0x58, 0x13, 0x9D, 0x13, 0xCA, 0x14, 0x05, 0x14, 0x31, 0x14, 0x77, 0x14, 0x89,
    0x14, 0xD0, 0x15, 0x0F, 0x15, 0x33, 0x15, 0x8D, 0x15, 0xD8, 0x16, 0x39, 0x16, 0x81, 0x16, 0x9D,
    0x17, 0x30, 0x17, 0x5D, 0x17, 0xD5, 0x18, 0x2B, 0x18, 0x37, 0x18, 0x54, 0x18, 0xED, 0x18, 0xFE,
    0x19, 0x31, 0x19, 0x56, 0x19, 0x8D, 0x19, 0xEB, 0x19, 0xFF, 0x1A, 0x41, 0x1A, 0x60, 0x1A, 0x7A,
    0x1A, 0xA4, 0x1A, 0xBB, 0x1A, 0xF9, 0x1B, 0x05, 0x1B, 0x16, 0x1B, 0x27, 0x1B, 0x38, 0x1B, 0x89,
    0x1B, 0xD7, 0x1B, 0xF5, 0x1C, 0x4E, 0x1C, 0x88, 0x1C, 0xE6, 0x1D, 0x85, 0x1D, 0xE6, 0x1E, 0x1D,
    0x1E, 0x72, 0x1E, 0xC7, 0x1F, 0x24, 0x1F, 0x56, 0x1F, 0x6A, 0x1F, 0x9D, 0x1F, 0xC7, 0x1F, 0xE6,
    0x20, 0x24, 0x20, 0x72, 0x20, 0xDE, 0x21, 0x67, 0x21, 0x8D, 0x21, 0xDA, 0x22, 0x29, 0x22, 0x8A,
    0x22, 0xE2, 0x23, 0x22, 0x23, 0x6E, 0x23, 0x95, 0x23, 0xDF, 0x23, 0xFF, 0x24, 0x1E, 0x24, 0x26,
    0x24, 0x48, 0x24, 0x63, 0x24, 0x93, 0x24, 0xBE, 0x24, 0xFA, 0x25, 0x18, 0x25, 0x44, 0x25, 0x58,
    0x25, 0x6D, 0x25, 0x76, 0x25, 0xA1, 0x25, 0xBF, 0x25, 0xD9, 0x25, 0xED, 0x26, 0x29, 0x26, 0x31,
    0x26, 0x49, 0x26, 0x79, 0x26, 0xD2, 0x26, 0xFA, 0x27, 0x21, 0x27, 0x3F, 0x27, 0x73, 0x27, 0xC7,
    0x28, 0x05, 0x28, 0x64, 0x28, 0xCF, 0x29, 0x32, 0x29, 0x60, 0x29, 0xCA, 0x2A, 0x31, 0x2A, 0x83,
    0x2A, 0xBE, 0x2B, 0x19, 0x2B, 0x3F, 0x2B, 0x91, 0x2C, 0x01, 0x2C, 0x3B, 0x2C, 0x89, 0x2C, 0xD4,
    0x2D, 0x27, 0x2D, 0x58, 0x2D, 0x91, 0x2D, 0xE4, 0x2E, 0x28, 0x2E, 0x90, 0x2E, 0xEF, 0x2F, 0x46,
    0x2F, 0xB8, 0x30, 0x02, 0x30, 0x55, 0x30, 0xB1, 0x30, 0xFA, 0x31, 0x3B, 0x31, 0x61, 0x31, 0xA4,
    0x31, 0xF8, 0x32, 0x45, 0x32, 0xAD, 0x32, 0xD2, 0x33, 0x0B, 0x33, 0x49, 0x33, 0x9C, 0x33, 0xC6,
    0x33, 0xFE, 0x34, 0x24, 0x34, 0x57, 0x34, 0x94, 0x34, 0xD3, 0x35, 0x08, 0x35, 0x5B, 0x35, 0xBE,
    0x35, 0xFE, 0x36, 0x6D, 0x36, 0xD2, 0x36, 0xEA, 0x37, 0x31, 0x37, 0x81, 0x37, 0xE6, 0x38, 0x0B,
    0x38, 0x3E, 0x38, 0x77, 0x38, 0xA7, 0x38, 0xD0, 0x38, 0xF7, 0x39, 0x13, 0x39, 0xA6, 0x39, 0xD0,
    0x3A, 0x05, 0x3A, 0x2B, 0x3A, 0x5E, 0x3A, 0x9C, 0x3A, 0xDB, 0x3B, 0x10, 0x3B, 0x5E, 0x3B, 0xBD,
    0x3B, 0xFE, 0x3C, 0x5A, 0x3C, 0xA9, 0x3D, 0x04, 0x3D, 0x4E, 0x3D, 0x8E, 0x3D, 0xB5, 0x3E, 0x0B,
    0x3E, 0x62, 0x3E, 0xA1, 0x3E, 0xFD, 0x3F, 0x59, 0x3F, 0x95, 0x3F, 0xCD, 0x40, 0x20, 0x40, 0x6E,
    0x40, 0xD3, 0x41, 0x35, 0x41, 0xAD, 0x42, 0x26, 0x42, 0xA4, 0x43, 0x20, 0x43, 0x87, 0x43, 0xD9,
    0x44, 0x0F, 0x44, 0x47, 0x44, 0xAC, 0x45, 0x0B, 0x45, 0xAF, 0x46, 0x50, 0x46, 0xB9, 0x47, 0x23,
    0x47, 0x68, 0x47, 0xAA, 0x47, 0xDA, 0x47, 0xF8, 0x48, 0x23, 0x48, 0x38, 0x48, 0x4E, 0x48, 0xE6,
    0x49, 0x37, 0x49, 0x53, 0x49, 0x6F, 0x49, 0xAB, 0x49, 0xEE, 0x4A, 0x53, 0x4A, 0x76, 0x4A, 0x99,
    0x4A, 0xD5, 0x4B, 0x10, 0x4B, 0x23, 0x4B, 0x36, 0x4B, 0x42, 0x4B, 0x55, 0x4B, 0x96, 0x4B, 0xD6,
    0x4C, 0x11, 0x4C, 0x4C, 0x4C, 0x5F, 0x4C, 0x72, 0x4C, 0xA4, 0x4C, 0xD6, 0x4D, 0x16, 0x4D, 0x61,
    0x4D, 0xCC, 0x4E, 0x34, 0x4E, 0x47, 0x4E, 0x5A, 0x4E, 0x8E, 0x4E, 0xC2, 0x4E, 0xD5, 0x4E, 0xE8,
    0x4F, 0x2E, 0x4F, 0x71, 0x4F, 0xA9, 0x50, 0x0A, 0x50, 0x68, 0x50, 0xB2, 0x50, 0xFB, 0x51, 0x0E,
    0x51, 0x21, 0x51, 0x59, 0x51, 0x93, 0x51, 0xA6, 0x51, 0xB9, 0x51, 0xCC, 0x51, 0xDF, 0x52, 0x2D,
    0x52, 0x79, 0x52, 0xC5, 0x52, 0xD4, 0x52, 0xE4, 0x52, 0xF0, 0x52, 0xFC, 0x53, 0x2E, 0x53, 0x84,
    0x53, 0xFA, 0x54, 0x6F, 0x54, 0xE4, 0x55, 0x52, 0x55, 0xBD, 0x56, 0x1B, 0x56, 0x7B, 0x56, 0xC9,
    0x57, 0x1A, 0x57, 0x66, 0x57, 0xB1, 0x57, 0xF3, 0x58, 0x35, 0x58, 0x9E, 0x58, 0xAA, 0x58, 0xB6,
    0x59, 0x1A, 0x59, 0x42, 0x59, 0x42, 0x59, 0x42, 0x59, 0x42, 0x59, 0x42, 0x59, 0x42, 0x59, 0x42,
    0x59, 0x42, 0x59, 0x42, 0x59, 0x42, 0x59, 0x42, 0x59, 0x42, 0x59, 0x42, 0x59, 0x42, 0x59, 0x4A,
    0x59, 0x52, 0x59, 0x63, 0x59, 0x74, 0x59, 0x8F, 0x59, 0xA9, 0x59, 0xC4, 0x59, 0xDF, 0x59, 0xF9,
    0x5A, 0x05, 0x5A, 0x11, 0x5A, 0x3E, 0x5A, 0x5E, 0x5A, 0x89, 0x5A, 0xA5, 0x5A, 0xB1, 0x5A, 0xC1,
    0x5A, 0xDB, 0x5B, 0x8F, 0x5B, 0xB2, 0x5B, 0xD2, 0x5B, 0xE9, 0x5B, 0xF2, 0x5B, 0xFB, 0x5C, 0x04,
    0x5C, 0x0D, 0x5C, 0x16, 0x5C, 0x1F, 0x5C, 0x28, 0x5C, 0x47, 0x5C, 0x58, 0x5C, 0x72, 0x5C, 0x9C,
    0x5C, 0xC7, 0x5C, 0xFC, 0x5D, 0x05, 0x5D, 0x0E, 0x5D, 0x17, 0x5D, 0x20, 0x5D, 0x29, 0x5D, 0x32,
    0x5D, 0x3B, 0x5D, 0x44, 0x5D, 0x4D, 0x5D, 0x56, 0x5D, 0x5F, 0x5D, 0x68, 0x5D, 0x71, 0x5D, 0x98,
    0x5D, 0xBF, 0x5E, 0x11, 0x5E, 0x49, 0x5E, 0xA1, 0x5E, 0xAD, 0x5F, 0x02, 0x5F, 0x4A, 0x5F, 0x9C,
    0x5F, 0xE6, 0x60, 0x37, 0x60, 0x77, 0x60, 0xB5, 0x60, 0xF0, 0x61, 0x6E, 0x61, 0xBA, 0x62, 0x1C,
    0x62, 0x55, 0x62, 0x9D, 0x62, 0xB3, 0x62, 0xC4, 0x62, 0xDA, 0x62, 0xF0, 0x63, 0x55, 0x63, 0x70,
    0x63, 0xA3, 0x63, 0xB4, 0x63, 0xDF, 0x64, 0x6E, 0x64, 0xA8, 0x65, 0x05, 0x65, 0x32, 0x65, 0x64,
    0x65, 0x96, 0x65, 0xC8, 0x65, 0xD5, 0x65, 0xF1, 0x66, 0x0B, 0x66, 0x43, 0x66, 0x80, 0x66, 0xDD,
    0x67, 0x41, 0x67, 0x41, 0x68, 0x37, 0x68, 0x7D, 0x68, 0xB2, 0x68, 0xD6, 0x69, 0x13, 0x69, 0x67,
    0x69, 0x8F, 0x69, 0xCC, 0x6A, 0x17, 0x6A, 0x30, 0x6A, 0x96, 0x6A, 0xE2, 0x6A, 0xF3, 0x6B, 0x2E,
    0x6B, 0x62, 0x6B, 0x7E, 0x6B, 0xA9, 0x6B, 0xE5, 0x6C, 0x09, 0x6C, 0x2F, 0x6C, 0x6C, 0x6C, 0xB1,
    0x6C, 0xDC, 0x6D, 0x29, 0x6D, 0x32, 0x6D, 0x3B, 0x6D, 0x44, 0x6D, 0x4D, 0x6D, 0x56, 0x6D, 0x5F,
    0x6D, 0x68, 0x6D, 0xB8, 0x6D, 0xCA, 0x6D, 0xEE, 0x6D, 0xF6, 0x6D, 0xFE, 0x6E, 0x06, 0x6E, 0x0E,
    0x6E, 0x16, 0x6E, 0x28, 0x6E, 0x30, 0x6E, 0x4D, 0x6E, 0x9C, 0x6E, 0xA4, 0x6E, 0xA4, 0x6E, 0xAC,
    0x6E, 0xF7, 0x6F, 0x42, 0x6F, 0x82, 0x6F, 0xA8, 0x6F, 0xE4, 0x6F, 0xF7, 0x70, 0x0A, 0x70, 0x1D,
    0x70, 0x30, 0x70, 0x44, 0x70, 0x58, 0x70, 0x6E, 0x70, 0x81, 0x70, 0x94, 0x70, 0xA7, 0x70, 0xBA,
    0x70, 0xCE, 0x70, 0xE1, 0x70, 0xF4, 0x71, 0x07, 0x71, 0x1B, 0x71, 0x2E, 0x71, 0x41, 0x71, 0x54,
    0x71, 0x67, 0x71, 0x7A, 0x71, 0x8E, 0x71, 0xA1, 0x71, 0xB4, 0x71, 0xC7, 0x71, 0xDB, 0x71, 0xEE,
    0x72, 0x01, 0x72, 0x14, 0x72, 0x26, 0x72, 0x38, 0x72, 0x4C, 0x72, 0x60, 0x72, 0x76, 0x72, 0x89,
    0x72, 0x9C, 0x72, 0xAF, 0x72, 0xC1, 0x72, 0xD5, 0x72, 0xE8, 0x72, 0xFA, 0x73, 0x0D, 0x73, 0x21,
    0x73, 0x33, 0x73, 0x46, 0x73, 0x59, 0x73, 0x6B, 0x73, 0x7D, 0x73, 0x91, 0x73, 0xA4, 0x73, 0xB7,
    0x73, 0xC9, 0x73, 0xDD, 0x73, 0xF0, 0x74, 0x03, 0x74, 0x16, 0x74, 0x28, 0x74, 0x3B, 0x74, 0x4E,
    0x74, 0xA5, 0x75, 0x2E, 0x75, 0x41, 0x75, 0x54, 0x75, 0x67, 0x75, 0x79, 0x75, 0x8C, 0x75, 0x9F,
    0x75, 0xB2, 0x75, 0xC4, 0x75, 0xD7, 0x75, 0xEA, 0x75, 0xFD, 0x76, 0x0F, 0x76, 0x22, 0x76, 0x35,
    0x76, 0x48, 0x76, 0x5B, 0x76, 0xB0, 0x77, 0x1E, 0x77, 0x31, 0x77, 0x43, 0x77, 0x56, 0x77, 0x68,
    0x77, 0x7B, 0x77, 0x8D, 0x77, 0xA0, 0x77, 0xB3, 0x77, 0xC7, 0x77, 0xDA, 0x77, 0xED, 0x78, 0x00,
    0x78, 0x13, 0x78, 0x26, 0x78, 0x39, 0x78, 0x4C, 0x78, 0x5F, 0x78, 0x72, 0x78, 0x84, 0x78, 0x96,
    0x78, 0xA9, 0x78, 0xB5, 0x78, 0xC1, 0x78, 0xD4, 0x78, 0xE7, 0x78, 0xFB, 0x79, 0x0F, 0x79, 0x22,
    0x79, 0x35, 0x79, 0x49, 0x79, 0x5D, 0x79, 0x70, 0x79, 0x83, 0x79, 0x8F, 0x79, 0x9B, 0x79, 0xAE,
    0x79, 0xC1, 0x79, 0xD5, 0x79, 0xE9, 0x79, 0xFC, 0x7A, 0x0E, 0x7A, 0x21, 0x7A, 0x34, 0x7A, 0x46,
    0x7A, 0x59, 0x7A, 0x6C, 0x7A, 0x80, 0x7A, 0x94, 0x7A, 0xA7, 0x7A, 0xBA, 0x7A, 0xCE, 0x7A, 0xE2,
    0x7A, 0xF5, 0x7B, 0x07, 0x7B, 0x1A, 0x7B, 0x2D, 0x7B, 0x40, 0x7B, 0x52, 0x7B, 0x65, 0x7B, 0x78,
    0x7B, 0x8C, 0x7B, 0xA0, 0x7B, 0xB3, 0x7B, 0xC5, 0x7B, 0xD9, 0x7B, 0xED, 0x7C, 0x00, 0x7C, 0x13,
    0x7C, 0x26, 0x7C, 0x3A, 0x7C, 0x4D, 0x7C, 0x5F, 0x7C, 0x72, 0x7C, 0x84, 0x7C, 0x97, 0x7C, 0xAA,
    0x7C, 0xBE, 0x7C, 0xD2, 0x7C, 0xE6, 0x7C, 0xFA, 0x7D, 0x4B, 0x7D, 0xA8, 0x7D, 0xBB, 0x7D, 0xCE,
    0x7D, 0xE1, 0x7D, 0xF3, 0x7E, 0x07, 0x7E, 0x1A, 0x7E, 0x2D, 0x7E, 0x40, 0x7E, 0x53, 0x7E, 0x66,
    0x7E, 0x78, 0x7E, 0x8B, 0x7E, 0x9E, 0x7E, 0xB1, 0x7E, 0xC4, 0x7E, 0xD8, 0x7E, 0xEC, 0x7E, 0xF8,
    0x7F, 0x0C, 0x7F, 0x20, 0x7F, 0x33, 0x7F, 0x47, 0x7F, 0x5C, 0x7F, 0x64, 0x7F, 0x6C, 0x7F, 0x74,
    0x7F, 0x7C, 0x7F, 0x84, 0x7F, 0x8C, 0x7F, 0x94, 0x7F, 0x9C, 0x7F, 0xA4, 0x7F, 0xAC, 0x7F, 0xB4,
    0x7F, 0xBC, 0x7F, 0xC4, 0x7F, 0xCC, 0x7F, 0xE0, 0x7F, 0xF4, 0x80, 0x07, 0x80, 0x1A, 0x80, 0x2D,
    0x80, 0x3F, 0x80, 0x53, 0x80, 0x5B, 0x80, 0x63, 0x80, 0x6B, 0x80, 0x73, 0x80, 0x7B, 0x80, 0x8F,
    0x80, 0xA2, 0x80, 0xB5, 0x80, 0xC8, 0x80, 0xDB, 0x80, 0xEF, 0x81, 0x02, 0x81, 0x60, 0x81, 0x68,
    0x81, 0x7C, 0x81, 0x84, 0x81, 0x8C, 0x81, 0x9F, 0x81, 0xB2, 0x81, 0xBA, 0x81, 0xC2, 0x81, 0xCA,
    0x81, 0xD2, 0x81, 0xE5, 0x81, 0xED, 0x81, 0xF5, 0x81, 0xFD, 0x82, 0x05, 0x82, 0x0D, 0x82, 0x15,
    0x82, 0x1D, 0x82, 0x25, 0x82, 0x2D, 0x82, 0x35, 0x82, 0x48, 0x82, 0x50, 0x82, 0x58, 0x82, 0x9C,
    0x82, 0xA4, 0x82, 0xAC, 0x82, 0xC0, 0x82, 0xD3, 0x82, 0xDB, 0x82, 0xE3, 0x82, 0xF7, 0x82, 0xFF,
    0x83, 0x12, 0x83, 0x24, 0x83, 0x37, 0x83, 0x4A, 0x83, 0x5D, 0x83, 0x70, 0x83, 0x84, 0x83, 0x98,
    0x83, 0xAB, 0x83, 0xBE, 0x83, 0xC6, 0x83, 0xCE, 0x83, 0xDA, 0x83, 0xED, 0x83, 0xF5, 0x84, 0x08,
    0x84, 0x1B, 0x84, 0x30, 0x84, 0x45, 0x84, 0x58, 0x84, 0x6B, 0x84, 0x7E, 0x84, 0x91, 0x84, 0x99,
    0x84, 0xA1, 0x84, 0xB5, 0x84, 0xC9, 0x84, 0xD5, 0x84, 0xE1, 0x84, 0xF4, 0x85, 0x07, 0x85, 0x1A,
    0x85, 0x2D, 0x85, 0x35, 0x85, 0x3D, 0x85, 0x45, 0x85, 0x58, 0x85, 0x6B, 0x85, 0x73, 0x85, 0x86,
    0x85, 0x99, 0x85, 0xAD, 0x85, 0xC1, 0x85, 0xC9, 0x85, 0xD1, 0x85, 0xE4, 0x85, 0xF7, 0x86, 0x0B,
    0x86, 0x13, 0x86, 0x27, 0x86, 0x3B, 0x86, 0x4F, 0x86, 0x63, 0x86, 0x76, 0x86, 0x89, 0x86, 0x9B,
    0x86, 0xAF, 0x86, 0xC3, 0x86, 0xD7, 0x86, 0xEB, 0x86, 0xF3, 0x86, 0xFB, 0x87, 0x0F, 0x87, 0x23,
    0x87, 0x37, 0x87, 0x4A, 0x87, 0x5D, 0x87, 0x6F, 0x87, 0x83, 0x87, 0x96, 0x87, 0xAA, 0x87, 0xBE,
    0x87, 0xD2, 0x87, 0xE5, 0x87, 0xF9, 0x88, 0x0D, 0x88, 0x15, 0x88, 0x29, 0x88, 0x3D, 0x88, 0x50,
    0x88, 0x63, 0x88, 0x77, 0x88, 0x8A, 0x88, 0x9E, 0x88, 0xB1, 0x88, 0xC5, 0x88, 0xD8, 0x88, 0xEC,
    0x88, 0xFF, 0x89, 0x1C, 0x89, 0x38, 0x89, 0x4C, 0x89, 0x60, 0x89, 0x74, 0x89, 0x88, 0x89, 0x9C,
    0x89, 0xB0, 0x89, 0xC4, 0x89, 0xD8, 0x89, 0xF5, 0x8A, 0x12, 0x8A, 0x26, 0x8A, 0x3A, 0x8A, 0x4D,
    0x8A, 0x60, 0x8A, 0x73, 0x8A, 0x85, 0x8A, 0x99, 0x8A, 0xAC, 0x8A, 0xC0, 0x8A, 0xD3, 0x8A, 0xE7,
    0x8A, 0xFA, 0x8B, 0x0E, 0x8B, 0x21, 0x8B, 0x3E, 0x8B, 0x5A, 0x8B, 0x6D, 0x8B, 0x80, 0x8B, 0x94,
    0x8B, 0xA8, 0x8B, 0xBC, 0x8B, 0xD0, 0x8B, 0xE3, 0x8B, 0xF6, 0x8C, 0x0A, 0x8C, 0x1D, 0x8C, 0x31,
    0x8C, 0x44, 0x8C, 0x58, 0x8C, 0x6B, 0x8C, 0x7F, 0x8C, 0x92, 0x8C, 0xAF, 0x8C, 0xCB, 0x8C, 0xDE,
    0x8C, 0xF1, 0x8D, 0x04, 0x8D, 0x17, 0x8D, 0x2A, 0x8D, 0x3D, 0x8D, 0x50, 0x8D, 0x62, 0x8D, 0x76,
    0x8D, 0x8A, 0x8D, 0x9E, 0x8D, 0xB2, 0x8D, 0xC5, 0x8D, 0xD8, 0x8D, 0xEB, 0x8D, 0xFE, 0x8E, 0x11,
    0x8E, 0x24, 0x8E, 0x37, 0x8E, 0x4A, 0x8E, 0x5D, 0x8E, 0x6F, 0x8E, 0x83, 0x8E, 0x97, 0x8E, 0xAB,
    0x8E, 0xBF, 0x8E, 0xD2, 0x8E, 0xE5, 0x8E, 0xF8, 0x8F, 0x0A, 0x8F, 0x27, 0x8F, 0x3A, 0x8F, 0x4D,
    0x8F, 0x60, 0x8F, 0x73, 0x8F, 0x86, 0x8F, 0x99, 0x8F, 0xAC, 0x8F, 0xBF, 0x8F, 0xC7, 0x90, 0x04,
    0x90, 0x40, 0x90, 0x63, 0x90, 0x86, 0x90, 0xC6, 0x91, 0x08, 0x91, 0x37, 0x91, 0x6B, 0x91, 0xA3,
    0x91, 0xD9, 0x91, 0xE1, 0x91, 0xF5, 0x91, 0xFD, 0x92, 0x05, 0x92, 0x0D, 0x92, 0x15, 0x92, 0x1D,
    0x92, 0x25, 0x92, 0x2D, 0x92, 0x35, 0x92, 0x3D, 0x92, 0x50, 0x92, 0x63, 0x92, 0x76, 0x92, 0x89,
    0x92, 0x9D, 0x92, 0xB1, 0x92, 0xC5, 0x92, 0xD9, 0x92, 0xED, 0x93, 0x01, 0x93, 0x15, 0x93, 0x29,
    0x93, 0x3D, 0x93, 0x51, 0x93, 0x65, 0x93, 0x79, 0x93, 0x85, 0x93, 0x99, 0x93, 0xAD, 0x93, 0xC1,
    0x93, 0xD5, 0x93, 0xE9, 0x93, 0xFD, 0x94, 0x11, 0x94, 0x25, 0x94, 0x38, 0x94, 0x4B, 0x94, 0x5F,
    0x94, 0x73, 0x94, 0x87, 0x94, 0x9B, 0x94, 0xAF, 0x94, 0xC3, 0x94, 0xD7, 0x94, 0xEB, 0x94, 0xFF,
    0x95, 0x12, 0x95, 0x25, 0x95, 0x39, 0x95, 0x4D, 0x95, 0x61, 0x95, 0x75, 0x95, 0x89, 0x95, 0x9D,
    0x95, 0xB1, 0x95, 0xC4, 0x95, 0xD6, 0x95, 0xEA, 0x95, 0xFE, 0x96, 0x12, 0x96, 0x26, 0x96, 0x3A,
    0x96, 0x4E, 0x96, 0x62, 0x96, 0x75, 0x96, 0x88, 0x96, 0x9B, 0x96, 0xAE, 0x96, 0xC2, 0x96, 0xE2,
    0x96, 0xF3, 0x97, 0x4E, 0x97, 0x88, 0x00, 0x00, 0x00, 0x01, 0x00, 0x00, 0x00, 0x0A, 0x00, 0xF6,
    0x01, 0x9C, 0x00, 0x04, 0x44, 0x46, 0x4C, 0x54, 0x00, 0xD4, 0x63, 0x79, 0x72, 0x6C, 0x00, 0xD4,
    0x67, 0x72, 0x65, 0x6B, 0x00, 0xD4, 0x6C, 0x61, 0x74, 0x6E, 0x00, 0x1A, 0x00, 0xA4, 0x00, 0x07,
    0x41, 0x5A, 0x45, 0x20, 0x00, 0x8E, 0x43, 0x52, 0x54, 0x20, 0x00, 0x8E, 0x46, 0x52, 0x41, 0x20,
    0x00, 0x76, 0x4D, 0x4F, 0x4C, 0x20, 0x00, 0x5E, 0x4E, 0x41, 0x56, 0x20, 0x00, 0x46, 0x52, 0x4F,
    0x4D, 0x20, 0x00, 0x2E, 0x54, 0x52, 0x4B, 0x20, 0x00, 0x8E, 0x00, 0x00, 0xFF, 0xFF, 0x00, 0x09,
    0x00, 0x00, 0x00, 0x01, 0x00, 0x02, 0x00, 0x04, 0x00, 0x05, 0x00, 0x09, 0x00, 0x0A, 0x00, 0x0B,
    0x00, 0x0C, 0x00, 0x00, 0xFF, 0xFF, 0x00, 0x09, 0x00, 0x00, 0x00, 0x01, 0x00, 0x02, 0x00, 0x04,
    0x00, 0x05, 0x00, 0x08, 0x00, 0x0A, 0x00, 0x0B, 0x00, 0x0C, 0x00, 0x00, 0xFF, 0xFF, 0x00, 0x09,
    0x00, 0x00, 0x00, 0x01, 0x00, 0x02, 0x00, 0x04, 0x00, 0x05, 0x00, 0x07, 0x00, 0x0A, 0x00, 0x0B,
    0x00, 0x0C, 0x00, 0x00, 0xFF, 0xFF, 0x00, 0x09, 0x00, 0x00, 0x00, 0x01, 0x00, 0x02, 0x00, 0x04,
    0x00, 0x05, 0x00, 0x06, 0x00, 0x0A, 0x00, 0x0B, 0x00, 0x0C, 0x00, 0x00, 0xFF, 0xFF, 0x00, 0x08,
    0x00, 0x00, 0x00, 0x01, 0x00, 0x02, 0x00, 0x03, 0x00, 0x05, 0x00, 0x0A, 0x00, 0x0B, 0x00, 0x0C,
    0x00, 0x00, 0xFF, 0xFF, 0x00, 0x08, 0x00, 0x00, 0x00, 0x01, 0x00, 0x02, 0x00, 0x04, 0x00, 0x05,
    0x00, 0x0A, 0x00, 0x0B, 0x00, 0x0C, 0x00, 0x04, 0x00, 0x00, 0x00, 0x00, 0xFF, 0xFF, 0x00, 0x07,
    0x00, 0x00, 0x00, 0x01, 0x00, 0x02, 0x00, 0x05, 0x00, 0x0A, 0x00, 0x0B, 0x00, 0x0C, 0x00, 0x0D,
    0x63, 0x63, 0x6D, 0x70, 0x00, 0x9E, 0x64, 0x6E, 0x6F, 0x6D, 0x00, 0x98, 0x66, 0x72, 0x61, 0x63,
    0x00, 0x8E, 0x6C, 0x69, 0x67, 0x61, 0x00, 0x88, 0x6C, 0x69, 0x67, 0x61, 0x00, 0x80, 0x6C, 0x6E,
    0x75, 0x6D, 0x00, 0x7A, 0x6C, 0x6F, 0x63, 0x6C, 0x00, 0x74, 0x6C, 0x6F, 0x63, 0x6C, 0x00, 0x6E,
    0x6C, 0x6F, 0x63, 0x6C, 0x00, 0x68, 0x6C, 0x6F, 0x63, 0x6C, 0x00, 0x62, 0x6E, 0x75, 0x6D, 0x72,
    0x00, 0x5C, 0x70, 0x6E, 0x75, 0x6D, 0x00, 0x56, 0x74, 0x6E, 0x75, 0x6D, 0x00, 0x50, 0x00, 0x00,
    0x00, 0x01, 0x00, 0x0A, 0x00, 0x00, 0x00, 0x01, 0x00, 0x09, 0x00, 0x00, 0x00, 0x01, 0x00, 0x11,
    0x00, 0x00, 0x00, 0x01, 0x00, 0x04, 0x00, 0x00, 0x00, 0x01, 0x00, 0x05, 0x00, 0x00, 0x00, 0x01,
    0x00, 0x03, 0x00, 0x00, 0x00, 0x01, 0x00, 0x06, 0x00, 0x00, 0x00, 0x01, 0x00, 0x0B, 0x00, 0x00,
    0x00, 0x02, 0x00, 0x07, 0x00, 0x08, 0x00, 0x00, 0x00, 0x01, 0x00, 0x08, 0x00, 0x00, 0x00, 0x03,
    0x00, 0x0C, 0x00, 0x0D, 0x00, 0x0F, 0x00, 0x00, 0x00, 0x01, 0x00, 0x10, 0x00, 0x00, 0x00, 0x02,
    0x00, 0x00, 0x00, 0x02, 0x00, 0x12, 0x08, 0xA4, 0x08, 0x8A, 0x01, 0xE6, 0x01, 0xD0, 0x01, 0xD0,
    0x01, 0xAE, 0x01, 0x9A, 0x01, 0x70, 0x01, 0x4C, 0x01, 0x16, 0x00, 0xD4, 0x00, 0xB2, 0x00, 0x9E,
    0x00, 0x6A, 0x00, 0x48, 0x00, 0x26, 0x00, 0x48, 0x00, 0x26, 0x00, 0x01, 0x00, 0x00, 0x00, 0x01,
    0x00, 0x08, 0x00, 0x02, 0x00, 0x56, 0x00, 0x0A, 0x01, 0xF3, 0x00, 0x7A, 0x00, 0x73, 0x00, 0x74,
    0x01, 0xF4, 0x01, 0xF5, 0x01, 0xF6, 0x01, 0xF7, 0x01, 0xF8, 0x01, 0xF9, 0x00, 0x01, 0x00, 0x00,
    0x00, 0x01, 0x00, 0x08, 0x00, 0x02, 0x00, 0x34, 0x00, 0x0A, 0x01, 0xDF, 0x01, 0xDE, 0x01, 0xDD,
    0x01, 0xE0, 0x01, 0xE1, 0x01, 0xE2, 0x01, 0xE3, 0x01, 0xE4, 0x01, 0xE5, 0x01, 0xE6, 0x00, 0x06,
    0x00, 0x00, 0x00, 0x01, 0x00, 0x08, 0x00, 0x03, 0x00, 0x01, 0x00, 0x1C, 0x00, 0x01, 0x00, 0x12,
    0x00, 0x00, 0x00, 0x01, 0x00, 0x00, 0x00, 0x0E, 0x00, 0x02, 0x00, 0x01, 0x00, 0x14, 0x00, 0x1D,
    0x00, 0x00, 0x00, 0x02, 0x00, 0x02, 0x01, 0x95, 0x01, 0x95, 0x00, 0x00, 0x01, 0xDD, 0x01, 0xE6,
    0x00, 0x01, 0x00, 0x01, 0x00, 0x00, 0x00, 0x01, 0x00, 0x08, 0x00, 0x01, 0x00, 0x06, 0x01, 0x82,
    0x00, 0x01, 0x00, 0x01, 0x00, 0x13, 0x00, 0x01, 0x00, 0x00, 0x00, 0x01, 0x00, 0x08, 0x00, 0x02,
    0x00, 0x0E, 0x00, 0x04, 0x03, 0xC9, 0x03, 0xCA, 0x00, 0x1A, 0x00, 0x1C, 0x00, 0x01, 0x00, 0x04,
    0x00, 0x1A, 0x00, 0x1C, 0x01, 0xFD, 0x01, 0xFE, 0x00, 0x01, 0x00, 0x00, 0x00, 0x01, 0x00, 0x08,
    0x00, 0x02, 0x00, 0x1E, 0x00, 0x0C, 0x01, 0xFD, 0x01, 0xFE, 0x00, 0x1B, 0x00, 0x15, 0x00, 0x16,
    0x00, 0x17, 0x00, 0x18, 0x00, 0x19, 0x00, 0x1A, 0x00, 0x1C, 0x00, 0x1D, 0x00, 0x14, 0x00, 0x01,
    0x00, 0x0C, 0x00, 0x1A, 0x00, 0x1C, 0x02, 0x04, 0x02, 0x06, 0x03, 0xC5, 0x03, 0xC6, 0x03, 0xC7,
    0x03, 0xC8, 0x03, 0xC9, 0x03, 0xCA, 0x03, 0xCB, 0x03, 0xCC, 0x00, 0x01, 0x00, 0x00, 0x00, 0x01,
    0x00, 0x08, 0x00, 0x02, 0x00, 0x1E, 0x00, 0x0C, 0x03, 0xCC, 0x02, 0x06, 0x03, 0xC5, 0x03, 0xC6,
    0x03, 0xC7, 0x03, 0xC8, 0x03, 0xC9, 0x02, 0x04, 0x03, 0xCA, 0x03, 0xCB, 0x00, 0x1A, 0x00, 0x1C,
    0x00, 0x02, 0x00, 0x02, 0x00, 0x14, 0x00, 0x1D, 0x00, 0x00, 0x01, 0xFD, 0x01, 0xFE, 0x00, 0x0A,
    0x00, 0x04, 0x00, 0x00, 0x00, 0x01, 0x00, 0x08, 0x00, 0x01, 0x00, 0x40, 0x00, 0x01, 0x00, 0x08,
    0x00, 0x02, 0x00, 0x0C, 0x00, 0x06, 0x01, 0xD7, 0x00, 0x02, 0x00, 0x50, 0x01, 0xD9, 0x00, 0x03,
    0x00, 0x4A, 0x00, 0x50, 0x00, 0x04, 0x00, 0x00, 0x00, 0x01, 0x00, 0x08, 0x00, 0x01, 0x00, 0x1C,
    0x00, 0x01, 0x00, 0x08, 0x00, 0x02, 0x00, 0x0C, 0x00, 0x06, 0x01, 0xD6, 0x00, 0x02, 0x00, 0x4D,
    0x01, 0xD8, 0x00, 0x03, 0x00, 0x4A, 0x00, 0x4D, 0x00, 0x01, 0x00, 0x01, 0x00, 0x4A, 0x00, 0x01,
    0x00, 0x00, 0x00, 0x01, 0x00, 0x08, 0x00, 0x01, 0x00, 0x06, 0x00, 0x01, 0x00, 0x01, 0x00, 0x01,
    0x01, 0x7C, 0x00, 0x01, 0x00, 0x00, 0x00, 0x01, 0x00, 0x08, 0x00, 0x02, 0x00, 0x0E, 0x00, 0x04,
    0x04, 0x03, 0x04, 0x04, 0x04, 0x05, 0x04, 0x06, 0x00, 0x01, 0x00, 0x04, 0x02, 0x49, 0x02, 0x4A,
    0x02, 0x5B, 0x02, 0x5C, 0x00, 0x01, 0x00, 0x00, 0x00, 0x01, 0x00, 0x08, 0x00, 0x01, 0x00, 0x06,
    0x00, 0x02, 0x00, 0x01, 0x00, 0x02, 0x02, 0x97, 0x02, 0x98, 0x00, 0x04, 0x00, 0x00, 0x00, 0x01,
    0x00, 0x08, 0x00, 0x01, 0x06, 0x32, 0x00, 0x36, 0x06, 0x00, 0x05, 0xF6, 0x05, 0xEC, 0x05, 0xDA,
    0x05, 0xA8, 0x05, 0x96, 0x05, 0x8C, 0x05, 0x5A, 0x05, 0x40, 0x05, 0x26, 0x05, 0x14, 0x04, 0xEA,
    0x04, 0xAE, 0x04, 0xA4, 0x04, 0x82, 0x04, 0x68, 0x04, 0x56, 0x04, 0x1A, 0x04, 0x08, 0x03, 0xEE,
    0x03, 0xC4, 0x03, 0xB2, 0x03, 0x80, 0x03, 0x76, 0x03, 0x6C, 0x03, 0x5A, 0x03, 0x28, 0x03, 0x1E,
    0x03, 0x14, 0x03, 0x0A, 0x02, 0xF0, 0x02, 0xD6, 0x02, 0xC4, 0x02, 0x9A, 0x02, 0x68, 0x02, 0x5E,
    0x02, 0x3C, 0x02, 0x22, 0x02, 0x10, 0x01, 0xDE, 0x01, 0xCC, 0x01, 0xB2, 0x01, 0x88, 0x01, 0x76,
    0x01, 0x6C, 0x01, 0x62, 0x01, 0x58, 0x01, 0x4E, 0x01, 0x24, 0x00, 0xFA, 0x00, 0xD0, 0x00, 0xA6,
    0x00, 0x7C, 0x00, 0x72, 0x00, 0x01, 0x00, 0x04, 0x03, 0xDD, 0x00, 0x02, 0x00, 0xA9, 0x00, 0x05,
    0x00, 0x24, 0x00, 0x1E, 0x00, 0x18, 0x00, 0x12, 0x00, 0x0C, 0x03, 0xA7, 0x00, 0x02, 0x00, 0xAD,
    0x03, 0xA5, 0x00, 0x02, 0x00, 0xAA, 0x03, 0xA3, 0x00, 0x02, 0x00, 0xAB, 0x03, 0xA1, 0x00, 0x02,
    0x00, 0xA8, 0x03, 0x9F, 0x00, 0x02, 0x00, 0xA9, 0x00, 0x05, 0x00, 0x24, 0x00, 0x1E, 0x00, 0x18,
    0x00, 0x12, 0x00, 0x0C, 0x03, 0xA6, 0x00, 0x02, 0x00, 0xAD, 0x03, 0xA4, 0x00, 0x02, 0x00, 0xAA,
    0x03, 0xA2, 0x00, 0x02, 0x00, 0xAB, 0x03, 0xA0, 0x00, 0x02, 0x00, 0xA8, 0x03, 0x9E, 0x00, 0x02,
    0x00, 0xA9, 0x00, 0x05, 0x00, 0x24, 0x00, 0x1E, 0x00, 0x18, 0x00, 0x12, 0x00, 0x0C, 0x03, 0x99,
    0x00, 0x02, 0x00, 0xAD, 0x03, 0x97, 0x00, 0x02, 0x00, 0xAA, 0x03, 0x95, 0x00, 0x02, 0x00, 0xAB,
    0x03, 0x93, 0x00, 0x02, 0x00, 0xA8, 0x03, 0x91, 0x00, 0x02, 0x00, 0xA9, 0x00, 0x05, 0x00, 0x24,
    0x00, 0x1E, 0x00, 0x18, 0x00, 0x12, 0x00, 0x0C, 0x03, 0x98, 0x00, 0x02, 0x00, 0xAD, 0x03, 0x96,
    0x00, 0x02, 0x00, 0xAA, 0x03, 0x94, 0x00, 0x02, 0x00, 0xAB, 0x03, 0x92, 0x00, 0x02, 0x00, 0xA8,
    0x03, 0x90, 0x00, 0x02, 0x00, 0xA9, 0x00, 0x05, 0x00, 0x24, 0x00, 0x1E, 0x00, 0x18, 0x00, 0x12,
    0x00, 0x0C, 0x03, 0xD6, 0x00, 0x02, 0x00, 0xAC, 0x03, 0x7F, 0x00, 0x02, 0x00, 0xAB, 0x02, 0x6A,
    0x00, 0x02, 0x00, 0xAA, 0x02, 0x36, 0x00, 0x02, 0x00, 0xA9, 0x02, 0x35, 0x00, 0x02, 0x00, 0xA8,
    0x00, 0x01, 0x00, 0x04, 0x02, 0xBD, 0x00, 0x02, 0x00, 0xA9, 0x00, 0x01, 0x00, 0x04, 0x02, 0xBB,
    0x00, 0x02, 0x00, 0xA9, 0x00, 0x01, 0x00, 0x04, 0x02, 0xBC, 0x00, 0x02, 0x00, 0xA9, 0x00, 0x01,
    0x00, 0x04, 0x02, 0xBA, 0x00, 0x02, 0x00, 0xA9, 0x00, 0x02, 0x00, 0x0C, 0x00, 0x06, 0x04, 0x01,
    0x00, 0x02, 0x00, 0xAD, 0x02, 0xB5, 0x00, 0x02, 0x00, 0xA9, 0x00, 0x05, 0x00, 0x24, 0x00, 0x1E,
    0x00, 0x18, 0x00, 0x12, 0x00, 0x0C, 0x03, 0xAD, 0x00, 0x02, 0x00, 0xAA, 0x03, 0xAB, 0x00, 0x02,
    0x00, 0xAB, 0x03, 0xA9, 0x00, 0x02, 0x00, 0xAD, 0x03, 0x12, 0x00, 0x02, 0x00, 0xA8, 0x02, 0x43,
    0x00, 0x02, 0x00, 0xA9, 0x00, 0x03, 0x00, 0x14, 0x00, 0x0E, 0x00, 0x08, 0x03, 0xFF, 0x00, 0x02,
    0x00, 0xAD, 0x03, 0x0E, 0x00, 0x02, 0x00, 0xA9, 0x03, 0x0C, 0x00, 0x02, 0x00, 0xA8, 0x00, 0x02,
    0x00, 0x0C, 0x00, 0x06, 0x03, 0xFD, 0x00, 0x02, 0x00, 0xAD, 0x03, 0xFB, 0x00, 0x02, 0x00, 0xAA,
    0x00, 0x06, 0x00, 0x2C, 0x00, 0x26, 0x00, 0x20, 0x00, 0x1A, 0x00, 0x14, 0x00, 0x0E, 0x03, 0xDC,
    0x00, 0x02, 0x00, 0xAC, 0x03, 0x9D, 0x00, 0x02, 0x00, 0xAB, 0x03, 0x9B, 0x00, 0x02, 0x00, 0xAD,
    0x02, 0xA4, 0x00, 0x02, 0x00, 0xAA, 0x02, 0x40, 0x00, 0x02, 0x00, 0xA9, 0x02, 0x3F, 0x00, 0x02,
    0x00, 0xA8, 0x00, 0x02, 0x00, 0x0C, 0x00, 0x06, 0x03, 0xF8, 0x00, 0x02, 0x00, 0xAD, 0x02, 0x9E,
    0x00, 0x02, 0x01, 0xD5, 0x00, 0x03, 0x00, 0x14, 0x00, 0x0E, 0x00, 0x08, 0x03, 0xF6, 0x00, 0x02,
    0x00, 0xAD, 0x02, 0x9A, 0x00, 0x02, 0x01, 0xD5, 0x02, 0x94, 0x00, 0x02, 0x00, 0xA9, 0x00, 0x04,
    0x00, 0x1C, 0x00, 0x16, 0x00, 0x10, 0x00, 0x0A, 0x03, 0xF4, 0x00, 0x02, 0x00, 0xAD, 0x03, 0xDA,
    0x00, 0x02, 0x00, 0xAC, 0x02, 0x90, 0x00, 0x02, 0x01, 0xD5, 0x02, 0x8E, 0x00, 0x02, 0x00, 0xA9,
    0x00, 0x01, 0x00, 0x04, 0x03, 0xF2, 0x00, 0x02, 0x00, 0xA9, 0x00, 0x06, 0x00, 0x2C, 0x00, 0x26,
    0x00, 0x20, 0x00, 0x1A, 0x00, 0x14, 0x00, 0x0E, 0x03, 0xD8, 0x00, 0x02, 0x00, 0xAC, 0x03, 0x85,
    0x00, 0x02, 0x00, 0xAB, 0x03, 0x83, 0x00, 0x02, 0x00, 0xAD, 0x02, 0x3D, 0x00, 0x02, 0x00, 0xAA,
    0x02, 0x3B, 0x00, 0x02, 0x00, 0xA9, 0x02, 0x3A, 0x00, 0x02, 0x00, 0xA8, 0x00, 0x05, 0x00, 0x24,
    0x00, 0x1E, 0x00, 0x18, 0x00, 0x12, 0x00, 0x0C, 0x03, 0xEF, 0x00, 0x02, 0x00, 0xAD, 0x03, 0xD0,
    0x00, 0x02, 0x00, 0xA8, 0x02, 0x83, 0x00, 0x02, 0x01, 0xD5, 0x02, 0x81, 0x00, 0x02, 0x00, 0xA9,
    0x02, 0x39, 0x00, 0x02, 0x00, 0xAA, 0x00, 0x02, 0x00, 0x0C, 0x00, 0x06, 0x03, 0xED, 0x00, 0x02,
    0x00, 0xAD, 0x03, 0x19, 0x00, 0x02, 0x00, 0xA9, 0x00, 0x03, 0x00, 0x14, 0x00, 0x0E, 0x00, 0x08,
    0x03, 0xEB, 0x00, 0x02, 0x00, 0xAD, 0x02, 0x7B, 0x00, 0x02, 0x01, 0xD5, 0x02, 0x79, 0x00, 0x02,
    0x00, 0xA9, 0x00, 0x03, 0x00, 0x14, 0x00, 0x0E, 0x00, 0x08, 0x03, 0xE9, 0x00, 0x02, 0x00, 0xAD,
    0x03, 0xE7, 0x00, 0x02, 0x00, 0xA9, 0x02, 0x77, 0x00, 0x02, 0x01, 0xD5, 0x00, 0x01, 0x00, 0x04,
    0x03, 0x81, 0x00, 0x02, 0x00, 0xAD, 0x00, 0x01, 0x00, 0x04, 0x03, 0xE5, 0x00, 0x02, 0x00, 0xAD,
    0x00, 0x01, 0x00, 0x04, 0x03, 0xCE, 0x00, 0x02, 0x00, 0xA9, 0x00, 0x06, 0x00, 0x2C, 0x00, 0x26,
    0x00, 0x20, 0x00, 0x1A, 0x00, 0x14, 0x00, 0x0E, 0x03, 0xD4, 0x00, 0x02, 0x00, 0xAC, 0x03, 0x73,
    0x00, 0x02, 0x00, 0xAA, 0x03, 0x71, 0x00, 0x02, 0x00, 0xAB, 0x03, 0x6F, 0x00, 0x02, 0x00, 0xAD,
    0x02, 0x32, 0x00, 0x02, 0x00, 0xA9, 0x02, 0x31, 0x00, 0x02, 0x00, 0xA8, 0x00, 0x02, 0x00, 0x0C,
    0x00, 0x06, 0x03, 0xE3, 0x00, 0x02, 0x01, 0xD5, 0x03, 0xE1, 0x00, 0x02, 0x00, 0xAD, 0x00, 0x01,
    0x00, 0x04, 0x02, 0x4C, 0x00, 0x02, 0x00, 0xA9, 0x00, 0x01, 0x00, 0x04, 0x03, 0xDF, 0x00, 0x02,
    0x00, 0xAD, 0x00, 0x06, 0x00, 0x2C, 0x00, 0x26, 0x00, 0x20, 0x00, 0x1A, 0x00, 0x14, 0x00, 0x0E,
    0x03, 0xD2, 0x00, 0x02, 0x00, 0xAC, 0x03, 0x59, 0x00, 0x02, 0x00, 0xAB, 0x03, 0x57, 0x00, 0x02,
    0x00, 0xAD, 0x02, 0x2C, 0x00, 0x02, 0x00, 0xAA, 0x02, 0x2A, 0x00, 0x02, 0x00, 0xA9, 0x02, 0x29,
    0x00, 0x02, 0x00, 0xA8, 0x00, 0x02, 0x00, 0x0C, 0x00, 0x06, 0x04, 0x00, 0x00, 0x02, 0x00, 0xAD,
    0x02, 0xB4, 0x00, 0x02, 0x00, 0xA9, 0x00, 0x05, 0x00, 0x24, 0x00, 0x1E, 0x00, 0x18, 0x00, 0x12,
    0x00, 0x0C, 0x03, 0xAC, 0x00, 0x02, 0x00, 0xAA, 0x03, 0xAA, 0x00, 0x02, 0x00, 0xAB, 0x03, 0xA8,
    0x00, 0x02, 0x00, 0xAD, 0x03, 0x11, 0x00, 0x02, 0x00, 0xA8, 0x02, 0x28, 0x00, 0x02, 0x00, 0xA9,
    0x00, 0x03, 0x00, 0x14, 0x00, 0x0E, 0x00, 0x08, 0x03, 0xFE, 0x00, 0x02, 0x00, 0xAD, 0x03, 0x0D,
    0x00, 0x02, 0x00, 0xA9, 0x03, 0x0B, 0x00, 0x02, 0x00, 0xA8, 0x00, 0x02, 0x00, 0x0C, 0x00, 0x06,
    0x03, 0xFC, 0x00, 0x02, 0x00, 0xAD, 0x03, 0xFA, 0x00, 0x02, 0x00, 0xAA, 0x00, 0x07, 0x00, 0x34,
    0x00, 0x2E, 0x00, 0x28, 0x00, 0x22, 0x00, 0x1C, 0x00, 0x16, 0x00, 0x10, 0x03, 0xDB, 0x00, 0x02,
    0x00, 0xAC, 0x03, 0x9C, 0x00, 0x02, 0x00, 0xAB, 0x03, 0x9A, 0x00, 0x02, 0x00, 0xAD, 0x02, 0xA3,
    0x00, 0x02, 0x00, 0xAA, 0x02, 0x25, 0x00, 0x02, 0x00, 0xA9, 0x02, 0x24, 0x00, 0x02, 0x00, 0xA8,
    0x03, 0xF9, 0x00, 0x03, 0x00, 0xAA, 0x00, 0xA9, 0x00, 0x02, 0x00, 0x0C, 0x00, 0x06, 0x03, 0xF7,
    0x00, 0x02, 0x00, 0xAD, 0x02, 0x9D, 0x00, 0x02, 0x01, 0xD5, 0x00, 0x03, 0x00, 0x14, 0x00, 0x0E,
    0x00, 0x08, 0x03, 0xF5, 0x00, 0x02, 0x00, 0xAD, 0x02, 0x99, 0x00, 0x02, 0x01, 0xD5, 0x02, 0x93,
    0x00, 0x02, 0x00, 0xA9, 0x00, 0x04, 0x00, 0x1C, 0x00, 0x16, 0x00, 0x10, 0x00, 0x0A, 0x03, 0xF3,
    0x00, 0x02, 0x00, 0xAD, 0x03, 0xD9, 0x00, 0x02, 0x00, 0xAC, 0x02, 0x8F, 0x00, 0x02, 0x01, 0xD5,
    0x02, 0x8D, 0x00, 0x02, 0x00, 0xA9, 0x00, 0x01, 0x00, 0x04, 0x03, 0xF1, 0x00, 0x02, 0x00, 0xA9,
    0x00, 0x07, 0x00, 0x34, 0x00, 0x2E, 0x00, 0x28, 0x00, 0x22, 0x00, 0x1C, 0x00, 0x16, 0x00, 0x10,
    0x03, 0xD7, 0x00, 0x02, 0x00, 0xAC, 0x03, 0x84, 0x00, 0x02, 0x00, 0xAB, 0x03, 0x82, 0x00, 0x02,
    0x00, 0xAD, 0x02, 0x22, 0x00, 0x02, 0x00, 0xAA, 0x02, 0x20, 0x00, 0x02, 0x00, 0xA9, 0x02, 0x1F,
    0x00, 0x02, 0x00, 0xA8, 0x03, 0xF0, 0x00, 0x03, 0x00, 0xAA, 0x00, 0xA9, 0x00, 0x05, 0x00, 0x24,
    0x00, 0x1E, 0x00, 0x18, 0x00, 0x12, 0x00, 0x0C, 0x03, 0xEE, 0x00, 0x02, 0x00, 0xAD, 0x03, 0xCF,
    0x00, 0x02, 0x00, 0xA8, 0x02, 0x82, 0x00, 0x02, 0x01, 0xD5, 0x02, 0x80, 0x00, 0x02, 0x00, 0xA9,
    0x02, 0x1E, 0x00, 0x02, 0x00, 0xAA, 0x00, 0x02, 0x00, 0x0C, 0x00, 0x06, 0x03, 0xEC, 0x00, 0x02,
    0x00, 0xAD, 0x03, 0x18, 0x00, 0x02, 0x00, 0xA9, 0x00, 0x03, 0x00, 0x14, 0x00, 0x0E, 0x00, 0x08,
    0x03, 0xEA, 0x00, 0x02, 0x00, 0xAD, 0x02, 0x7A, 0x00, 0x02, 0x01, 0xD5, 0x02, 0x78, 0x00, 0x02,
    0x00, 0xA9, 0x00, 0x03, 0x00, 0x14, 0x00, 0x0E, 0x00, 0x08, 0x03, 0xE8, 0x00, 0x02, 0x00, 0xAD,
    0x03, 0xE6, 0x00, 0x02, 0x00, 0xA9, 0x02, 0x76, 0x00, 0x02, 0x01, 0xD5, 0x00, 0x06, 0x00, 0x2C,
    0x00, 0x26, 0x00, 0x20, 0x00, 0x1A, 0x00, 0x14, 0x00, 0x0E, 0x03, 0xD5, 0x00, 0x02, 0x00, 0xAC,
    0x03, 0x80, 0x00, 0x02, 0x00, 0xAD, 0x03, 0x7E, 0x00, 0x02, 0x00, 0xAB, 0x02, 0x69, 0x00, 0x02,
    0x00, 0xAA, 0x02, 0x1B, 0x00, 0x02, 0x00, 0xA9, 0x02, 0x1A, 0x00, 0x02, 0x00, 0xA8, 0x00, 0x01,
    0x00, 0x04, 0x03, 0xE4, 0x00, 0x02, 0x00, 0xAD, 0x00, 0x02, 0x00, 0x0C, 0x00, 0x06, 0x03, 0xCD,
    0x00, 0x02, 0x00, 0xA9, 0x02, 0x65, 0x00, 0x02, 0x01, 0xD5, 0x00, 0x06, 0x00, 0x2C, 0x00, 0x26,
    0x00, 0x20, 0x00, 0x1A, 0x00, 0x14, 0x00, 0x0E, 0x03, 0xD3, 0x00, 0x02, 0x00, 0xAC, 0x03, 0x72,
    0x00, 0x02, 0x00, 0xAA, 0x03, 0x70, 0x00, 0x02, 0x00, 0xAB, 0x03, 0x6E, 0x00, 0x02, 0x00, 0xAD,
    0x02, 0x17, 0x00, 0x02, 0x00, 0xA9, 0x02, 0x16, 0x00, 0x02, 0x00, 0xA8, 0x00, 0x02, 0x00, 0x0C,
    0x00, 0x06, 0x03, 0xE2, 0x00, 0x02, 0x01, 0xD5, 0x03, 0xE0, 0x00, 0x02, 0x00, 0xAD, 0x00, 0x01,
    0x00, 0x04, 0x02, 0x4B, 0x00, 0x02, 0x00, 0xA9, 0x00, 0x01, 0x00, 0x04, 0x03, 0xDE, 0x00, 0x02,
    0x00, 0xAD, 0x00, 0x06, 0x00, 0x2C, 0x00, 0x26, 0x00, 0x20, 0x00, 0x1A, 0x00, 0x14, 0x00, 0x0E,
    0x03, 0xD1, 0x00, 0x02, 0x00, 0xAC, 0x03, 0x58, 0x00, 0x02, 0x00, 0xAB, 0x03, 0x56, 0x00, 0x02,
    0x00, 0xAD, 0x02, 0x11, 0x00, 0x02, 0x00, 0xAA, 0x02, 0x0F, 0x00, 0x02, 0x00, 0xA9, 0x02, 0x0E,
    0x00, 0x02, 0x00, 0xA8, 0x00, 0x02, 0x00, 0x11, 0x00, 0x25, 0x00, 0x29, 0x00, 0x00, 0x00, 0x2B,
    0x00, 0x2D, 0x00, 0x05, 0x00, 0x2F, 0x00, 0x34, 0x00, 0x08, 0x00, 0x36, 0x00, 0x3B, 0x00, 0x0E,
    0x00, 0x3D, 0x00, 0x3E, 0x00, 0x14, 0x00, 0x45, 0x00, 0x49, 0x00, 0x16, 0x00, 0x4B, 0x00, 0x4D,
    0x00, 0x1B, 0x00, 0x4F, 0x00, 0x54, 0x00, 0x1E, 0x00, 0x56, 0x00, 0x5B, 0x00, 0x24, 0x00, 0x5D,
    0x00, 0x5E, 0x00, 0x2A, 0x00, 0x81, 0x00, 0x81, 0x00, 0x2C, 0x00, 0x83, 0x00, 0x83, 0x00, 0x2D,
    0x00, 0x86, 0x00, 0x86, 0x00, 0x2E, 0x00, 0x89, 0x00, 0x89, 0x00, 0x2F, 0x00, 0x8D, 0x00, 0x8D,
    0x00, 0x30, 0x00, 0x98, 0x00, 0x9B, 0x00, 0x31, 0x00, 0xD0, 0x00, 0xD0, 0x00, 0x35, 0x00, 0x01,
    0x00, 0x00, 0x00, 0x01, 0x00, 0x08, 0x00, 0x02, 0x00, 0x82, 0x00, 0x06, 0x02, 0x01, 0x01, 0xFF,
    0x02, 0x02, 0x02, 0x03, 0x02, 0x00, 0x04, 0x07, 0x00, 0x06, 0x00, 0x00, 0x00, 0x01, 0x00, 0x08,
    0x00, 0x02, 0x00, 0x68, 0x00, 0x64, 0x00, 0x3C, 0x00, 0x2C, 0x00, 0x07, 0x00, 0x00, 0x00, 0x1A,
    0x00, 0x1A, 0x00, 0x1A, 0x00, 0x1A, 0x00, 0x1A, 0x00, 0x1A, 0x00, 0x01, 0x00, 0x04, 0x00, 0x00,
    0x00, 0x01, 0x00, 0x01, 0x00, 0x01, 0x00, 0x01, 0x00, 0x00, 0x00, 0x01, 0x00, 0x02, 0x00, 0x02,
    0x00, 0xA8, 0x00, 0xAC, 0x00, 0x01, 0x01, 0x24, 0x01, 0x27, 0x00, 0x01, 0x00, 0x02, 0x00, 0x06,
    0x00, 0x4D, 0x00, 0x4D, 0x00, 0x01, 0x00, 0x4E, 0x00, 0x4E, 0x00, 0x03, 0x02, 0x70, 0x02, 0x70,
    0x00, 0x02, 0x03, 0x06, 0x03, 0x06, 0x00, 0x04, 0x03, 0x08, 0x03, 0x08, 0x00, 0x05, 0x03, 0x81,
    0x03, 0x81, 0x00, 0x06, 0x00, 0x02, 0x00, 0x00, 0x00, 0x01, 0x00, 0x06, 0x00, 0x4D, 0x00, 0x4E,
    0x02, 0x70, 0x03, 0x06, 0x03, 0x08, 0x03, 0x81, 0x40, 0x4A, 0x99, 0x98, 0x97, 0x96, 0x87, 0x86,
    0x85, 0x84, 0x83, 0x82, 0x81, 0x80, 0x7F, 0x7E, 0x7D, 0x7C, 0x7B, 0x7A, 0x79, 0x78, 0x77, 0x76,
    0x75, 0x74, 0x73, 0x72, 0x71, 0x70, 0x6F, 0x6E, 0x6D, 0x6C, 0x6B, 0x6A, 0x69, 0x68, 0x67, 0x66,
    0x65, 0x64, 0x63, 0x62, 0x61, 0x60, 0x5F, 0x5E, 0x5D, 0x5C, 0x5B, 0x5A, 0x59, 0x58, 0x57, 0x56,
    0x55, 0x54, 0x53, 0x51, 0x50, 0x4F, 0x4E, 0x4D, 0x4C, 0x4B, 0x4A, 0x49, 0x48, 0x47, 0x46, 0x28,
    0x1F, 0x10, 0x0A, 0x09, 0x2C, 0x01, 0xB1, 0x0B, 0x0A, 0x43, 0x23, 0x43, 0x65, 0x0A, 0x2D, 0x2C,
    0x00, 0xB1, 0x0A, 0x0B, 0x43, 0x23, 0x43, 0x0B, 0x2D, 0x2C, 0x01, 0xB0, 0x06, 0x43, 0xB0, 0x07,
    0x43, 0x65, 0x0A, 0x2D, 0x2C, 0xB0, 0x4F, 0x2B, 0x20, 0xB0, 0x40, 0x51, 0x58, 0x21, 0x4B, 0x52,
    0x58, 0x45, 0x44, 0x1B, 0x21, 0x21, 0x59, 0x1B, 0x23, 0x21, 0xB0, 0x40, 0xB0, 0x04, 0x25, 0x45,
    0xB0, 0x04, 0x25, 0x45, 0x61, 0x64, 0x8A, 0x63, 0x52, 0x58, 0x45, 0x44, 0x1B, 0x21, 0x21, 0x59,
    0x59, 0x2D, 0x2C, 0x00, 0xB0, 0x07, 0x43, 0xB0, 0x06, 0x43, 0x0B, 0x2D, 0x2C, 0x4B, 0x53, 0x23,
    0x4B, 0x51, 0x5A, 0x58, 0x20, 0x45, 0x8A, 0x60, 0x44, 0x1B, 0x21, 0x21, 0x59, 0x2D, 0x2C, 0x4B,
    0x54, 0x58, 0x20, 0x45, 0x8A, 0x60, 0x44, 0x1B, 0x21, 0x21, 0x59, 0x2D, 0x2C, 0x4B, 0x53, 0x23,
    0x4B, 0x51, 0x5A, 0x58, 0x38, 0x1B, 0x21, 0x21, 0x59, 0x2D, 0x2C, 0x4B, 0x54, 0x58, 0x38, 0x1B,
    0x21, 0x21, 0x59, 0x2D, 0x2C, 0xB0, 0x02, 0x43, 0x54, 0x58, 0xB0, 0x46, 0x2B, 0x1B, 0x21, 0x21,
    0x21, 0x21, 0x59, 0x2D, 0x2C, 0xB0, 0x02, 0x43, 0x54, 0x58, 0xB0, 0x47, 0x2B, 0x1B, 0x21, 0x21,
    0x21, 0x59, 0x2D, 0x2C, 0xB0, 0x02, 0x43, 0x54, 0x58, 0xB0, 0x48, 0x2B, 0x1B, 0x21, 0x21, 0x21,
    0x21, 0x59, 0x2D, 0x2C, 0xB0, 0x02, 0x43, 0x54, 0x58, 0xB0, 0x49, 0x2B, 0x1B, 0x21, 0x21, 0x21,
    0x59, 0x2D, 0x2C, 0x23, 0x20, 0xB0, 0x00, 0x50, 0x8A, 0x8A, 0x64, 0xB1, 0x00, 0x03, 0x25, 0x54,
    0x58, 0xB0, 0x40, 0x1B, 0xB1, 0x01, 0x03, 0x25, 0x54, 0x58, 0xB0, 0x05, 0x43, 0x8B, 0x59, 0xB0,
    0x4F, 0x2B, 0x59, 0x23, 0xB0, 0x62, 0x2B, 0x23, 0x21, 0x23, 0x58, 0x65, 0x59, 0x2D, 0x2C, 0xB1,
    0x08, 0x00, 0x0C, 0x21, 0x54, 0x60, 0x43, 0x2D, 0x2C, 0xB1, 0x0C, 0x00, 0x0C, 0x21, 0x54, 0x60,
    0x43, 0x2D, 0x2C, 0x01, 0x20, 0x47, 0xB0, 0x02, 0x43, 0x20, 0xB8, 0x10, 0x00, 0x62, 0xB8, 0x10,
    0x00, 0x63, 0x57, 0x23, 0xB8, 0x01, 0x00, 0x62, 0xB8, 0x10, 0x00, 0x63, 0x57, 0x5A, 0x58, 0xB0,
    0x20, 0x60, 0x66, 0x59, 0x48, 0x2D, 0x2C, 0xB1, 0x00, 0x02, 0x25, 0xB0, 0x02, 0x25, 0xB0, 0x02,
    0x25, 0x53, 0xB8, 0x00, 0x35, 0x23, 0x78, 0xB0, 0x02, 0x25, 0xB0, 0x02, 0x25, 0x60, 0xB0, 0x20,
    0x63, 0x20, 0x20, 0xB0, 0x06, 0x25, 0x23, 0x62, 0x50, 0x58, 0x8A, 0x21, 0xB0, 0x01, 0x60, 0x23,
    0x1B, 0x20, 0x20, 0xB0, 0x06, 0x25, 0x23, 0x62, 0x52, 0x58, 0x23, 0x21, 0xB0, 0x01, 0x61, 0x1B,
    0x8A, 0x21, 0x23, 0x21, 0x20, 0x59, 0x59, 0xB8, 0xFF, 0xC1, 0x1C, 0x60, 0xB0, 0x20, 0x63, 0x23,
    0x21, 0x2D, 0x2C, 0xB1, 0x02, 0x00, 0x42, 0xB1, 0x23, 0x01, 0x88, 0x51, 0xB1, 0x40, 0x01, 0x88,
    0x53, 0x5A, 0x58, 0xB8, 0x10, 0x00, 0xB0, 0x20, 0x88, 0x54, 0x58, 0xB2, 0x02, 0x01, 0x02, 0x43,
    0x60, 0x42, 0x59, 0xB1, 0x24, 0x01, 0x88, 0x51, 0x58, 0xB8, 0x20, 0x00, 0xB0, 0x40, 0x88, 0x54,
    0x58, 0xB2, 0x02, 0x02, 0x02, 0x43, 0x60, 0x42, 0xB1, 0x24, 0x01, 0x88, 0x54, 0x58, 0xB2, 0x02,
    0x20, 0x02, 0x43, 0x60, 0x42, 0x00, 0x4B, 0x01, 0x4B, 0x52, 0x58, 0xB2, 0x02, 0x08, 0x02, 0x43,
    0x60, 0x42, 0x59, 0x1B, 0xB8, 0x40, 0x00, 0xB0, 0x80, 0x88, 0x54, 0x58, 0xB2, 0x02, 0x04, 0x02,
    0x43, 0x60, 0x42, 0x59, 0xB8, 0x40, 0x00, 0xB0, 0x80, 0x63, 0xB8, 0x01, 0x00, 0x88, 0x54, 0x58,
    0xB2, 0x02, 0x08, 0x02, 0x43, 0x60, 0x42, 0x59, 0xB9, 0x40, 0x00, 0x01, 0x00, 0x63, 0xB8, 0x02,
    0x00, 0x88, 0x54, 0x58, 0xB2, 0x02, 0x10, 0x02, 0x43, 0x60, 0x42, 0x59, 0xB1, 0x26, 0x01, 0x88,
    0x51, 0x58, 0xB9, 0x40, 0x00, 0x02, 0x00, 0x63, 0xB8, 0x04, 0x00, 0x88, 0x54, 0x58, 0xB2, 0x02,
    0x40, 0x02, 0x43, 0x60, 0x42, 0x59, 0xB9, 0x40, 0x00, 0x04, 0x00, 0x63, 0xB8, 0x08, 0x00, 0x88,
    0x54, 0x58, 0xB2, 0x02, 0x80, 0x02, 0x43, 0x60, 0x42, 0x59, 0xB1, 0x28, 0x01, 0x88, 0x51, 0x58,
    0xB9, 0x40, 0x00, 0x08, 0x00, 0x63, 0xB8, 0x10, 0x00, 0x88, 0x54, 0x58, 0xB9, 0x00, 0x02, 0x01,
    0x00, 0xB0, 0x02, 0x43, 0x60, 0x42, 0x59, 0x59, 0x59, 0x59, 0x59, 0x59, 0x59, 0xB1, 0x00, 0x02,
    0x43, 0x54, 0x58, 0x40, 0x0A, 0x05, 0x40, 0x08, 0x40, 0x09, 0x40, 0x0C, 0x02, 0x0D, 0x02, 0x1B,
    0xB1, 0x01, 0x02, 0x43, 0x54, 0x58, 0xB2, 0x05, 0x40, 0x08, 0xBA, 0x01, 0x00, 0x00, 0x09, 0x01,
    0x00, 0xB3, 0x0C, 0x01, 0x0D, 0x01, 0x1B, 0xB1, 0x80, 0x02, 0x43, 0x52, 0x58, 0xB2, 0x05, 0x40,
    0x08, 0xB8, 0x01, 0x80, 0xB1, 0x09, 0x40, 0x1B, 0xB8, 0x01, 0x00, 0xB0, 0x02, 0x43, 0x52, 0x58,
    0xB2, 0x05, 0x40, 0x08, 0xBA, 0x01, 0x80, 0x00, 0x09, 0x01, 0x40, 0x1B, 0xB8, 0x01, 0x80, 0xB0,
    0x02, 0x43, 0x52, 0x58, 0xB2, 0x05, 0x40, 0x08, 0xB8, 0x02, 0x00, 0xB1, 0x09, 0x40, 0x1B, 0xB2,
    0x05, 0x40, 0x08, 0xBA, 0x01, 0x00, 0x00, 0x09, 0x01, 0x00, 0x59, 0x59, 0x59, 0xB8, 0x40, 0x00,
    0xB0, 0x80, 0x88, 0x55, 0xB9, 0x40, 0x00, 0x02, 0x00, 0x63, 0xB8, 0x04, 0x00, 0x88, 0x55, 0x5A,
    0x58, 0xB3, 0x0C, 0x00, 0x0D, 0x01, 0x1B, 0xB3, 0x0C, 0x00, 0x0D, 0x01, 0x59, 0x59, 0x59, 0x42,
    0x42, 0x42, 0x42, 0x42, 0x2D, 0x2C, 0x45, 0xB1, 0x02, 0x4E, 0x2B, 0x23, 0xB0, 0x4F, 0x2B, 0x20,
    0xB0, 0x40, 0x51, 0x58, 0x21, 0x4B, 0x51, 0x58, 0xB0, 0x02, 0x25, 0x45, 0xB1, 0x01, 0x4E, 0x2B,
    0x60, 0x59, 0x1B, 0x23, 0x4B, 0x51, 0x58, 0xB0, 0x03, 0x25, 0x45, 0x20, 0x64, 0x8A, 0x63, 0xB0,
    0x40, 0x53, 0x58, 0xB1, 0x02, 0x4E, 0x2B, 0x60, 0x1B, 0x21, 0x59, 0x1B, 0x21, 0x59, 0x59, 0x44,
    0x2D, 0x2C, 0x20, 0xB0, 0x00, 0x50, 0x20, 0x58, 0x23, 0x65, 0x1B, 0x23, 0x59, 0xB1, 0x14, 0x14,
    0x8A, 0x70, 0x45, 0xB0, 0x4F, 0x2B, 0x23, 0xB1, 0x61, 0x06, 0x26, 0x60, 0x2B, 0x8A, 0x58, 0xB0,
    0x05, 0x43, 0x8B, 0x59, 0x23, 0x58, 0x65, 0x59, 0x23, 0x10, 0x3A, 0x2D, 0x2C, 0xB0, 0x03, 0x25,
    0x49, 0x63, 0x23, 0x46, 0x60, 0xB0, 0x4F, 0x2B, 0x23, 0xB0, 0x04, 0x25, 0xB0, 0x04, 0x25, 0x49,
    0xB0, 0x03, 0x25, 0x63, 0x56, 0x20, 0x60, 0xB0, 0x62, 0x60, 0x2B, 0xB0, 0x03, 0x25, 0x20, 0x10,
    0x46, 0x8A, 0x46, 0x60, 0xB0, 0x20, 0x63, 0x61, 0x3A, 0x2D, 0x2C, 0xB0, 0x00, 0x16, 0xB1, 0x02,
    0x03, 0x25, 0xB1, 0x01, 0x04, 0x25, 0x01, 0x3E, 0x00, 0x3E, 0xB1, 0x01, 0x02, 0x06, 0x0C, 0xB0,
    0x0A, 0x23, 0x65, 0x42, 0xB0, 0x0B, 0x23, 0x42, 0xB1, 0x02, 0x03, 0x25, 0xB1, 0x01, 0x04, 0x25,
    0x01, 0x3F, 0x00, 0x3F, 0xB1, 0x01, 0x02, 0x06, 0x0C, 0xB0, 0x06, 0x23, 0x65, 0x42, 0xB0, 0x07,
    0x23, 0x42, 0xB0, 0x01, 0x16, 0xB1, 0x00, 0x02, 0x43, 0x54, 0x58, 0x45, 0x23, 0x45, 0x20, 0x18,
    0x69, 0x8A, 0x63, 0x23, 0x62, 0x20, 0x20, 0xB0, 0x40, 0x50, 0x58, 0x67, 0x1B, 0x66, 0x59, 0x61,
    0xB0, 0x20, 0x63, 0xB0, 0x40, 0x23, 0x61, 0xB0, 0x04, 0x23, 0x42, 0x1B, 0xB1, 0x04, 0x00, 0x42,
    0x21, 0x21, 0x59, 0x18, 0x01, 0x2D, 0x2C, 0x20, 0x45, 0xB1, 0x00, 0x4E, 0x2B, 0x44, 0x2D, 0x2C,
    0x4B, 0x51, 0xB1, 0x40, 0x4F, 0x2B, 0x50, 0x5B, 0x58, 0x20, 0x45, 0xB1, 0x01, 0x4E, 0x2B, 0x20,
    0x8A, 0x8A, 0x44, 0x20, 0xB1, 0x40, 0x04, 0x26, 0x61, 0x63, 0x61, 0xB1, 0x01, 0x4E, 0x2B, 0x44,
    0x21, 0x1B, 0x23, 0x21, 0x8A, 0x45, 0xB1, 0x01, 0x4E, 0x2B, 0x20, 0x8A, 0x23, 0x44, 0x44, 0x59,
    0x2D, 0x2C, 0x4B, 0x51, 0xB1, 0x40, 0x4F, 0x2B, 0x50, 0x5B, 0x58, 0x45, 0x20, 0x8A, 0xB0, 0x40,
    0x61, 0x63, 0x60, 0x1B, 0x23, 0x21, 0x45, 0x59, 0xB1, 0x01, 0x4E, 0x2B, 0x44, 0x2D, 0x2C, 0x23,
    0x45, 0x20, 0x8A, 0x45, 0x23, 0x61, 0x20, 0x64, 0xB0, 0x40, 0x51, 0xB0, 0x04, 0x25, 0x20, 0xB0,
    0x00, 0x53, 0x23, 0xB0, 0x40, 0x51, 0x5A, 0x5A, 0xB1, 0x40, 0x4F, 0x2B, 0x54, 0x5A, 0x58, 0x8A,
    0x0C, 0x64, 0x23, 0x64, 0x23, 0x53, 0x58, 0xB1, 0x40, 0x40, 0x8A, 0x61, 0x20, 0x63, 0x61, 0x1B,
    0x20, 0x63, 0x59, 0x1B, 0x8A, 0x59, 0x63, 0xB1, 0x02, 0x4E, 0x2B, 0x60, 0x44, 0x2D, 0x2C, 0x01,
    0x2D, 0x2C, 0x00, 0x2D, 0x2C, 0x05, 0xB1, 0x0B, 0x0A, 0x43, 0x23, 0x43, 0x65, 0x0A, 0x2D, 0x2C,
    0xB1, 0x0A, 0x0B, 0x43, 0x23, 0x43, 0x0B, 0x02, 0x2D, 0x2C, 0xB0, 0x02, 0x25, 0x63, 0x66, 0xB0,
    0x02, 0x25, 0xB8, 0x20, 0x00, 0x62, 0x60, 0x23, 0x62, 0x2D, 0x2C, 0xB0, 0x02, 0x25, 0x63, 0xB0,
    0x20, 0x60, 0x66, 0xB0, 0x02, 0x25, 0xB8, 0x20, 0x00, 0x62, 0x60, 0x23, 0x62, 0x2D, 0x2C, 0xB0,
    0x02, 0x25, 0x63, 0x67, 0xB0, 0x02, 0x25, 0xB8, 0x20, 0x00, 0x62, 0x60, 0x23, 0x62, 0x2D, 0x2C,
    0xB0, 0x02, 0x25, 0x63, 0x66, 0xB0, 0x20, 0x60, 0xB0, 0x02, 0x25, 0xB8, 0x20, 0x00, 0x62, 0x60,
    0x23, 0x62, 0x2D, 0x2C, 0x23, 0x4A, 0xB1, 0x02, 0x4E, 0x2B, 0x2D, 0x2C, 0x23, 0x4A, 0xB1, 0x01,
    0x4E, 0x2B, 0x2D, 0x2C, 0x23, 0x8A, 0x4A, 0x23, 0x45, 0x64, 0xB0, 0x02, 0x25, 0x64, 0xB0, 0x02,
    0x25, 0x61, 0x64, 0xB0, 0x03, 0x43, 0x52, 0x58, 0x21, 0x20, 0x64, 0x59, 0xB1, 0x02, 0x4E, 0x2B,
    0x23, 0xB0, 0x00, 0x50, 0x58, 0x65, 0x59, 0x2D, 0x2C, 0x23, 0x8A, 0x4A, 0x23, 0x45, 0x64, 0xB0,
    0x02, 0x25, 0x64, 0xB0, 0x02, 0x25, 0x61, 0x64, 0xB0, 0x03, 0x43, 0x52, 0x58, 0x21, 0x20, 0x64,
    0x59, 0xB1, 0x01, 0x4E, 0x2B, 0x23, 0xB0, 0x00, 0x50, 0x58, 0x65, 0x59, 0x2D, 0x2C, 0x20, 0xB0,
    0x03, 0x25, 0x4A, 0xB1, 0x02, 0x4E, 0x2B, 0x8A, 0x10, 0x3B, 0x2D, 0x2C, 0x20, 0xB0, 0x03, 0x25,
    0x4A, 0xB1, 0x01, 0x4E, 0x2B, 0x8A, 0x10, 0x3B, 0x2D, 0x2C, 0xB0, 0x03, 0x25, 0xB0, 0x03, 0x25,
    0x8A, 0xB0, 0x67, 0x2B, 0x8A, 0x10, 0x3B, 0x2D, 0x2C, 0xB0, 0x03, 0x25, 0xB0, 0x03, 0x25, 0x8A,
    0xB0, 0x68, 0x2B, 0x8A, 0x10, 0x3B, 0x2D, 0x2C, 0xB0, 0x03, 0x25, 0x46, 0xB0, 0x03, 0x25, 0x46,
    0x60, 0xB0, 0x04, 0x25, 0x2E, 0xB0, 0x04, 0x25, 0xB0, 0x04, 0x25, 0xB0, 0x04, 0x26, 0x20, 0xB0,
    0x00, 0x50, 0x58, 0x21, 0xB0, 0x6A, 0x1B, 0xB0, 0x6C, 0x59, 0x2B, 0xB0, 0x03, 0x25, 0x46, 0xB0,
    0x03, 0x25, 0x46, 0x60, 0x61, 0xB0, 0x80, 0x62, 0x20, 0x8A, 0x20, 0x10, 0x23, 0x3A, 0x23, 0x20,
    0x10, 0x23, 0x3A, 0x2D, 0x2C, 0xB0, 0x03, 0x25, 0x47, 0xB0, 0x03, 0x25, 0x47, 0x60, 0xB0, 0x05,
    0x25, 0x47, 0xB0, 0x80, 0x63, 0x61, 0xB0, 0x02, 0x25, 0xB0, 0x06, 0x25, 0x49, 0x63, 0x23, 0xB0,
    0x05, 0x25, 0x4A, 0xB0, 0x80, 0x63, 0x20, 0x58, 0x62, 0x1B, 0x21, 0x59, 0xB0, 0x04, 0x26, 0x46,
    0x60, 0x8A, 0x46, 0x8A, 0x46, 0x60, 0xB0, 0x20, 0x63, 0x61, 0x2D, 0x2C, 0xB0, 0x04, 0x26, 0xB0,
    0x04, 0x25, 0xB0, 0x04, 0x25, 0xB0, 0x04, 0x26, 0xB0, 0x6E, 0x2B, 0x20, 0x8A, 0x20, 0x10, 0x23,
    0x3A, 0x23, 0x20, 0x10, 0x23, 0x3A, 0x2D, 0x2C, 0x23, 0x20, 0xB0, 0x01, 0x54, 0x58, 0x21, 0xB0,
    0x02, 0x25, 0xB1, 0x02, 0x4E, 0x2B, 0xB0, 0x80, 0x50, 0x20, 0x60, 0x59, 0x20, 0x60, 0x60, 0x20,
    0xB0, 0x01, 0x51, 0x58, 0x21, 0x21, 0x1B, 0x20, 0xB0, 0x05, 0x51, 0x58, 0x21, 0x20, 0x66, 0x61,
    0xB0, 0x40, 0x23, 0x61, 0xB1, 0x00, 0x03, 0x25, 0x50, 0xB0, 0x03, 0x25, 0xB0, 0x03, 0x25, 0x50,
    0x5A, 0x58, 0x20, 0xB0, 0x03, 0x25, 0x61, 0x8A, 0x53, 0x58, 0x21, 0xB0, 0x00, 0x59, 0x1B, 0x21,
    0x59, 0x1B, 0xB0, 0x07, 0x54, 0x58, 0x20, 0x66, 0x61, 0x65, 0x23, 0x21, 0x1B, 0x21, 0x21, 0xB0,
    0x00, 0x59, 0x59, 0x59, 0xB1, 0x02, 0x4E, 0x2B, 0x2D, 0x2C, 0xB0, 0x02, 0x25, 0xB0, 0x04, 0x25,
    0x4A, 0xB0, 0x00, 0x53, 0x58, 0xB0, 0x00, 0x1B, 0x8A, 0x8A, 0x23, 0x8A, 0xB0, 0x01, 0x59, 0xB0,
    0x04, 0x25, 0x46, 0x20, 0x66, 0x61, 0x20, 0xB0, 0x05, 0x26, 0xB0, 0x06, 0x26, 0x49, 0xB0, 0x05,
    0x26, 0xB0, 0x05, 0x26, 0xB0, 0x70, 0x2B, 0x23, 0x61, 0x65, 0xB0, 0x20, 0x60, 0x20, 0x66, 0x61,
    0xB0, 0x20, 0x61, 0x65, 0x2D, 0x2C, 0xB0, 0x02, 0x25, 0x46, 0x20, 0x8A, 0x20, 0xB0, 0x00, 0x50,
    0x58, 0x21, 0xB1, 0x02, 0x4E, 0x2B, 0x1B, 0x45, 0x23, 0x21, 0x59, 0x61, 0x65, 0xB0, 0x02, 0x25,
    0x10, 0x3B, 0x2D, 0x2C, 0xB0, 0x04, 0x26, 0x20, 0xB8, 0x02, 0x00, 0x62, 0x20, 0xB8, 0x02, 0x00,
    0x63, 0x8A, 0x23, 0x61, 0x20, 0xB0, 0x5D, 0x60, 0x2B, 0xB0, 0x05, 0x25, 0x11, 0x8A, 0x12, 0x8A,
    0x20, 0x39, 0x8A, 0x58, 0xB9, 0x00, 0x5D, 0x10, 0x00, 0xB0, 0x04, 0x26, 0x63, 0x56, 0x60, 0x2B,
    0x23, 0x21, 0x20, 0x10, 0x20, 0x46, 0x20, 0xB1, 0x02, 0x4E, 0x2B, 0x23, 0x61, 0x1B, 0x23, 0x21,
    0x20, 0x8A, 0x20, 0x10, 0x49, 0xB1, 0x02, 0x4E, 0x2B, 0x59, 0x3B, 0x2D, 0x2C, 0xB9, 0x00, 0x5D,
    0x10, 0x00, 0xB0, 0x09, 0x25, 0x63, 0x56, 0x60, 0x2B, 0xB0, 0x05, 0x25, 0xB0, 0x05, 0x25, 0xB0,
    0x05, 0x26, 0xB0, 0x6D, 0x2B, 0xB1, 0x5D, 0x07, 0x25, 0x60, 0x2B, 0xB0, 0x05, 0x25, 0xB0, 0x05,
    0x25, 0xB0, 0x05, 0x25, 0xB0, 0x05, 0x25, 0xB0, 0x6F, 0x2B, 0xB9, 0x00, 0x5D, 0x10, 0x00, 0xB0,
    0x08, 0x26, 0x63, 0x56, 0x60, 0x2B, 0x20, 0xB0, 0x00, 0x52, 0x58, 0xB0, 0x50, 0x2B, 0xB0, 0x05,
    0x25, 0xB0, 0x05, 0x25, 0xB0, 0x07, 0x25, 0xB0, 0x07, 0x25, 0xB0, 0x05, 0x25, 0xB0, 0x71, 0x2B,
    0xB0, 0x02, 0x17, 0x38, 0xB0, 0x00, 0x52, 0xB0, 0x02, 0x25, 0xB0, 0x01, 0x52, 0x5A, 0x58, 0xB0,
    0x04, 0x25, 0xB0, 0x06, 0x25, 0x49, 0xB0, 0x03, 0x25, 0xB0, 0x05, 0x25, 0x49, 0x60, 0x20, 0xB0,
    0x40, 0x52, 0x58, 0x21, 0x1B, 0xB0, 0x00, 0x52, 0x58, 0x20, 0xB0, 0x02, 0x54, 0x58, 0xB0, 0x04,
    0x25, 0xB0, 0x04, 0x25, 0xB0, 0x07, 0x25, 0xB0, 0x07, 0x25, 0x49, 0xB0, 0x02, 0x17, 0x38, 0x1B,
    0xB0, 0x04, 0x25, 0xB0, 0x04, 0x25, 0xB0, 0x04, 0x25, 0xB0, 0x06, 0x25, 0x49, 0xB0, 0x02, 0x17,
    0x38, 0x59, 0x59, 0x59, 0x59, 0x59, 0x21, 0x21, 0x21, 0x21, 0x21, 0x2D, 0x2C, 0xB9, 0x00, 0x5D,
    0x10, 0x00, 0xB0, 0x0B, 0x25, 0x63, 0x56, 0x60, 0x2B, 0xB0, 0x07, 0x25, 0xB0, 0x07, 0x25, 0xB0,
    0x06, 0x25, 0xB0, 0x06, 0x25, 0xB0, 0x0C, 0x25, 0xB0, 0x0C, 0x25, 0xB0, 0x09, 0x25, 0xB0, 0x08,
    0x25, 0xB0, 0x6E, 0x2B, 0xB0, 0x04, 0x17, 0x38, 0xB0, 0x07, 0x25, 0xB0, 0x07, 0x25, 0xB0, 0x07,
    0x26, 0xB0, 0x6D, 0x2B, 0xB0, 0x04, 0x25, 0xB0, 0x04, 0x25, 0xB0, 0x04, 0x26, 0xB0, 0x6D, 0x2B,
    0xB0, 0x50, 0x2B, 0xB0, 0x06, 0x25, 0xB0, 0x06, 0x25, 0xB0, 0x03, 0x25, 0xB0, 0x71, 0x2B, 0xB0,
    0x05, 0x25, 0xB0, 0x05, 0x25, 0xB0, 0x03, 0x25, 0xB0, 0x02, 0x17, 0x38, 0x20, 0xB0, 0x06, 0x25,
    0xB0, 0x06, 0x25, 0xB0, 0x05, 0x25, 0xB0, 0x71, 0x2B, 0x60, 0xB0, 0x06, 0x25, 0xB0, 0x06, 0x25,
    0xB0, 0x04, 0x25, 0x65, 0xB0, 0x02, 0x17, 0x38, 0xB0, 0x02, 0x25, 0xB0, 0x02, 0x25, 0x60, 0x20,
    0xB0, 0x40, 0x53, 0x58, 0x21, 0xB0, 0x40, 0x61, 0x23, 0xB0, 0x40, 0x61, 0x23, 0x1B, 0xB8, 0xFF,
    0xC0, 0x50, 0x58, 0xB0, 0x40, 0x60, 0x23, 0xB0, 0x40, 0x60, 0x23, 0x59, 0x59, 0xB0, 0x08, 0x25,
    0xB0, 0x08, 0x25, 0xB0, 0x04, 0x26, 0xB0, 0x02, 0x17, 0x38, 0xB0, 0x05, 0x25, 0xB0, 0x05, 0x25,
    0x8A, 0xB0, 0x02, 0x17, 0x38, 0x20, 0xB0, 0x00, 0x52, 0x58, 0xB0, 0x06, 0x25, 0xB0, 0x08, 0x25,
    0x49, 0xB0, 0x03, 0x25, 0xB0, 0x05, 0x25, 0x49, 0x60, 0x20, 0xB0, 0x40, 0x52, 0x58, 0x21, 0x1B,
    0xB0, 0x00, 0x52, 0x58, 0xB0, 0x06, 0x25, 0xB0, 0x06, 0x25, 0xB0, 0x06, 0x25, 0xB0, 0x06, 0x25,
    0xB0, 0x0B, 0x25, 0xB0, 0x0B, 0x25, 0x49, 0xB0, 0x04, 0x17, 0x38, 0xB0, 0x06, 0x25, 0xB0, 0x06,
    0x25, 0xB0, 0x06, 0x25, 0xB0, 0x06, 0x25, 0xB0, 0x0A, 0x25, 0xB0, 0x0A, 0x25, 0xB0, 0x07, 0x25,
    0xB0, 0x71, 0x2B, 0xB0, 0x04, 0x17, 0x38, 0xB0, 0x04, 0x25, 0xB0, 0x04, 0x25, 0xB0, 0x05, 0x25,
    0xB0, 0x07, 0x25, 0xB0, 0x05, 0x25, 0xB0, 0x71, 0x2B, 0xB0, 0x02, 0x17, 0x38, 0x1B, 0xB0, 0x04,
    0x25, 0xB0, 0x04, 0x25, 0xB8, 0xFF, 0xC0, 0xB0, 0x02, 0x17, 0x38, 0x59, 0x59, 0x59, 0x21, 0x21,
    0x21, 0x21, 0x21, 0x21, 0x21, 0x21, 0x2D, 0x2C, 0xB0, 0x04, 0x25, 0xB0, 0x03, 0x25, 0x87, 0xB0,
    0x03, 0x25, 0xB0, 0x03, 0x25, 0x8A, 0x20, 0xB0, 0x00, 0x50, 0x58, 0x21, 0xB0, 0x65, 0x1B, 0xB0,
    0x68, 0x59, 0x2B, 0x64, 0xB0, 0x04, 0x25, 0xB0, 0x04, 0x25, 0x06, 0xB0, 0x04, 0x25, 0xB0, 0x04,
    0x25, 0x49, 0x20, 0x20, 0x63, 0xB0, 0x03, 0x25, 0x20, 0x63, 0x51, 0xB1, 0x00, 0x03, 0x25, 0x54,
    0x5B, 0x58, 0x21, 0x21, 0x23, 0x21, 0x07, 0x1B, 0x20, 0x63, 0xB0, 0x02, 0x25, 0x20, 0x63, 0x61,
    0x20, 0xB0, 0x53, 0x2B, 0x8A, 0x63, 0xB0, 0x05, 0x25, 0xB0, 0x05, 0x25, 0x87, 0xB0, 0x04, 0x25,
    0xB0, 0x04, 0x26, 0x4A, 0xB0, 0x00, 0x50, 0x58, 0x65, 0x59, 0xB0, 0x04, 0x26, 0x20, 0x01, 0x46,
    0x23, 0x00, 0x46, 0xB0, 0x05, 0x26, 0x20, 0x01, 0x46, 0x23, 0x00, 0x46, 0xB0, 0x00, 0x16, 0x00,
    0xB0, 0x00, 0x23, 0x48, 0x01, 0xB0, 0x00, 0x23, 0x48, 0x00, 0x20, 0xB0, 0x01, 0x23, 0x48, 0xB0,
    0x02, 0x23, 0x48, 0x01, 0x20, 0xB0, 0x01, 0x23, 0x48, 0xB0, 0x02, 0x23, 0x48, 0x23, 0xB2, 0x02,
    0x00, 0x01, 0x08, 0x23, 0x38, 0xB2, 0x02, 0x00, 0x01, 0x09, 0x23, 0x38, 0xB1, 0x02, 0x01, 0x07,
    0xB0, 0x01, 0x16, 0x59, 0x2D, 0x2C, 0x23, 0x10, 0x0D, 0x0C, 0x8A, 0x63, 0x23, 0x8A, 0x63, 0x60,
    0x64, 0xB9, 0x40, 0x00, 0x04, 0x00, 0x63, 0x50, 0x58, 0xB0, 0x00, 0x38, 0x1B, 0x3C, 0x59, 0x2D,
    0x2C, 0xB0, 0x06, 0x25, 0xB0, 0x09, 0x25, 0xB0, 0x09, 0x25, 0xB0, 0x07, 0x26, 0xB0, 0x76, 0x2B,
    0x23, 0xB0, 0x00, 0x54, 0x58, 0x05, 0x1B, 0x04, 0x59, 0xB0, 0x04, 0x25, 0xB0, 0x06, 0x26, 0xB0,
    0x77, 0x2B, 0xB0, 0x05, 0x25, 0xB0, 0x05, 0x26, 0xB0, 0x05, 0x25, 0xB0, 0x05, 0x26, 0xB0, 0x76,
    0x2B, 0xB0, 0x00, 0x54, 0x58, 0x05, 0x1B, 0x04, 0x59, 0xB0, 0x77, 0x2B, 0x2D, 0x2C, 0xB0, 0x07,
    0x25, 0xB0, 0x0A, 0x25, 0xB0, 0x0A, 0x25, 0xB0, 0x08, 0x26, 0xB0, 0x76, 0x2B, 0x8A, 0xB0, 0x00,
    0x54, 0x58, 0x05, 0x1B, 0x04, 0x59, 0xB0, 0x05, 0x25, 0xB0, 0x07, 0x26, 0xB0, 0x77, 0x2B, 0xB0,
    0x06, 0x25, 0xB0, 0x06, 0x26, 0xB0, 0x06, 0x25, 0xB0, 0x06, 0x26, 0xB0, 0x76, 0x2B, 0x08, 0xB0,
    0x77, 0x2B, 0x2D, 0x2C, 0xB0, 0x07, 0x25, 0xB0, 0x0A, 0x25, 0xB0, 0x0A, 0x25, 0xB0, 0x08, 0x26,
    0xB0, 0x76, 0x2B, 0x8A, 0x8A, 0x08, 0xB0, 0x04, 0x25, 0xB0, 0x06, 0x26, 0xB0, 0x77, 0x2B, 0xB0,
    0x05, 0x25, 0xB0, 0x05, 0x26, 0xB0, 0x05, 0x25, 0xB0, 0x05, 0x26, 0xB0, 0x76, 0x2B, 0xB0, 0x00,
    0x54, 0x58, 0x05, 0x1B, 0x04, 0x59, 0xB0, 0x77, 0x2B, 0x2D, 0x2C, 0xB0, 0x08, 0x25, 0xB0, 0x0B,
    0x25, 0xB0, 0x0B, 0x25, 0xB0, 0x09, 0x26, 0xB0, 0x76, 0x2B, 0xB0, 0x04, 0x26, 0xB0, 0x04, 0x26,
    0x08, 0xB0, 0x05, 0x25, 0xB0, 0x07, 0x26, 0xB0, 0x77, 0x2B, 0xB0, 0x06, 0x25, 0xB0, 0x06, 0x26,
    0xB0, 0x06, 0x25, 0xB0, 0x06, 0x26, 0xB0, 0x76, 0x2B, 0x08, 0xB0, 0x77, 0x2B, 0x2D, 0x2C, 0x03,
    0xB0, 0x03, 0x25, 0xB0, 0x03, 0x25, 0x4A, 0xB0, 0x04, 0x25, 0xB0, 0x03, 0x25, 0x4A, 0x02, 0xB0,
    0x05, 0x25, 0xB0, 0x05, 0x26, 0x4A, 0xB0, 0x05, 0x26, 0xB0, 0x05, 0x26, 0x4A, 0xB0, 0x04, 0x26,
    0x63, 0x8A, 0x8A, 0x63, 0x61, 0x2D, 0x2C, 0xB1, 0x5D, 0x0E, 0x25, 0x60, 0x2B, 0xB0, 0x0C, 0x26,
    0x11, 0xB0, 0x05, 0x26, 0x12, 0xB0, 0x0A, 0x25, 0x39, 0xB0, 0x07, 0x25, 0x39, 0xB0, 0x0A, 0x25,
    0xB0, 0x0A, 0x25, 0xB0, 0x09, 0x25, 0xB0, 0x7C, 0x2B, 0xB0, 0x00, 0x50, 0xB0, 0x0B, 0x25, 0xB0,
    0x08, 0x25, 0xB0, 0x0A, 0x25, 0xB0, 0x7C, 0x2B, 0xB0, 0x00, 0x50, 0x54, 0x58, 0xB0, 0x07, 0x25,
    0xB0, 0x0B, 0x25, 0x87, 0xB0, 0x04, 0x25, 0xB0, 0x04, 0x25, 0x0B, 0xB0, 0x0A, 0x25, 0x10, 0xB0,
    0x09, 0x25, 0xC1, 0xB0, 0x02, 0x25, 0xB0, 0x02, 0x25, 0x0B, 0xB0, 0x07, 0x25, 0x10, 0xB0, 0x06,
    0x25, 0xC1, 0x1B, 0xB0, 0x07, 0x25, 0xB0, 0x0B, 0x25, 0xB0, 0x0B, 0x25, 0xB8, 0xFF, 0xFF, 0xB0,
    0x76, 0x2B, 0xB0, 0x04, 0x25, 0xB0, 0x04, 0x25, 0x0B, 0xB0, 0x07, 0x25, 0xB0, 0x0A, 0x25, 0xB0,
    0x77, 0x2B, 0xB0, 0x0A, 0x25, 0xB0, 0x08, 0x25, 0xB0, 0x08, 0x25, 0xB8, 0xFF, 0xFF, 0xB0, 0x76,
    0x2B, 0xB0, 0x02, 0x25, 0xB0, 0x02, 0x25, 0x0B, 0xB0, 0x0A, 0x25, 0xB0, 0x07, 0x25, 0xB0, 0x77,
    0x2B, 0x59, 0xB0, 0x0A, 0x25, 0x46, 0xB0, 0x0A, 0x25, 0x46, 0x60, 0xB0, 0x08, 0x25, 0x46, 0xB0,
    0x08, 0x25, 0x46, 0x60, 0xB0, 0x06, 0x25, 0xB0, 0x06, 0x25, 0x0B, 0xB0, 0x0C, 0x25, 0xB0, 0x0C,
    0x25, 0xB0, 0x0C, 0x26, 0x20, 0xB0, 0x00, 0x50, 0x58, 0x21, 0xB0, 0x6A, 0x1B, 0xB0, 0x6C, 0x59,
    0x2B, 0xB0, 0x04, 0x25, 0xB0, 0x04, 0x25, 0x0B, 0xB0, 0x09, 0x25, 0xB0, 0x09, 0x25, 0xB0, 0x09,
    0x26, 0x20, 0xB0, 0x00, 0x50, 0x58, 0x21, 0xB0, 0x6A, 0x1B, 0xB0, 0x6C, 0x59, 0x2B, 0x23, 0xB0,
    0x0A, 0x25, 0x46, 0xB0, 0x0A, 0x25, 0x46, 0x60, 0x61, 0xB0, 0x20, 0x63, 0x23, 0xB0, 0x08, 0x25,
    0x46, 0xB0, 0x08, 0x25, 0x46, 0x60, 0x61, 0xB0, 0x20, 0x63, 0xB1, 0x01, 0x0C, 0x25, 0x54, 0x58,
    0x04, 0x1B, 0x05, 0x59, 0xB0, 0x0A, 0x26, 0x20, 0x10, 0xB0, 0x03, 0x25, 0x3A, 0xB0, 0x06, 0x26,
    0xB0, 0x06, 0x26, 0x0B, 0xB0, 0x07, 0x26, 0x20, 0x10, 0x8A, 0x3A, 0xB1, 0x01, 0x07, 0x26, 0x54,
    0x58, 0x04, 0x1B, 0x05, 0x59, 0xB0, 0x05, 0x26, 0x20, 0x10, 0xB0, 0x02, 0x25, 0x3A, 0x8A, 0x8A,
    0x0B, 0x23, 0x20, 0x10, 0x23, 0x3A, 0x2D, 0x2C, 0x23, 0xB0, 0x01, 0x54, 0x58, 0xB9, 0x00, 0x00,
    0x40, 0x00, 0x1B, 0xB8, 0x40, 0x00, 0xB0, 0x00, 0x59, 0x8A, 0xB0, 0x01, 0x54, 0x58, 0xB9, 0x00,
    0x00, 0x40, 0x00, 0x1B, 0xB8, 0x40, 0x00, 0xB0, 0x00, 0x59, 0xB0, 0x7D, 0x2B, 0x2D, 0x2C, 0x8A,
    0x8A, 0x08, 0x0D, 0x8A, 0xB0, 0x01, 0x54, 0x58, 0xB9, 0x00, 0x00, 0x40, 0x00, 0x1B, 0xB8, 0x40,
    0x00, 0xB0, 0x00, 0x59, 0xB0, 0x7D, 0x2B, 0x2D, 0x2C, 0x08, 0xB0, 0x01, 0x54, 0x58, 0xB9, 0x00,
    0x00, 0x40, 0x00, 0x1B, 0xB8, 0x40, 0x00, 0xB0, 0x00, 0x59, 0x0D, 0xB0, 0x7D, 0x2B, 0x2D, 0x2C,
    0xB0, 0x04, 0x26, 0xB0, 0x04, 0x26, 0x08, 0x0D, 0xB0, 0x04, 0x26, 0xB0, 0x04, 0x26, 0x08, 0x0D,
    0xB0, 0x7D, 0x2B, 0x2D, 0x2C, 0x20, 0x01, 0x46, 0x23, 0x00, 0x46, 0xB0, 0x0A, 0x43, 0xB0, 0x0B,
    0x43, 0x8A, 0x63, 0x23, 0x62, 0x61, 0x2D, 0x2C, 0xB0, 0x09, 0x2B, 0xB0, 0x06, 0x25, 0x2E, 0xB0,
    0x05, 0x25, 0x7D, 0xC5, 0xB0, 0x06, 0x25, 0xB0, 0x05, 0x25, 0xB0, 0x04, 0x25, 0x20, 0xB0, 0x00,
    0x50, 0x58, 0x21, 0xB0, 0x6A, 0x1B, 0xB0, 0x6C, 0x59, 0x2B, 0xB0, 0x05, 0x25, 0xB0, 0x04, 0x25,
    0xB0, 0x03, 0x25, 0x20, 0xB0, 0x00, 0x50, 0x58, 0x21, 0xB0, 0x6A, 0x1B, 0xB0, 0x6C, 0x59, 0x2B,
    0x18, 0xB0, 0x08, 0x25, 0xB0, 0x07, 0x25, 0xB0, 0x06, 0x25, 0xB0, 0x0A, 0x25, 0xB0, 0x6F, 0x2B,
    0xB0, 0x06, 0x25, 0xB0, 0x05, 0x25, 0xB0, 0x04, 0x26, 0x20, 0xB0, 0x00, 0x50, 0x58, 0x21, 0xB0,
    0x66, 0x1B, 0xB0, 0x68, 0x59, 0x2B, 0xB0, 0x05, 0x25, 0xB0, 0x04, 0x25, 0xB0, 0x04, 0x26, 0x20,
    0xB0, 0x00, 0x50, 0x58, 0x21, 0xB0, 0x66, 0x1B, 0xB0, 0x68, 0x59, 0x2B, 0x54, 0x58, 0x7D, 0xB0,
    0x04, 0x25, 0x10, 0xB0, 0x03, 0x25, 0xC5, 0xB0, 0x02, 0x25, 0x10, 0xB0, 0x01, 0x25, 0xC5, 0xB0,
    0x05, 0x26, 0x21, 0xB0, 0x05, 0x26, 0x21, 0x1B, 0xB0, 0x06, 0x26, 0xB0, 0x04, 0x25, 0xB0, 0x03,
    0x25, 0xB0, 0x08, 0x26, 0xB0, 0x6F, 0x2B, 0x59, 0xB1, 0x00, 0x02, 0x43, 0x54, 0x58, 0x7D, 0xB0,
    0x02, 0x25, 0xB0, 0x82, 0x2B, 0xB0, 0x05, 0x25, 0xB0, 0x82, 0x2B, 0x20, 0x20, 0x69, 0x61, 0xB0,
    0x04, 0x43, 0x01, 0x23, 0x61, 0xB0, 0x60, 0x60, 0x20, 0x69, 0x61, 0xB0, 0x20, 0x61, 0x20, 0xB0,
    0x08, 0x26, 0xB0, 0x08, 0x26, 0x8A, 0xB0, 0x02, 0x17, 0x38, 0x8A, 0x8A, 0x61, 0x20, 0x69, 0x61,
    0x61, 0xB0, 0x02, 0x17, 0x38, 0x1B, 0x21, 0x21, 0x21, 0x21, 0x59, 0x18, 0x2D, 0x2C, 0x4B, 0x52,
    0xB1, 0x01, 0x02, 0x43, 0x53, 0x5A, 0x58, 0x23, 0x10, 0x20, 0x01, 0x3C, 0x00, 0x3C, 0x1B, 0x21,
    0x21, 0x59, 0x2D, 0x2C, 0x23, 0xB0, 0x02, 0x25, 0xB0, 0x02, 0x25, 0x53, 0x58, 0x20, 0xB0, 0x04,
    0x25, 0x58, 0x3C, 0x1B, 0x39, 0x59, 0xB0, 0x01, 0x60, 0xB8, 0xFF, 0xE9, 0x1C, 0x59, 0x21, 0x21,
    0x21, 0x2D, 0x2C, 0xB0, 0x02, 0x25, 0x47, 0xB0, 0x02, 0x25, 0x47, 0x54, 0x8A, 0x20, 0x20, 0x10,
    0x11, 0xB0, 0x01, 0x60, 0x8A, 0x20, 0x12, 0xB0, 0x01, 0x61, 0xB0, 0x85, 0x2B, 0x2D, 0x2C, 0xB0,
    0x04, 0x25, 0x47, 0xB0, 0x02, 0x25, 0x47, 0x54, 0x23, 0x20, 0x12, 0xB0, 0x01, 0x61, 0x23, 0x20,
    0xB0, 0x06, 0x26, 0x20, 0x20, 0x10, 0x11, 0xB0, 0x01, 0x60, 0xB0, 0x06, 0x26, 0xB0, 0x85, 0x2B,
    0x8A, 0x8A, 0xB0, 0x85, 0x2B, 0x2D, 0x2C, 0xB0, 0x02, 0x43, 0x54, 0x58, 0x0C, 0x02, 0x8A, 0x4B,
    0x53, 0xB0, 0x04, 0x26, 0x4B, 0x51, 0x5A, 0x58, 0x0A, 0x38, 0x1B, 0x0A, 0x21, 0x21, 0x59, 0x1B,
    0x21, 0x21, 0x21, 0x21, 0x59, 0x2D, 0x2C, 0xB0, 0x98, 0x2B, 0x58, 0x0C, 0x02, 0x8A, 0x4B, 0x53,
    0xB0, 0x04, 0x26, 0x4B, 0x51, 0x5A, 0x58, 0x0A, 0x38, 0x1B, 0x0A, 0x21, 0x21, 0x59, 0x1B, 0x21,
    0x21, 0x21, 0x21, 0x59, 0x2D, 0x2C, 0x20, 0xB0, 0x02, 0x43, 0x54, 0xB0, 0x01, 0x23, 0xB8, 0x00,
    0x68, 0x23, 0x78, 0x21, 0xB1, 0x00, 0x02, 0x43, 0xB8, 0x00, 0x5E, 0x23, 0x79, 0x21, 0xB0, 0x02,
    0x43, 0x23, 0xB0, 0x20, 0x20, 0x5C, 0x58, 0x21, 0x21, 0x21, 0xB0, 0x00, 0xB8, 0x00, 0x4D, 0x1C,
    0x59, 0x8A, 0x8A, 0x20, 0x8A, 0x20, 0x8A, 0x23, 0xB8, 0x10, 0x00, 0x63, 0x56, 0x58, 0xB8, 0x10,
    0x00, 0x63, 0x56, 0x58, 0x21, 0x21, 0x21, 0xB0, 0x01, 0xB8, 0x00, 0x30, 0x1C, 0x59, 0x1B, 0x21,
    0x59, 0xB0, 0x80, 0x62, 0x20, 0x5C, 0x58, 0x21, 0x21, 0x21, 0xB0, 0x00, 0xB8, 0x00, 0x1D, 0x1C,
    0x59, 0x23, 0xB0, 0x80, 0x62, 0x20, 0x5C, 0x58, 0x21, 0x21, 0x21, 0xB0, 0x00, 0xB8, 0x00, 0x0C,
    0x1C, 0x59, 0x8A, 0xB0, 0x01, 0x61, 0xB8, 0xFF, 0xAB, 0x1C, 0x23, 0x21, 0x2D, 0x2C, 0x20, 0xB0,
    0x02, 0x43, 0x54, 0xB0, 0x01, 0x23, 0xB8, 0x00, 0x81, 0x23, 0x78, 0x21, 0xB1, 0x00, 0x02, 0x43,
    0xB8, 0x00, 0x77, 0x23, 0x79, 0x21, 0xB1, 0x00, 0x02, 0x43, 0x8A, 0xB0, 0x20, 0x20, 0x5C, 0x58,
    0x21, 0x21, 0x21, 0xB8, 0x00, 0x67, 0x1C, 0x59, 0x8A, 0x8A, 0x20, 0x8A, 0x20, 0x8A, 0x23, 0xB8,
    0x10, 0x00, 0x63, 0x56, 0x58, 0xB8, 0x10, 0x00, 0x63, 0x56, 0x58, 0xB0, 0x04, 0x26, 0xB0, 0x01,
    0x5B, 0xB0, 0x04, 0x26, 0xB0, 0x04, 0x26, 0xB0, 0x04, 0x26, 0x1B, 0x21, 0x21, 0x21, 0x21, 0xB8,
    0x00, 0x38, 0xB0, 0x00, 0x23, 0x1C, 0x59, 0x1B, 0x21, 0x59, 0xB0, 0x04, 0x26, 0x23, 0xB0, 0x80,
    0x62, 0x20, 0x5C, 0x58, 0x8A, 0x5C, 0x8A, 0x5A, 0x23, 0x21, 0x23, 0x21, 0xB8, 0x00, 0x1E, 0x1C,
    0x59, 0x8A, 0xB0, 0x80, 0x62, 0x20, 0x5C, 0x58, 0x21, 0x21, 0x23, 0x21, 0xB8, 0x00, 0x0E, 0x1C,
    0x59, 0xB0, 0x04, 0x26, 0xB0, 0x01, 0x61, 0xB8, 0xFF, 0x93, 0x1C, 0x23, 0x21, 0x2D, 0x00, 0x00,
    0x03, 0x8C, 0x00, 0x64, 0x00, 0x00, 0x00, 0x00, 0x00, 0x00, 0x00, 0x00, 0x01, 0xFD, 0x00, 0x00,
    0x01, 0xFD, 0x00, 0x00, 0x02, 0x2A, 0x00, 0x7A, 0x02, 0x8C, 0x00, 0x3E, 0x04, 0xBD, 0x00, 0x3B,
    0x04, 0x97, 0x00, 0x5C, 0x05, 0xEA, 0x00, 0x60, 0x05, 0x43, 0x00, 0x47, 0x01, 0x4A, 0x00, 0x3F,
    0x02, 0xCC, 0x00, 0x7D, 0x02, 0xCF, 0x00, 0x28, 0x03, 0xA2, 0x00, 0x1B, 0x04, 0x5C, 0x00, 0x38,
    0x01, 0xF8, 0x00, 0x26, 0x03, 0x27, 0x00, 0x73, 0x02, 0x52, 0x00, 0x7E, 0x02, 0xF8, 0xFF, 0xF2,
    0x04, 0x97, 0x00, 0x5F, 0x04, 0x97, 0x00, 0xA8, 0x04, 0x97, 0x00, 0x47, 0x04, 0x97, 0x00, 0x3F,
    0x04, 0x97, 0x00, 0x39, 0x04, 0x97, 0x00, 0x69, 0x04, 0x97, 0x00, 0x64, 0x04, 0x97, 0x00, 0x3C,
    0x04, 0x97, 0x00, 0x5E, 0x04, 0x97, 0x00, 0x56, 0x02, 0x41, 0x00, 0x7B, 0x02, 0x1B, 0x00, 0x3B,
    0x04, 0x14, 0x00, 0x36, 0x04, 0x97, 0x00, 0x88, 0x04, 0x21, 0x00, 0x77, 0x03, 0xFB, 0x00, 0x2D,
    0x07, 0x2C, 0x00, 0x4C, 0x05, 0x60, 0x00, 0x07, 0x05, 0x1B, 0x00, 0x82, 0x05, 0x3C, 0x00, 0x56,
    0x05, 0x33, 0x00, 0x82, 0x04, 0x80, 0x00, 0x82, 0x04, 0x64, 0x00, 0x82, 0x05, 0x74, 0x00, 0x5F,
    0x05, 0xA6, 0x00, 0x82, 0x02, 0x57, 0x00, 0x96, 0x04, 0x78, 0x00, 0x2A, 0x05, 0x16, 0x00, 0x82,
    0x04, 0x54, 0x00, 0x82, 0x07, 0x01, 0x00, 0x82, 0x05, 0xA5, 0x00, 0x82, 0x05, 0x84, 0x00, 0x56,
    0x05, 0x28, 0x00, 0x82, 0x05, 0x84, 0x00, 0x54, 0x05, 0x20, 0x00, 0x82, 0x04, 0xED, 0x00, 0x45,
    0x04, 0xF5, 0x00, 0x29, 0x05, 0x46, 0x00, 0x75, 0x05, 0x3A, 0x00, 0x07, 0x07, 0x00, 0x00, 0x23,
    0x05, 0x14, 0x00, 0x15, 0x04, 0xF4, 0x00, 0x02, 0x04, 0xDB, 0x00, 0x49, 0x02, 0x37, 0x00, 0x79,
    0x03, 0x5F, 0xFF, 0xFF, 0x02, 0x37, 0x00, 0x0D, 0x03, 0x81, 0x00, 0x2D, 0x03, 0x8F, 0x00, 0x01,
    0x02, 0xA4, 0x00, 0x38, 0x04, 0x48, 0x00, 0x42, 0x04, 0x80, 0x00, 0x70, 0x04, 0x2B, 0x00, 0x42,
    0x04, 0x81, 0x00, 0x43, 0x04, 0x52, 0x00, 0x47, 0x02, 0xDD, 0x00, 0x1C, 0x04, 0x92, 0x00, 0x45,
    0x04, 0x7B, 0x00, 0x69, 0x02, 0x1E, 0x00, 0x6D, 0x02, 0x15, 0xFF, 0x9B, 0x04, 0x46, 0x00, 0x70,
    0x02, 0x1E, 0x00, 0x7F, 0x06, 0xEE, 0x00, 0x6F, 0x04, 0x7C, 0x00, 0x6A, 0x04, 0x84, 0x00, 0x42,
    0x04, 0x80, 0x00, 0x70, 0x04, 0x83, 0x00, 0x43, 0x02, 0xEE, 0x00, 0x70, 0x04, 0x1C, 0x00, 0x37,
    0x02, 0xB5, 0x00, 0x0C, 0x04, 0x7B, 0x00, 0x68, 0x04, 0x0D, 0x00, 0x0D, 0x05, 0xE0, 0x00, 0x1D,
    0x04, 0x12, 0x00, 0x16, 0x04, 0x07, 0x00, 0x04, 0x04, 0x12, 0x00, 0x4A, 0x02, 0xA3, 0x00, 0x30,
    0x02, 0x04, 0x00, 0xAE, 0x02, 0xA3, 0x00, 0x22, 0x05, 0x2F, 0x00, 0x6A, 0x02, 0x43, 0x00, 0x80,
    0x04, 0x9D, 0x00, 0x65, 0x04, 0xC1, 0x00, 0x63, 0x05, 0x8A, 0x00, 0x51, 0x04, 0x4A, 0x00, 0x0C,
    0x02, 0x02, 0x00, 0x80, 0x05, 0x07, 0x00, 0x5E, 0x03, 0xC3, 0x00, 0x61, 0x06, 0x49, 0x00, 0x58,
    0x03, 0x8D, 0x00, 0x8A, 0x04, 0x00, 0x00, 0x4C, 0x04, 0x68, 0x00, 0x7E, 0x06, 0x49, 0x00, 0x58,
    0x04, 0x01, 0x00, 0xA9, 0x03, 0x1E, 0x00, 0x80, 0x04, 0x4C, 0x00, 0x58, 0x02, 0xFB, 0x00, 0x39,
    0x02, 0xFB, 0x00, 0x31, 0x02, 0xA4, 0x00, 0x65, 0x04, 0xF1, 0x00, 0x8C, 0x03, 0xE9, 0x00, 0x4D,
    0x02, 0x6A, 0x00, 0x8D, 0x02, 0x26, 0x00, 0x61, 0x02, 0xFB, 0x00, 0x89, 0x03, 0xA9, 0x00, 0x78,
    0x04, 0x00, 0x00, 0x56, 0x05, 0xBB, 0x00, 0x67, 0x06, 0x12, 0x00, 0x55, 0x06, 0x7A, 0x00, 0x5E,
    0x03, 0xFC, 0x00, 0x47, 0x07, 0x82, 0x00, 0x06, 0x04, 0x3F, 0x00, 0x41, 0x05, 0x82, 0x00, 0x5D,
    0x04, 0xE0, 0x00, 0x85, 0x05, 0x0E, 0x00, 0x89, 0x06, 0xC2, 0x00, 0x43, 0x04, 0x99, 0x00, 0x55,
    0x04, 0x90, 0x00, 0x40, 0x04, 0x83, 0x00, 0x42, 0x04, 0x87, 0x00, 0x70, 0x05, 0x0A, 0x00, 0x43,
    0x05, 0xC2, 0x00, 0x20, 0x02, 0x2F, 0x00, 0x86, 0x04, 0xBA, 0x00, 0x82, 0x04, 0x76, 0x00, 0x1D,
    0x02, 0x74, 0x00, 0x1E, 0x05, 0xA2, 0x00, 0x81, 0x04, 0x83, 0x00, 0x6C, 0x07, 0xBD, 0x00, 0x61,
    0x07, 0x3A, 0x00, 0x53, 0x02, 0x11, 0x00, 0x74, 0x05, 0x91, 0x00, 0x4D, 0x02, 0xE3, 0xFF, 0xDA,
    0x05, 0xA0, 0x00, 0x52, 0x04, 0xA6, 0x00, 0x40, 0x05, 0xB3, 0x00, 0x75, 0x04, 0xDB, 0x00, 0x68,
    0x02, 0x40, 0xFF, 0xA8, 0x04, 0x3B, 0x00, 0x4D, 0x03, 0xF3, 0x00, 0x79, 0x03, 0xC1, 0x00, 0x54,
    0x04, 0x01, 0x00, 0xA9, 0x03, 0x8F, 0x00, 0x6A, 0x02, 0x1E, 0x00, 0x76, 0x02, 0xA7, 0x00, 0x78,
    0x02, 0x68, 0x00, 0x22, 0x03, 0xD5, 0x00, 0x74, 0x03, 0x4D, 0x00, 0x3A, 0x02, 0x87, 0x00, 0x92,
    0x00, 0x00, 0xFC, 0x82, 0x00, 0x00, 0xFD, 0x58, 0x00, 0x00, 0xFC, 0x61, 0x00, 0x00, 0xFD, 0x1D,
    0x00, 0x00, 0xFB, 0xEE, 0x00, 0x00, 0xFD, 0x07, 0x02, 0xB9, 0x00, 0xDE, 0x04, 0x63, 0x00, 0x6A,
    0x02, 0x6A, 0x00, 0x8D, 0x04, 0x75, 0x00, 0x83, 0x05, 0xDB, 0x00, 0x16, 0x05, 0x81, 0x00, 0x53,
    0x05, 0x2D, 0x00, 0x11, 0x04, 0x88, 0x00, 0x5E, 0x05, 0xA8, 0x00, 0x83, 0x04, 0x88, 0x00, 0x48,
    0x06, 0x2D, 0x00, 0x4B, 0x05, 0xD4, 0x00, 0x35, 0x05, 0x60, 0x00, 0x68, 0x04, 0x82, 0x00, 0x4A,
    0x04, 0xD1, 0x00, 0x8F, 0x04, 0x15, 0x00, 0x10, 0x04, 0x83, 0x00, 0x43, 0x04, 0x76, 0x00, 0x60,
    0x03, 0xFC, 0x00, 0x48, 0x04, 0x83, 0x00, 0x6C, 0x04, 0xBA, 0x00, 0x72, 0x02, 0xB0, 0x00, 0x87,
    0x04, 0x63, 0x00, 0x08, 0x04, 0x41, 0x00, 0x69, 0x05, 0x2B, 0x00, 0x36, 0x04, 0x83, 0x00, 0x71,
    0x04, 0x1C, 0x00, 0x3F, 0x04, 0x93, 0x00, 0x41, 0x04, 0x29, 0x00, 0x2A, 0x04, 0x5D, 0x00, 0x72,
    0x05, 0xF8, 0x00, 0x37, 0x05, 0xF5, 0x00, 0x46, 0x06, 0x92, 0x00, 0x53, 0x04, 0xC4, 0x00, 0x77,
    0x04, 0xC0, 0xFF, 0xE6, 0x06, 0xA2, 0x00, 0x11, 0x05, 0xFB, 0x00, 0x1D, 0x05, 0x44, 0x00, 0x56,
    0x08, 0x73, 0x00, 0x29, 0x08, 0x76, 0x00, 0x83, 0x06, 0x28, 0x00, 0x20, 0x05, 0x98, 0x00, 0x73,
    0x05, 0x03, 0x00, 0x80, 0x05, 0xF6, 0x00, 0x1B, 0x07, 0xFF, 0x00, 0x10, 0x04, 0xF1, 0x00, 0x44,
    0x05, 0x99, 0x00, 0x77, 0x05, 0xA6, 0x00, 0x29, 0x05, 0x0D, 0x00, 0x1C, 0x06, 0x88, 0x00, 0x48,
    0x06, 0x12, 0x00, 0x73, 0x05, 0x8E, 0x00, 0x8B, 0x07, 0xAA, 0x00, 0x7F, 0x08, 0x2C, 0x00, 0x7F,
    0x06, 0x2E, 0x00, 0x18, 0x06, 0xF4, 0x00, 0x84, 0x04, 0xFF, 0x00, 0x80, 0x05, 0x30, 0x00, 0x3A,
    0x07, 0x93, 0x00, 0x8E, 0x04, 0xBF, 0xFF, 0xDF, 0x04, 0x90, 0x00, 0x54, 0x04, 0x85, 0x00, 0x83,
    0x03, 0x5B, 0x00, 0x6E, 0x05, 0x0C, 0x00, 0x21, 0x06, 0xDD, 0x00, 0x29, 0x04, 0x1D, 0x00, 0x45,
    0x04, 0x88, 0x00, 0x6F, 0x04, 0x80, 0x00, 0x83, 0x04, 0x8A, 0x00, 0x15, 0x06, 0x13, 0x00, 0x83,
    0x04, 0x87, 0x00, 0x6F, 0x04, 0x88, 0x00, 0x6F, 0x04, 0x15, 0x00, 0x1F, 0x05, 0xDA, 0x00, 0x44,
    0x04, 0xDE, 0x00, 0x6F, 0x04, 0x6E, 0x00, 0x58, 0x06, 0x9E, 0x00, 0x6F, 0x07, 0x37, 0x00, 0x6C,
    0x05, 0x44, 0x00, 0x22, 0x06, 0xA0, 0x00, 0x83, 0x04, 0x77, 0x00, 0x83, 0x04, 0x27, 0x00, 0x3F,
    0x06, 0x7E, 0x00, 0x87, 0x04, 0x7A, 0x00, 0x2D, 0x04, 0x7B, 0xFF, 0xCA, 0x04, 0x27, 0x00, 0x40,
    0x06, 0xE1, 0x00, 0x14, 0x06, 0xE4, 0x00, 0x6F, 0x04, 0x83, 0xFF, 0xD7, 0x04, 0x88, 0x00, 0x6F,
    0x07, 0x9B, 0x00, 0x77, 0x06, 0x9E, 0x00, 0x65, 0x04, 0x77, 0xFF, 0xE6, 0x07, 0x24, 0x00, 0x7D,
    0x06, 0x0A, 0x00, 0x75, 0x05, 0x4E, 0x00, 0x0E, 0x04, 0x7A, 0x00, 0x08, 0x07, 0x81, 0x00, 0x93,
    0x06, 0x67, 0x00, 0x7D, 0x06, 0xF5, 0x00, 0x6D, 0x05, 0xD9, 0x00, 0x6E, 0x09, 0x49, 0x00, 0x96,
    0x08, 0x07, 0x00, 0x86, 0x04, 0x1C, 0x00, 0x07, 0x04, 0x0A, 0x00, 0x1D, 0x05, 0x81, 0x00, 0x5B,
    0x04, 0x84, 0x00, 0x40, 0x05, 0x23, 0x00, 0x0B, 0x04, 0x15, 0x00, 0x10, 0x05, 0x81, 0x00, 0x5B,
    0x04, 0x83, 0x00, 0x42, 0x07, 0x99, 0x00, 0x77, 0x06, 0x80, 0x00, 0x6D, 0x07, 0x9B, 0x00, 0x77,
    0x06, 0x9E, 0x00, 0x65, 0x04, 0xF3, 0x00, 0x5A, 0x04, 0x45, 0x00, 0x56, 0x04, 0xF9, 0x00, 0x6D,
    0x00, 0x00, 0xFC, 0x78, 0x00, 0x00, 0xFC, 0x79, 0x00, 0x00, 0xFD, 0x98, 0x00, 0x00, 0xFD, 0xA7,
    0x00, 0x00, 0xFA, 0x31, 0x00, 0x00, 0xFA, 0x71, 0x06, 0x34, 0x00, 0x77, 0x05, 0x33, 0x00, 0x6F,
    0x04, 0x77, 0xFF, 0xE6, 0x05, 0x07, 0x00, 0x82, 0x04, 0x82, 0x00, 0x70, 0x04, 0x72, 0x00, 0x7F,
    0x03, 0xB2, 0x00, 0x6C, 0x04, 0xF7, 0x00, 0x83, 0x04, 0x3D, 0x00, 0x6C, 0x08, 0x91, 0x00, 0x10,
    0x07, 0x4B, 0x00, 0x29, 0x05, 0xF1, 0x00, 0x83, 0x05, 0x33, 0x00, 0x83, 0x05, 0x4C, 0x00, 0x81,
    0x04, 0xD2, 0x00, 0x82, 0x06, 0x9A, 0x00, 0x25, 0x05, 0xB7, 0x00, 0x3A, 0x06, 0x3C, 0x00, 0x82,
    0x05, 0x2E, 0x00, 0x6F, 0x07, 0xE8, 0x00, 0x82, 0x05, 0xA8, 0x00, 0x6C, 0x08, 0x5D, 0x00, 0x83,
    0x06, 0xEB, 0x00, 0x6C, 0x06, 0x73, 0x00, 0x5F, 0x05, 0x2D, 0x00, 0x55, 0x05, 0x55, 0x00, 0x15,
    0x04, 0x55, 0x00, 0x16, 0x07, 0x24, 0x00, 0x20, 0x05, 0x7E, 0x00, 0x2D, 0x06, 0x20, 0x00, 0x8B,
    0x05, 0x17, 0x00, 0x58, 0x05, 0x6F, 0x00, 0x6E, 0x04, 0x7C, 0x00, 0x69, 0x05, 0x97, 0x00, 0x89,
    0x06, 0x0A, 0xFF, 0xDE, 0x04, 0xC9, 0xFF, 0xBC, 0x05, 0x32, 0x00, 0x81, 0x04, 0x91, 0x00, 0x82,
    0x06, 0x3C, 0x00, 0x29, 0x05, 0x34, 0x00, 0x15, 0x05, 0xA7, 0x00, 0x83, 0x04, 0x83, 0x00, 0x6C,
    0x06, 0x3F, 0x00, 0x82, 0x05, 0x31, 0x00, 0x6F, 0x07, 0x95, 0x00, 0x82, 0x06, 0xA1, 0x00, 0x83,
    0x05, 0x91, 0x00, 0x4D, 0x04, 0x9F, 0x00, 0x50, 0x04, 0xA1, 0x00, 0x52, 0x04, 0xCC, 0x00, 0x21,
    0x03, 0xA8, 0x00, 0x11, 0x05, 0x9B, 0x00, 0x15, 0x04, 0x9A, 0x00, 0x16, 0x04, 0xFA, 0x00, 0x48,
    0x07, 0x42, 0x00, 0x74, 0x06, 0xD3, 0x00, 0x5B, 0x06, 0x4D, 0x00, 0x42, 0x05, 0x24, 0x00, 0x2D,
    0x04, 0xB4, 0x00, 0x43, 0x04, 0x7E, 0x00, 0x6D, 0x07, 0xB8, 0x00, 0x40, 0x06, 0xCB, 0x00, 0x3E,
    0x07, 0xF0, 0x00, 0x82, 0x06, 0x9A, 0x00, 0x5C, 0x05, 0x12, 0x00, 0x47, 0x04, 0x3D, 0x00, 0x47,
    0x05, 0xA4, 0x00, 0x1F, 0x05, 0x19, 0x00, 0x42, 0x05, 0x3A, 0x00, 0x68, 0x06, 0x7F, 0x00, 0x29,
    0x05, 0x78, 0x00, 0x15, 0x05, 0x70, 0x00, 0x5E, 0x03, 0x17, 0x00, 0x5A, 0x04, 0x14, 0x00, 0x00,
    0x08, 0x29, 0x00, 0x00, 0x04, 0x14, 0x00, 0x00, 0x08, 0x29, 0x00, 0x00, 0x02, 0xB9, 0x00, 0x00,
    0x02, 0x0A, 0x00, 0x00, 0x01, 0x5C, 0x00, 0x00, 0x04, 0x7F, 0x00, 0x00, 0x02, 0x30, 0x00, 0x00,
    0x01, 0xA2, 0x00, 0x00, 0x01, 0x00, 0x00, 0x00, 0x00, 0xD1, 0x00, 0x00, 0x00, 0x00, 0x00, 0x00,
    0x03, 0x26, 0x00, 0x73, 0x03, 0x26, 0x00, 0x73, 0x05, 0x0B, 0x00, 0x97, 0x06, 0x18, 0x00, 0x69,
    0x03, 0x90, 0x00, 0x04, 0x01, 0xDE, 0x00, 0x68, 0x01, 0xD6, 0x00, 0x3C, 0x01, 0xFC, 0x00, 0x44,
    0x01, 0xAA, 0x00, 0x48, 0x03, 0x3A, 0x00, 0x70, 0x03, 0x41, 0x00, 0x4A, 0x03, 0x35, 0x00, 0x44,
    0x04, 0x4E, 0x00, 0x39, 0x04, 0xA2, 0x00, 0x63, 0x02, 0xE0, 0x00, 0x88, 0x04, 0x2D, 0x00, 0x86,
    0x05, 0xED, 0x00, 0x86, 0x02, 0x13, 0x00, 0x68, 0x07, 0xB1, 0x00, 0x5A, 0x02, 0x7F, 0x00, 0x6C,
    0x02, 0x6B, 0x00, 0x51, 0x03, 0x90, 0x00, 0x1E, 0x02, 0xFB, 0x00, 0x48, 0x02, 0xFB, 0x00, 0x36,
    0x02, 0xFB, 0x00, 0x46, 0x02, 0xFB, 0x00, 0x47, 0x02, 0xFB, 0x00, 0x34, 0x02, 0xFB, 0x00, 0x48,
    0x02, 0xFB, 0x00, 0x44, 0x03, 0x3B, 0x00, 0x50, 0x02, 0xEF, 0x00, 0x50, 0x02, 0xEF, 0x00, 0x50,
    0x02, 0x12, 0x00, 0x51, 0x02, 0x12, 0x00, 0x50, 0x03, 0x58, 0x00, 0x56, 0x02, 0xFB, 0x00, 0x48,
    0x02, 0xFB, 0x00, 0x89, 0x02, 0xFB, 0x00, 0x39, 0x02, 0xFB, 0x00, 0x31, 0x02, 0xFB, 0x00, 0x36,
    0x02, 0xFB, 0x00, 0x46, 0x02, 0xFB, 0x00, 0x47, 0x02, 0xFB, 0x00, 0x34, 0x02, 0xFB, 0x00, 0x48,
    0x02, 0xFB, 0x00, 0x44, 0x03, 0x3B, 0x00, 0x50, 0x02, 0xEF, 0x00, 0x50, 0x02, 0xEF, 0x00, 0x50,
    0x02, 0x12, 0x00, 0x51, 0x02, 0x12, 0x00, 0x50, 0x04, 0xC1, 0x00, 0x66, 0x06, 0x81, 0x00, 0x26,
    0x06, 0xE5, 0x00, 0x8E, 0x08, 0xAF, 0x00, 0x82, 0x06, 0x7F, 0x00, 0x26, 0x06, 0xFA, 0x00, 0x70,
    0x04, 0x97, 0x00, 0x59, 0x05, 0xF8, 0x00, 0x26, 0x04, 0x35, 0x00, 0x29, 0x04, 0xBD, 0x00, 0x26,
    0x05, 0x77, 0x00, 0x44, 0x05, 0xA5, 0x00, 0x35, 0x05, 0xE0, 0x00, 0x63, 0x03, 0xF4, 0x00, 0x27,
    0x08, 0x1C, 0x00, 0x80, 0x05, 0x0D, 0x00, 0x76, 0x05, 0x10, 0x00, 0x94, 0x06, 0x44, 0x00, 0x62,
    0x06, 0xE5, 0x00, 0x49, 0x06, 0xD0, 0x00, 0x59, 0x06, 0xE5, 0x00, 0x5D, 0x04, 0x95, 0x00, 0x59,
    0x05, 0x86, 0x00, 0xA4, 0x05, 0x06, 0x00, 0x39, 0x04, 0x70, 0x00, 0x92, 0x04, 0x7A, 0x00, 0x38,
    0x08, 0x66, 0x00, 0x60, 0x02, 0x52, 0xFF, 0xA1, 0x04, 0x9E, 0x00, 0x65, 0x04, 0x97, 0x00, 0x88,
    0x04, 0x14, 0x00, 0x36, 0x04, 0x21, 0x00, 0x76, 0x04, 0x13, 0x00, 0x20, 0x02, 0x55, 0x00, 0x87,
    0x02, 0x8C, 0x00, 0x5A, 0x01, 0xD2, 0x00, 0x35, 0x04, 0xE1, 0x00, 0x16, 0x04, 0xE7, 0x00, 0x1C,
    0x07, 0x70, 0x00, 0x1C, 0x07, 0x70, 0x00, 0x1C, 0x00, 0x00, 0x00, 0x00, 0x08, 0x2C, 0x00, 0x57,
    0x08, 0x35, 0x00, 0x5C, 0x02, 0xFB, 0x00, 0x39, 0x02, 0xFB, 0x00, 0x89, 0x02, 0xFB, 0x00, 0x48,
    0x02, 0xFB, 0x00, 0x31, 0x02, 0xFB, 0x00, 0x36, 0x02, 0xFB, 0x00, 0x46, 0x02, 0xFB, 0x00, 0x47,
    0x02, 0xFB, 0x00, 0x34, 0x02, 0xFB, 0x00, 0x48, 0x02, 0xFB, 0x00, 0x44, 0x03, 0xD1, 0x00, 0x8C,
    0x02, 0xA9, 0x00, 0x91, 0x05, 0x2B, 0x00, 0x83, 0x01, 0xFD, 0x00, 0x84, 0x03, 0x9D, 0x00, 0x6A,
    0x00, 0x00, 0xFC, 0x9A, 0x03, 0xFD, 0x00, 0x83, 0x03, 0xFE, 0xFF, 0x47, 0x04, 0x07, 0x00, 0x86,
    0x03, 0xFE, 0x00, 0x86, 0x03, 0x9B, 0x00, 0x6A, 0x03, 0x9B, 0x00, 0x6A, 0x02, 0xFB, 0x00, 0x48,
    0x02, 0xFB, 0x00, 0x36, 0x02, 0xFB, 0x00, 0x46, 0x02, 0xFB, 0x00, 0x47, 0x02, 0xFB, 0x00, 0x34,
    0x02, 0xFB, 0x00, 0x48, 0x02, 0xFB, 0x00, 0x44, 0x03, 0x9D, 0x00, 0x6A, 0x01, 0xDD, 0x00, 0x5D,
    0x02, 0x19, 0xFF, 0x9A, 0x04, 0x97, 0x00, 0x5D, 0x04, 0x97, 0x00, 0x5E, 0x02, 0x41, 0xFF, 0xA8,
    0x02, 0x40, 0xFF, 0xA8, 0x02, 0x2F, 0x00, 0x86, 0x02, 0x2F, 0xFF, 0xFC, 0x02, 0x2F, 0x00, 0x86,
    0x04, 0x3D, 0x00, 0x38, 0x04, 0x45, 0x00, 0x14, 0x03, 0xD9, 0x00, 0x69, 0x01, 0xFD, 0x00, 0x00,
    0x03, 0x27, 0x00, 0x73, 0x05, 0x51, 0x00, 0x0B, 0x05, 0x51, 0x00, 0x0B, 0x04, 0x99, 0xFF, 0xEB,
    0x04, 0xF5, 0x00, 0x29, 0x02, 0xB5, 0xFF, 0xE4, 0x05, 0x60, 0x00, 0x07, 0x05, 0x60, 0x00, 0x07,
    0x05, 0x60, 0x00, 0x07, 0x05, 0x60, 0x00, 0x07, 0x05, 0x60, 0x00, 0x07, 0x05, 0x60, 0x00, 0x07,
    0x05, 0x60, 0x00, 0x07, 0x05, 0x3C, 0x00, 0x56, 0x04, 0x80, 0x00, 0x82, 0x04, 0x80, 0x00, 0x82,
    0x04, 0x80, 0x00, 0x82, 0x04, 0x80, 0x00, 0x82, 0x02, 0x57, 0xFF, 0xBA, 0x02, 0x57, 0x00, 0x96,
    0x02, 0x57, 0xFF, 0xAE, 0x02, 0x57, 0xFF, 0xAB, 0x05, 0xA5, 0x00, 0x82, 0x05, 0x84, 0x00, 0x56,
    0x05, 0x84, 0x00, 0x56, 0x05, 0x84, 0x00, 0x56, 0x05, 0x84, 0x00, 0x56, 0x05, 0x84, 0x00, 0x56,
    0x05, 0x46, 0x00, 0x75, 0x05, 0x46, 0x00, 0x75, 0x05, 0x46, 0x00, 0x75, 0x05, 0x46, 0x00, 0x75,
    0x04, 0xF4, 0x00, 0x02, 0x04, 0x48, 0x00, 0x42, 0x04, 0x48, 0x00, 0x42, 0x04, 0x48, 0x00, 0x42,
    0x04, 0x48, 0x00, 0x42, 0x04, 0x48, 0x00, 0x42, 0x04, 0x48, 0x00, 0x42, 0x04, 0x48, 0x00, 0x42,
    0x04, 0x2B, 0x00, 0x42, 0x04, 0x52, 0x00, 0x47, 0x04, 0x52, 0x00, 0x47, 0x04, 0x52, 0x00, 0x47,
    0x04, 0x52, 0x00, 0x47, 0x02, 0x2F, 0xFF, 0xA8, 0x02, 0x2F, 0x00, 0x86, 0x02, 0x2F, 0xFF, 0x9C,
    0x02, 0x2F, 0xFF, 0x98, 0x04, 0x7C, 0x00, 0x6A, 0x04, 0x84, 0x00, 0x42, 0x04, 0x84, 0x00, 0x42,
    0x04, 0x84, 0x00, 0x42, 0x04, 0x84, 0x00, 0x42, 0x04, 0x84, 0x00, 0x42, 0x04, 0x7B, 0x00, 0x68,
    0x04, 0x7B, 0x00, 0x68, 0x04, 0x7B, 0x00, 0x68, 0x04, 0x7B, 0x00, 0x68, 0x04, 0x07, 0x00, 0x04,
    0x04, 0x07, 0x00, 0x04, 0x05, 0x60, 0x00, 0x07, 0x04, 0x48, 0x00, 0x42, 0x05, 0x60, 0x00, 0x07,
    0x04, 0x48, 0x00, 0x42, 0x05, 0x60, 0x00, 0x07, 0x04, 0x48, 0x00, 0x42, 0x05, 0x3C, 0x00, 0x56,
    0x04, 0x2B, 0x00, 0x42, 0x05, 0x3C, 0x00, 0x56, 0x04, 0x2B, 0x00, 0x42, 0x05, 0x3C, 0x00, 0x56,
    0x04, 0x2B, 0x00, 0x42, 0x05, 0x3C, 0x00, 0x56, 0x04, 0x2B, 0x00, 0x42, 0x05, 0x33, 0x00, 0x80,
    0x05, 0x17, 0x00, 0x43, 0x04, 0x80, 0x00, 0x82, 0x04, 0x52, 0x00, 0x47, 0x04, 0x80, 0x00, 0x82,
    0x04, 0x52, 0x00, 0x47, 0x04, 0x80, 0x00, 0x82, 0x04, 0x52, 0x00, 0x47, 0x04, 0x80, 0x00, 0x82,
    0x04, 0x52, 0x00, 0x47, 0x04, 0x80, 0x00, 0x82, 0x04, 0x52, 0x00, 0x47, 0x05, 0x74, 0x00, 0x5F,
    0x04, 0x92, 0x00, 0x45, 0x05, 0x74, 0x00, 0x5F, 0x04, 0x92, 0x00, 0x45, 0x05, 0x74, 0x00, 0x5F,
    0x04, 0x92, 0x00, 0x45, 0x05, 0x74, 0x00, 0x5F, 0x04, 0x92, 0x00, 0x45, 0x05, 0xA6, 0x00, 0x82,
    0x04, 0x7B, 0x00, 0x69, 0x02, 0x57, 0xFF, 0xB2, 0x02, 0x2F, 0xFF, 0x9F, 0x02, 0x57, 0xFF, 0xD5,
    0x02, 0x2F, 0xFF, 0xC2, 0x02, 0x57, 0xFF, 0xD0, 0x02, 0x2F, 0xFF, 0xBD, 0x02, 0x57, 0x00, 0x18,
    0x02, 0x1E, 0x00, 0x03, 0x02, 0x57, 0x00, 0x96, 0x06, 0xCF, 0x00, 0x96, 0x04, 0x33, 0x00, 0x6D,
    0x04, 0x78, 0x00, 0x2A, 0x02, 0x40, 0xFF, 0x94, 0x05, 0x16, 0x00, 0x82, 0x04, 0x46, 0x00, 0x70,
    0x04, 0x54, 0x00, 0x82, 0x02, 0x1E, 0x00, 0x7F, 0x04, 0x54, 0x00, 0x82, 0x02, 0x1E, 0x00, 0x5C,
    0x04, 0x54, 0x00, 0x82, 0x02, 0xB4, 0x00, 0x7F, 0x04, 0x54, 0x00, 0x82, 0x02, 0xFA, 0x00, 0x7F,
    0x05, 0xA5, 0x00, 0x82, 0x04, 0x7C, 0x00, 0x6A, 0x05, 0xA5, 0x00, 0x82, 0x04, 0x7C, 0x00, 0x6A,
    0x05, 0xA5, 0x00, 0x82, 0x04, 0x7C, 0x00, 0x6A, 0x04, 0x7C, 0xFF, 0x90, 0x05, 0x84, 0x00, 0x56,
    0x04, 0x84, 0x00, 0x42, 0x05, 0x84, 0x00, 0x56, 0x04, 0x84, 0x00, 0x42, 0x05, 0x84, 0x00, 0x56,
    0x04, 0x84, 0x00, 0x42, 0x05, 0x20, 0x00, 0x82, 0x02, 0xEE, 0x00, 0x70, 0x05, 0x20, 0x00, 0x82,
    0x02, 0xEE, 0x00, 0x51, 0x05, 0x20, 0x00, 0x82, 0x02, 0xEE, 0x00, 0x11, 0x04, 0xED, 0x00, 0x45,
    0x04, 0x1C, 0x00, 0x37, 0x04, 0xED, 0x00, 0x45, 0x04, 0x1C, 0x00, 0x37, 0x04, 0xED, 0x00, 0x45,
    0x04, 0x1C, 0x00, 0x37, 0x04, 0xED, 0x00, 0x45, 0x04, 0x1C, 0x00, 0x37, 0x04, 0xED, 0x00, 0x45,
    0x04, 0x1C, 0x00, 0x37, 0x04, 0xF5, 0x00, 0x29, 0x02, 0xB5, 0x00, 0x0C, 0x04, 0xF5, 0x00, 0x29,
    0x02, 0xB5, 0x00, 0x0C, 0x04, 0xF5, 0x00, 0x29, 0x02, 0xDD, 0x00, 0x0C, 0x05, 0x46, 0x00, 0x75,
    0x04, 0x7B, 0x00, 0x68, 0x05, 0x46, 0x00, 0x75, 0x04, 0x7B, 0x00, 0x68, 0x05, 0x46, 0x00, 0x75,
    0x04, 0x7B, 0x00, 0x68, 0x05, 0x46, 0x00, 0x75, 0x04, 0x7B, 0x00, 0x68, 0x05, 0x46, 0x00, 0x75,
    0x04, 0x7B, 0x00, 0x68, 0x05, 0x46, 0x00, 0x75, 0x04, 0x7B, 0x00, 0x68, 0x07, 0x00, 0x00, 0x23,
    0x05, 0xE0, 0x00, 0x1D, 0x04, 0xF4, 0x00, 0x02, 0x04, 0x07, 0x00, 0x04, 0x04, 0xF4, 0x00, 0x02,
    0x04, 0xDB, 0x00, 0x49, 0x04, 0x12, 0x00, 0x4A, 0x04, 0xDB, 0x00, 0x49, 0x04, 0x12, 0x00, 0x4A,
    0x04, 0xDB, 0x00, 0x49, 0x04, 0x12, 0x00, 0x4A, 0x07, 0x82, 0x00, 0x06, 0x06, 0xC2, 0x00, 0x43,
    0x05, 0x82, 0x00, 0x5D, 0x04, 0x83, 0x00, 0x42, 0x05, 0x60, 0x00, 0x07, 0x04, 0xE4, 0xFF, 0x03,
    0x06, 0x0A, 0xFF, 0x07, 0x02, 0xBB, 0xFF, 0x08, 0x05, 0x98, 0xFF, 0x79, 0x05, 0x58, 0xFF, 0x14,
    0x05, 0x74, 0xFF, 0x91, 0x02, 0xB0, 0xFF, 0x72, 0x05, 0x60, 0x00, 0x07, 0x05, 0x1B, 0x00, 0x82,
    0x04, 0x80, 0x00, 0x82, 0x04, 0xDB, 0x00, 0x49, 0x05, 0xA6, 0x00, 0x82, 0x02, 0x57, 0x00, 0x96,
    0x05, 0x16, 0x00, 0x82, 0x07, 0x01, 0x00, 0x82, 0x05, 0xA5, 0x00, 0x82, 0x05, 0x84, 0x00, 0x56,
    0x05, 0x28, 0x00, 0x82, 0x04, 0xF5, 0x00, 0x29, 0x04, 0xF4, 0x00, 0x02, 0x05, 0x14, 0x00, 0x15,
    0x02, 0x57, 0xFF, 0xAB, 0x04, 0xF4, 0x00, 0x02, 0x04, 0x82, 0x00, 0x4A, 0x04, 0x76, 0x00, 0x60,
    0x04, 0x83, 0x00, 0x6C, 0x02, 0xB0, 0x00, 0x87, 0x04, 0x5D, 0x00, 0x72, 0x04, 0xBA, 0x00, 0x82,
    0x04, 0x84, 0x00, 0x42, 0x04, 0xF1, 0x00, 0x8C, 0x04, 0x0D, 0x00, 0x0D, 0x04, 0x45, 0x00, 0x14,
    0x02, 0xB0, 0xFF, 0xA6, 0x04, 0x5D, 0x00, 0x72, 0x04, 0x84, 0x00, 0x42, 0x04, 0x5D, 0x00, 0x72,
    0x06, 0x92, 0x00, 0x53, 0x04, 0x80, 0x00, 0x82, 0x04, 0x75, 0x00, 0x83, 0x04, 0xED, 0x00, 0x45,
    0x02, 0x57, 0x00, 0x96, 0x02, 0x57, 0xFF, 0xAB, 0x04, 0x78, 0x00, 0x2A, 0x05, 0x2B, 0x00, 0x83,
    0x05, 0x16, 0x00, 0x82, 0x05, 0x0D, 0x00, 0x1C, 0x05, 0x60, 0x00, 0x07, 0x05, 0x1B, 0x00, 0x82,
    0x04, 0x75, 0x00, 0x83, 0x04, 0x80, 0x00, 0x82, 0x05, 0x99, 0x00, 0x77, 0x07, 0x01, 0x00, 0x82,
    0x05, 0xA6, 0x00, 0x82, 0x05, 0x84, 0x00, 0x56, 0x05, 0xA8, 0x00, 0x83, 0x05, 0x28, 0x00, 0x82,
    0x05, 0x3C, 0x00, 0x56, 0x04, 0xF5, 0x00, 0x29, 0x05, 0x14, 0x00, 0x15, 0x04, 0x48, 0x00, 0x42,
    0x04, 0x52, 0x00, 0x47, 0x04, 0x88, 0x00, 0x6F, 0x04, 0x84, 0x00, 0x42, 0x04, 0x80, 0x00, 0x70,
    0x04, 0x2B, 0x00, 0x42, 0x04, 0x07, 0x00, 0x04, 0x04, 0x12, 0x00, 0x16, 0x04, 0x52, 0x00, 0x47,
    0x03, 0x5B, 0x00, 0x6E, 0x04, 0x1C, 0x00, 0x37, 0x02, 0x1E, 0x00, 0x6D, 0x02, 0x2F, 0xFF, 0x98,
    0x02, 0x15, 0xFF, 0x9B, 0x04, 0x80, 0x00, 0x83, 0x04, 0x07, 0x00, 0x04, 0x07, 0x00, 0x00, 0x23,
    0x05, 0xE0, 0x00, 0x1D, 0x07, 0x00, 0x00, 0x23, 0x05, 0xE0, 0x00, 0x1D, 0x07, 0x00, 0x00, 0x23,
    0x05, 0xE0, 0x00, 0x1D, 0x04, 0xF4, 0x00, 0x02, 0x04, 0x07, 0x00, 0x04, 0x01, 0x4A, 0x00, 0x3F,
    0x02, 0x8C, 0x00, 0x3E, 0x04, 0x53, 0x00, 0x7A, 0x02, 0x40, 0xFF, 0x85, 0x01, 0xD6, 0x00, 0x3C,
    0x07, 0x01, 0x00, 0x82, 0x06, 0xEE, 0x00, 0x6F, 0x05, 0x60, 0x00, 0x07, 0x04, 0x48, 0x00, 0x42,
    0x04, 0x80, 0x00, 0x82, 0x05, 0x99, 0x00, 0x77, 0x04, 0x52, 0x00, 0x47, 0x04, 0x88, 0x00, 0x6F,
    0x05, 0xD4, 0x00, 0x35, 0x05, 0xF5, 0x00, 0x46, 0x05, 0x23, 0x00, 0x0B, 0x04, 0x15, 0xFF, 0xEB,
    0x08, 0x8C, 0x00, 0x42, 0x09, 0x8C, 0x00, 0x56, 0x04, 0xF1, 0x00, 0x44, 0x04, 0x1D, 0x00, 0x45,
    0x05, 0x3C, 0x00, 0x56, 0x04, 0x2B, 0x00, 0x42, 0x04, 0xF4, 0x00, 0x02, 0x04, 0x15, 0x00, 0x10,
    0x02, 0x57, 0x00, 0x96, 0x07, 0xFF, 0x00, 0x10, 0x06, 0xDD, 0x00, 0x29, 0x02, 0x57, 0x00, 0x96,
    0x05, 0x60, 0x00, 0x07, 0x04, 0x48, 0x00, 0x42, 0x05, 0x60, 0x00, 0x07, 0x04, 0x48, 0x00, 0x42,
    0x07, 0x82, 0x00, 0x06, 0x06, 0xC2, 0x00, 0x43, 0x04, 0x80, 0x00, 0x82, 0x04, 0x52, 0x00, 0x47,
    0x05, 0x91, 0x00, 0x4D, 0x04, 0x3B, 0x00, 0x4D, 0x04, 0x3B, 0x00, 0x4D, 0x07, 0xFF, 0x00, 0x10,
    0x06, 0xDD, 0x00, 0x29, 0x04, 0xF1, 0x00, 0x44, 0x04, 0x1D, 0x00, 0x45, 0x05, 0x99, 0x00, 0x77,
    0x04, 0x88, 0x00, 0x6F, 0x05, 0x99, 0x00, 0x77, 0x04, 0x88, 0x00, 0x6F, 0x05, 0x84, 0x00, 0x56,
    0x04, 0x84, 0x00, 0x42, 0x05, 0x81, 0x00, 0x5B, 0x04, 0x84, 0x00, 0x40, 0x05, 0x81, 0x00, 0x5B,
    0x04, 0x84, 0x00, 0x40, 0x05, 0x30, 0x00, 0x3A, 0x04, 0x27, 0x00, 0x3F, 0x05, 0x0D, 0x00, 0x1C,
    0x04, 0x07, 0x00, 0x04, 0x05, 0x0D, 0x00, 0x1C, 0x04, 0x07, 0x00, 0x04, 0x05, 0x0D, 0x00, 0x1C,
    0x04, 0x07, 0x00, 0x04, 0x05, 0x8E, 0x00, 0x8B, 0x04, 0x6E, 0x00, 0x58, 0x06, 0xF4, 0x00, 0x84,
    0x06, 0xA0, 0x00, 0x83, 0x04, 0x81, 0x00, 0x43, 0x05, 0x60, 0x00, 0x07, 0x04, 0x48, 0x00, 0x42,
    0x05, 0x60, 0x00, 0x07, 0x04, 0x48, 0x00, 0x42, 0x05, 0x60, 0x00, 0x07, 0x04, 0x48, 0x00, 0x42,
    0x05, 0x60, 0x00, 0x07, 0x04, 0x48, 0xFF, 0x7C, 0x05, 0x60, 0x00, 0x07, 0x04, 0x48, 0x00, 0x42,
    0x05, 0x60, 0x00, 0x07, 0x04, 0x48, 0x00, 0x42, 0x05, 0x60, 0x00, 0x07, 0x04, 0x48, 0x00, 0x42,
    0x05, 0x60, 0x00, 0x07, 0x04, 0x48, 0x00, 0x42, 0x05, 0x60, 0x00, 0x07, 0x04, 0x48, 0x00, 0x42,
    0x05, 0x60, 0x00, 0x07, 0x04, 0x48, 0x00, 0x42, 0x05, 0x60, 0x00, 0x07, 0x04, 0x48, 0x00, 0x42,
    0x05, 0x60, 0x00, 0x07, 0x04, 0x48, 0x00, 0x42, 0x04, 0x80, 0x00, 0x82, 0x04, 0x52, 0x00, 0x47,
    0x04, 0x80, 0x00, 0x82, 0x04, 0x52, 0x00, 0x47, 0x04, 0x80, 0x00, 0x82, 0x04, 0x52, 0x00, 0x47,
    0x04, 0x80, 0x00, 0x82, 0x04, 0x52, 0x00, 0x47, 0x04, 0x80, 0xFF, 0xD2, 0x04, 0x52, 0xFF, 0x76,
    0x04, 0x80, 0x00, 0x82, 0x04, 0x52, 0x00, 0x47, 0x04, 0x80, 0x00, 0x82, 0x04, 0x52, 0x00, 0x47,
    0x04, 0x80, 0x00, 0x82, 0x04, 0x52, 0x00, 0x47, 0x02, 0x57, 0x00, 0x96, 0x02, 0x2F, 0x00, 0x86,
    0x02, 0x57, 0x00, 0x89, 0x02, 0x1E, 0x00, 0x6C, 0x05, 0x84, 0x00, 0x56, 0x04, 0x84, 0x00, 0x42,
    0x05, 0x84, 0x00, 0x56, 0x04, 0x84, 0x00, 0x42, 0x05, 0x84, 0x00, 0x56, 0x04, 0x84, 0x00, 0x42,
    0x05, 0x84, 0x00, 0x17, 0x04, 0x84, 0xFF, 0x95, 0x05, 0x84, 0x00, 0x56, 0x04, 0x84, 0x00, 0x42,
    0x05, 0x84, 0x00, 0x56, 0x04, 0x84, 0x00, 0x42, 0x05, 0x84, 0x00, 0x56, 0x04, 0x84, 0x00, 0x42,
    0x05, 0xA0, 0x00, 0x52, 0x04, 0xA6, 0x00, 0x40, 0x05, 0xA0, 0x00, 0x52, 0x04, 0xA6, 0x00, 0x40,
    0x05, 0xA0, 0x00, 0x52, 0x04, 0xA6, 0x00, 0x40, 0x05, 0xA0, 0x00, 0x52, 0x04, 0xA6, 0x00, 0x40,
    0x05, 0xA0, 0x00, 0x52, 0x04, 0xA6, 0x00, 0x40, 0x05, 0x46, 0x00, 0x75, 0x04, 0x7B, 0x00, 0x68,
    0x05, 0x46, 0x00, 0x75, 0x04, 0x7B, 0x00, 0x68, 0x05, 0xB3, 0x00, 0x75, 0x04, 0xDB, 0x00, 0x68,
    0x05, 0xB3, 0x00, 0x75, 0x04, 0xDB, 0x00, 0x68, 0x05, 0xB3, 0x00, 0x75, 0x04, 0xDB, 0x00, 0x68,
    0x05, 0xB3, 0x00, 0x75, 0x04, 0xDB, 0x00, 0x68, 0x05, 0xB3, 0x00, 0x75, 0x04, 0xDB, 0x00, 0x68,
    0x04, 0xF4, 0x00, 0x02, 0x04, 0x07, 0x00, 0x04, 0x04, 0xF4, 0x00, 0x02, 0x04, 0x07, 0x00, 0x04,
    0x04, 0xF4, 0x00, 0x02, 0x04, 0x07, 0x00, 0x04, 0x04, 0x9F, 0x00, 0x43, 0x04, 0xF5, 0x00, 0x29,
    0x04, 0x15, 0x00, 0x1F, 0x05, 0x8E, 0x00, 0x8B, 0x04, 0x6E, 0x00, 0x58, 0x04, 0x75, 0x00, 0x83,
    0x03, 0x5B, 0x00, 0x6E, 0x06, 0x0A, 0xFF, 0xDE, 0x04, 0xC9, 0xFF, 0xBC, 0x04, 0x7B, 0x00, 0x69,
    0x04, 0xFF, 0xFF, 0xD9, 0x04, 0xFF, 0xFF, 0xD9, 0x04, 0x75, 0xFF, 0xE7, 0x03, 0x5B, 0xFF, 0xC5,
    0x05, 0x3F, 0xFF, 0xDE, 0x04, 0x5B, 0xFF, 0xC0, 0x04, 0xF4, 0x00, 0x02, 0x04, 0x15, 0x00, 0x10,
    0x05, 0x14, 0x00, 0x15, 0x04, 0x12, 0x00, 0x16, 0x04, 0x76, 0x00, 0x60, 0x04, 0x64, 0xFF, 0xF2,
    0x06, 0x18, 0x00, 0x69, 0x04, 0x97, 0x00, 0x47, 0x04, 0x97, 0x00, 0x3F, 0x04, 0x97, 0x00, 0x39,
    0x04, 0x97, 0x00, 0x69, 0x04, 0xAB, 0x00, 0x78, 0x04, 0xBF, 0x00, 0x72, 0x04, 0xAB, 0x00, 0x56,
    0x04, 0xBF, 0x00, 0x73, 0x05, 0x74, 0x00, 0x5F, 0x04, 0x92, 0x00, 0x45, 0x05, 0xA5, 0x00, 0x82,
    0x04, 0x7C, 0x00, 0x6A, 0x05, 0x60, 0x00, 0x07, 0x04, 0x48, 0xFF, 0xE9, 0x04, 0x80, 0x00, 0x3F,
    0x04, 0x52, 0xFF, 0xE3, 0x02, 0x57, 0xFE, 0xEE, 0x02, 0x2F, 0xFE, 0xDB, 0x05, 0x84, 0x00, 0x56,
    0x04, 0x84, 0x00, 0x03, 0x05, 0x20, 0x00, 0x19, 0x02, 0xEE, 0xFF, 0x5F, 0x05, 0x46, 0x00, 0x63,
    0x04, 0x7B, 0x00, 0x00, 0x05, 0x24, 0xFE, 0xE5, 0x05, 0x1B, 0x00, 0x82, 0x04, 0x80, 0x00, 0x70,
    0x05, 0x33, 0x00, 0x82, 0x04, 0x81, 0x00, 0x43, 0x05, 0x33, 0x00, 0x82, 0x04, 0x81, 0x00, 0x43,
    0x05, 0xA6, 0x00, 0x82, 0x04, 0x7B, 0x00, 0x69, 0x05, 0x16, 0x00, 0x82, 0x04, 0x46, 0x00, 0x70,
    0x05, 0x16, 0x00, 0x82, 0x04, 0x46, 0x00, 0x70, 0x04, 0x54, 0x00, 0x82, 0x02, 0x1E, 0x00, 0x6C,
    0x07, 0x01, 0x00, 0x82, 0x06, 0xEE, 0x00, 0x6F, 0x05, 0xA5, 0x00, 0x82, 0x04, 0x7C, 0x00, 0x6A,
    0x05, 0x84, 0x00, 0x56, 0x05, 0x28, 0x00, 0x82, 0x04, 0x80, 0x00, 0x70, 0x05, 0x20, 0x00, 0x82,
    0x02, 0xEE, 0x00, 0x61, 0x04, 0xED, 0x00, 0x45, 0x04, 0x1C, 0x00, 0x37, 0x04, 0xF5, 0x00, 0x29,
    0x02, 0xB5, 0x00, 0x0C, 0x05, 0x46, 0x00, 0x75, 0x05, 0x3A, 0x00, 0x07, 0x04, 0x0D, 0x00, 0x0D,
    0x05, 0x3A, 0x00, 0x07, 0x04, 0x0D, 0x00, 0x0D, 0x07, 0x00, 0x00, 0x23, 0x05, 0xE0, 0x00, 0x1D,
    0x04, 0xDB, 0x00, 0x49, 0x04, 0x12, 0x00, 0x4A, 0x05, 0xCA, 0xFE, 0x62, 0x05, 0x60, 0x00, 0x07,
    0x04, 0x48, 0x00, 0x42, 0x04, 0x80, 0x00, 0x82, 0x04, 0x52, 0x00, 0x47, 0x02, 0x2F, 0x00, 0x6C,
    0x04, 0xD5, 0x00, 0xB2, 0x04, 0xD5, 0x00, 0x93, 0x06, 0x06, 0x00, 0x5B, 0x04, 0xD5, 0x00, 0xB2,
    0x00, 0x01, 0x00, 0x00, 0x00, 0x0A, 0x00, 0x34, 0x00, 0x60, 0x00, 0x04, 0x44, 0x46, 0x4C, 0x54,
    0x00, 0x1A, 0x63, 0x79, 0x72, 0x6C, 0x00, 0x1A, 0x67, 0x72, 0x65, 0x6B, 0x00, 0x1A, 0x6C, 0x61,
    0x74, 0x6E, 0x00, 0x1A, 0x00, 0x04, 0x00, 0x00, 0x00, 0x00, 0xFF, 0xFF, 0x00, 0x03, 0x00, 0x00,
    0x00, 0x01, 0x00, 0x02, 0x00, 0x03, 0x6B, 0x65, 0x72, 0x6E, 0x00, 0x24, 0x6D, 0x61, 0x72, 0x6B,
    0x00, 0x1C, 0x6D, 0x6B, 0x6D, 0x6B, 0x00, 0x14, 0x00, 0x00, 0x00, 0x02, 0x00, 0x04, 0x00, 0x05,
    0x00, 0x00, 0x00, 0x02, 0x00, 0x02, 0x00, 0x03, 0x00, 0x00, 0x00, 0x02, 0x00, 0x01, 0x00, 0x00,
    0x00, 0x06, 0x19, 0x3A, 0x18, 0x78, 0x0F, 0x4A, 0x00, 0x78, 0x00, 0x58, 0x00, 0x0E, 0x00, 0x06,
    0x00, 0x10, 0x00, 0x01, 0x00, 0x0A, 0x00, 0x02, 0x00, 0x01, 0x0F, 0x22, 0x00, 0x36, 0x00, 0x01,
    0x0E, 0xC6, 0x00, 0x0C, 0x00, 0x05, 0x00, 0x24, 0x00, 0x1E, 0x00, 0x18, 0x00, 0x12, 0x00, 0x0C,
    0x00, 0x01, 0xFE, 0x2B, 0x06, 0x5B, 0x00, 0x01, 0xFD, 0x9E, 0x06, 0xCC, 0x00, 0x01, 0xFD, 0xC5,
    0x06, 0x73, 0x00, 0x01, 0xFD, 0xE7, 0x06, 0x7D, 0x00, 0x01, 0xFD, 0xE2, 0x06, 0x7D, 0x00, 0x02,
    0x00, 0x01, 0x00, 0xA8, 0x00, 0xAC, 0x00, 0x00, 0x00, 0x06, 0x00, 0x10, 0x00, 0x01, 0x00, 0x0A,
    0x00, 0x00, 0x00, 0x01, 0x18, 0x10, 0x18, 0x10, 0x00, 0x01, 0x18, 0x04, 0x00, 0x0C, 0x00, 0x01,
    0x00, 0x04, 0x00, 0x01, 0xFD, 0xA9, 0xFE, 0x8C, 0x00, 0x04, 0x00, 0x00, 0x00, 0x01, 0x00, 0x08,
    0x00, 0x01, 0x0E, 0xBA, 0x0C, 0xFE, 0x00, 0x01, 0x0E, 0x5E, 0x00, 0x0C, 0x02, 0x73, 0x0C, 0xEC,
    0x0C, 0xE6, 0x0C, 0xE0, 0x0C, 0xDA, 0x0C, 0xD4, 0x0C, 0xCE, 0x0C, 0xC8, 0x0C, 0xC2, 0x0C, 0xBC,
    0x0C, 0xB6, 0x0C, 0xB0, 0x0C, 0xAA, 0x0C, 0xA4, 0x0C, 0x9E, 0x0C, 0x98, 0x0C, 0xE6, 0x0C, 0x92,
    0x0C, 0x8C, 0x0C, 0x86, 0x0C, 0x80, 0x0C, 0x7A, 0x0C, 0x74, 0x0C, 0x6E, 0x0C, 0x68, 0x0C, 0x62,
    0x0C, 0x5C, 0x0C, 0x56, 0x0C, 0x50, 0x0C, 0x4A, 0x0C, 0x44, 0x0C, 0x3E, 0x0C, 0x38, 0x0C, 0x32,
    0x0C, 0x2C, 0x0C, 0x26, 0x0C, 0x20, 0x0C, 0x1A, 0x0C, 0x14, 0x0C, 0x0E, 0x0C, 0x08, 0x0C, 0x08,
    0x0C, 0x02, 0x0B, 0xFC, 0x0B, 0xF6, 0x0B, 0xF0, 0x0B, 0xEA, 0x0B, 0xE4, 0x0B, 0xDE, 0x0B, 0xD8,
    0x0B, 0xD2, 0x0B, 0xCC, 0x0B, 0xCC, 0x0B, 0xC6, 0x0B, 0xC0, 0x0B, 0xBA, 0x0B, 0xB4, 0x0C, 0x44,
    0x0B, 0xAE, 0x0B, 0xA8, 0x0B, 0xA2, 0x0B, 0x9C, 0x0B, 0x96, 0x0C, 0x9E, 0x0C, 0x08, 0x0B, 0x90,
    0x0B, 0x8A, 0x0B, 0x84, 0x0B, 0x7E, 0x0B, 0x78, 0x0B, 0x72, 0x0B, 0x6C, 0x0B, 0x66, 0x0B, 0x60,
    0x0B, 0x5A, 0x0B, 0x54, 0x0B, 0x4E, 0x0B, 0x48, 0x0B, 0x72, 0x0B, 0x42, 0x0B, 0x3C, 0x0B, 0x36,
    0x0B, 0x30, 0x0B, 0x2A, 0x0B, 0x24, 0x0B, 0x1E, 0x0C, 0x92, 0x0B, 0x18, 0x0B, 0x12, 0x0B, 0x0C,
    0x0B, 0x06, 0x0B, 0x00, 0x0A, 0xFA, 0x0A, 0xF4, 0x0A, 0xEE, 0x0A, 0xE8, 0x0A, 0xE2, 0x0A, 0xDC,
    0x0A, 0xD6, 0x0A, 0xD0, 0x0A, 0xCA, 0x0A, 0xC4, 0x0A, 0xBE, 0x0A, 0xB8, 0x0A, 0xB2, 0x0A, 0xAC,
    0x0A, 0xA6, 0x0A, 0xA0, 0x0A, 0x9A, 0x0A, 0x94, 0x0A, 0x8E, 0x0A, 0x88, 0x0A, 0x82, 0x0A, 0x7C,
    0x0A, 0x76, 0x0A, 0x88, 0x0A, 0x70, 0x0A, 0x6A, 0x0A, 0x64, 0x0A, 0x5E, 0x0A, 0x58, 0x0A, 0x52,
    0x0A, 0x4C, 0x0A, 0x46, 0x0A, 0x40, 0x0A, 0x3A, 0x0A, 0x34, 0x0A, 0x2E, 0x0A, 0x28, 0x0A, 0x22,
    0x0A, 0x1C, 0x0A, 0x16, 0x0A, 0x10, 0x0A, 0x0A, 0x0A, 0x04, 0x09, 0xFE, 0x09, 0xF8, 0x09, 0xF2,
    0x09, 0xEC, 0x09, 0xE6, 0x09, 0xE0, 0x09, 0xDA, 0x0B, 0x60, 0x0B, 0x60, 0x0B, 0xA8, 0x0B, 0xA8,
    0x0B, 0xA8, 0x0C, 0xDA, 0x0C, 0xDA, 0x0C, 0x2C, 0x0C, 0x80, 0x0B, 0xEA, 0x09, 0xD4, 0x09, 0xD4,
    0x09, 0xCE, 0x09, 0xC8, 0x09, 0xC2, 0x09, 0xBC, 0x0C, 0xEC, 0x0C, 0xE0, 0x09, 0xB6, 0x09, 0xB6,
    0x09, 0xB0, 0x09, 0xAA, 0x09, 0xA4, 0x09, 0xA4, 0x09, 0x9E, 0x09, 0x98, 0x09, 0x92, 0x09, 0x8C,
    0x09, 0x8C, 0x09, 0x86, 0x09, 0x80, 0x09, 0x7A, 0x09, 0x74, 0x09, 0x74, 0x09, 0x6E, 0x09, 0x68,
    0x09, 0x62, 0x09, 0x5C, 0x09, 0x5C, 0x09, 0x56, 0x09, 0x50, 0x09, 0x4A, 0x09, 0x44, 0x0C, 0x56,
    0x0C, 0x4A, 0x09, 0x3E, 0x09, 0x3E, 0x09, 0x38, 0x09, 0x32, 0x09, 0x2C, 0x09, 0x2C, 0x09, 0x26,
    0x09, 0x20, 0x09, 0x1A, 0x09, 0x14, 0x09, 0x14, 0x09, 0x0E, 0x09, 0x08, 0x09, 0x02, 0x08, 0xFC,
    0x08, 0xFC, 0x08, 0xF6, 0x08, 0xF0, 0x08, 0xEA, 0x08, 0xE4, 0x08, 0xDE, 0x08, 0xD8, 0x08, 0xD2,
    0x08, 0xCC, 0x0C, 0xEC, 0x0C, 0x56, 0x08, 0xC6, 0x08, 0xC0, 0x08, 0xBA, 0x08, 0xB4, 0x08, 0xAE,
    0x08, 0xA8, 0x08, 0xA2, 0x08, 0x9C, 0x08, 0x96, 0x0C, 0x44, 0x08, 0x90, 0x08, 0x8A, 0x08, 0x84,
    0x08, 0x7E, 0x08, 0x78, 0x08, 0x72, 0x0C, 0xD4, 0x0C, 0x3E, 0x08, 0x6C, 0x08, 0x66, 0x08, 0x60,
    0x08, 0x5A, 0x08, 0x54, 0x08, 0x4E, 0x08, 0x48, 0x08, 0x42, 0x0C, 0xC8, 0x0C, 0x32, 0x08, 0x3C,
    0x08, 0x36, 0x08, 0x30, 0x08, 0x2A, 0x08, 0x24, 0x08, 0x1E, 0x08, 0x18, 0x08, 0x12, 0x0C, 0xBC,
    0x0C, 0x26, 0x08, 0x0C, 0x08, 0x06, 0x08, 0x00, 0x0C, 0xB0, 0x0C, 0x1A, 0x07, 0xFA, 0x07, 0xF4,
    0x0C, 0xAA, 0x0C, 0x14, 0x0C, 0xAA, 0x0C, 0x14, 0x0C, 0xAA, 0x0C, 0x14, 0x07, 0xEE, 0x09, 0x14,
    0x0C, 0x9E, 0x0C, 0x08, 0x07, 0xE8, 0x07, 0xE2, 0x0C, 0x08, 0x07, 0xDC, 0x07, 0xD6, 0x07, 0xD0,
    0x07, 0xCA, 0x07, 0xC4, 0x07, 0xBE, 0x07, 0xB8, 0x07, 0xB2, 0x0C, 0x8C, 0x0B, 0xF6, 0x07, 0xAC,
    0x07, 0xA6, 0x07, 0xA0, 0x07, 0x9A, 0x07, 0x94, 0x07, 0x8E, 0x0C, 0x86, 0x0B, 0xF0, 0x0C, 0x86,
    0x0B, 0xF0, 0x07, 0x88, 0x07, 0x82, 0x0C, 0x80, 0x0B, 0xEA, 0x0C, 0x80, 0x0B, 0xEA, 0x07, 0x7C,
    0x0B, 0xEA, 0x07, 0x76, 0x07, 0x70, 0x07, 0x6A, 0x07, 0x64, 0x07, 0x5E, 0x07, 0x58, 0x07, 0x52,
    0x07, 0x4C, 0x07, 0x46, 0x07, 0x40, 0x0C, 0x7A, 0x0B, 0xE4, 0x07, 0x3A, 0x07, 0x34, 0x07, 0x2E,
    0x07, 0x28, 0x07, 0x22, 0x07, 0x1C, 0x08, 0xEA, 0x07, 0x16, 0x07, 0x10, 0x07, 0x0A, 0x07, 0x04,
    0x06, 0xFE, 0x06, 0xF8, 0x06, 0xF2, 0x06, 0xEC, 0x0C, 0xEC, 0x0C, 0xD4, 0x0C, 0xC2, 0x0C, 0xBC,
    0x0C, 0x98, 0x0C, 0x62, 0x0B, 0x42, 0x0C, 0xEC, 0x0C, 0xE6, 0x0C, 0xD4, 0x0C, 0x5C, 0x0C, 0xC2,
    0x0C, 0xBC, 0x0C, 0xB0, 0x0C, 0xA4, 0x0C, 0x9E, 0x0C, 0x98, 0x0C, 0xE6, 0x0C, 0x80, 0x0C, 0x62,
    0x0C, 0x68, 0x09, 0x98, 0x07, 0x22, 0x0B, 0x4E, 0x0B, 0x48, 0x0B, 0x72, 0x0B, 0x42, 0x0B, 0x36,
    0x0B, 0xA2, 0x0C, 0x08, 0x0B, 0xDE, 0x06, 0xE6, 0x06, 0xE0, 0x0C, 0x08, 0x0B, 0x36, 0x0B, 0x2A,
    0x09, 0xAA, 0x06, 0xDA, 0x0C, 0x86, 0x0C, 0xBC, 0x09, 0x98, 0x0C, 0xB6, 0x06, 0xD4, 0x06, 0xCE,
    0x0C, 0xEC, 0x0C, 0xE6, 0x0B, 0x54, 0x0C, 0xD4, 0x06, 0xC8, 0x0C, 0xA4, 0x0C, 0xC2, 0x0C, 0x98,
    0x0C, 0xE6, 0x0C, 0xE0, 0x0C, 0x80, 0x0C, 0x68, 0x0C, 0x56, 0x0C, 0x3E, 0x06, 0xC2, 0x0C, 0x08,
    0x0C, 0x02, 0x0C, 0x4A, 0x0B, 0xCC, 0x0B, 0xD2, 0x09, 0x32, 0x06, 0xBC, 0x0B, 0xF0, 0x0C, 0x26,
    0x09, 0x20, 0x0C, 0x20, 0x06, 0xB6, 0x06, 0xB0, 0x06, 0xAA, 0x06, 0xA4, 0x06, 0xAA, 0x06, 0xA4,
    0x06, 0x9E, 0x06, 0x98, 0x09, 0x62, 0x08, 0xEA, 0x06, 0x92, 0x06, 0x8C, 0x06, 0x86, 0x0C, 0xEC,
    0x0C, 0x56, 0x09, 0xB6, 0x06, 0x80, 0x09, 0x3E, 0x06, 0x7A, 0x0B, 0x30, 0x06, 0x74, 0x06, 0x6E,
    0x0B, 0x12, 0x0A, 0xCA, 0x0C, 0xE0, 0x0C, 0x4A, 0x0C, 0x62, 0x0C, 0xBC, 0x06, 0x68, 0x06, 0x62,
    0x0C, 0xBC, 0x08, 0xD2, 0x08, 0xCC, 0x09, 0xC2, 0x09, 0x4A, 0x0B, 0xC6, 0x0B, 0xBA, 0x08, 0x84,
    0x08, 0x7E, 0x06, 0x5C, 0x0B, 0x5A, 0x06, 0x56, 0x06, 0x50, 0x06, 0x4A, 0x06, 0x44, 0x06, 0x3E,
    0x06, 0x38, 0x06, 0x32, 0x06, 0x2C, 0x06, 0x26, 0x09, 0x7A, 0x09, 0x02, 0x0A, 0x52, 0x0A, 0x4C,
    0x06, 0x20, 0x06, 0x1A, 0x06, 0x14, 0x06, 0x0E, 0x06, 0x08, 0x06, 0x02, 0x05, 0xFC, 0x08, 0xE4,
    0x05, 0xF6, 0x05, 0xF0, 0x05, 0xEA, 0x05, 0xE4, 0x05, 0xDE, 0x05, 0xD8, 0x0C, 0x44, 0x0C, 0xEC,
    0x0C, 0x56, 0x05, 0xD2, 0x05, 0xCC, 0x0C, 0xEC, 0x0C, 0x56, 0x0C, 0xEC, 0x0C, 0x56, 0x0C, 0xEC,
    0x0C, 0x56, 0x0C, 0xEC, 0x0C, 0x56, 0x09, 0xCE, 0x09, 0x56, 0x0C, 0xEC, 0x0C, 0x56, 0x0C, 0xEC,
    0x0C, 0x56, 0x0C, 0xEC, 0x0C, 0x56, 0x0C, 0xEC, 0x0C, 0x56, 0x08, 0xD2, 0x08, 0xCC, 0x0C, 0xD4,
    0x0C, 0x3E, 0x05, 0xC6, 0x05, 0xC0, 0x05, 0xBA, 0x05, 0xB4, 0x0C, 0xD4, 0x0C, 0x3E, 0x0C, 0xD4,
    0x0C, 0x3E, 0x0C, 0xD4, 0x0C, 0x3E, 0x0C, 0xD4, 0x0C, 0x3E, 0x09, 0xB0, 0x09, 0x38, 0x05, 0xAE,
    0x05, 0xA8, 0x0C, 0xBC, 0x0C, 0x26, 0x0C, 0x98, 0x0C, 0x08, 0x05, 0xA2, 0x05, 0x9C, 0x0C, 0x98,
    0x0C, 0x08, 0x0C, 0x98, 0x0C, 0x08, 0x0C, 0x98, 0x0C, 0x08, 0x0C, 0x98, 0x0C, 0x08, 0x09, 0x86,
    0x09, 0x0E, 0x05, 0x96, 0x05, 0x90, 0x05, 0x96, 0x05, 0x90, 0x05, 0x8A, 0x05, 0x84, 0x05, 0x7E,
    0x05, 0x78, 0x0B, 0x78, 0x0B, 0x72, 0x0C, 0x7A, 0x0B, 0xE4, 0x05, 0x72, 0x05, 0x6C, 0x05, 0x66,
    0x05, 0x60, 0x05, 0x66, 0x05, 0x60, 0x05, 0x5A, 0x05, 0x54, 0x05, 0x4E, 0x05, 0x48, 0x0B, 0x6C,
    0x0B, 0x66, 0x0C, 0x62, 0x0B, 0xCC, 0x05, 0x42, 0x05, 0x3C, 0x05, 0x36, 0x05, 0x30, 0x0C, 0x44,
    0x0C, 0x80, 0x0A, 0xA0, 0x0B, 0x00, 0x0A, 0x8E, 0x0B, 0x54, 0x0A, 0xDC, 0x0C, 0x2C, 0x0B, 0x54,
    0x0A, 0xDC, 0x0C, 0x1A, 0x0C, 0x62, 0x0C, 0x68, 0x0B, 0xD2, 0x0B, 0x48, 0x0C, 0xCE, 0x05, 0x2A,
    0x05, 0x24, 0x07, 0xEE, 0x09, 0x14, 0x05, 0x1E, 0x08, 0xCC, 0x08, 0x84, 0x08, 0x7E, 0x08, 0x18,
    0x05, 0x18, 0x07, 0xD0, 0x07, 0xCA, 0x05, 0x12, 0x05, 0x0C, 0x05, 0x06, 0x07, 0x58, 0x0B, 0x24,
    0x0C, 0xE6, 0x0C, 0x50, 0x0C, 0xDA, 0x0C, 0x44, 0x0C, 0xDA, 0x0C, 0x44, 0x0C, 0xC2, 0x0C, 0x2C,
    0x06, 0xD4, 0x05, 0x00, 0x0C, 0xB0, 0x0C, 0x1A, 0x0C, 0xAA, 0x0C, 0x14, 0x0C, 0xA4, 0x0C, 0x0E,
    0x0C, 0x9E, 0x0C, 0x08, 0x0C, 0x98, 0x04, 0xFA, 0x04, 0xF4, 0x0C, 0x8C, 0x0B, 0xF6, 0x0C, 0x86,
    0x0B, 0xF0, 0x0C, 0x80, 0x0B, 0xEA, 0x0C, 0x7A, 0x04, 0xEE, 0x04, 0xE8, 0x0C, 0x74, 0x0B, 0xDE,
    0x0C, 0x6E, 0x0B, 0xD8, 0x0C, 0x5C, 0x0B, 0xCC, 0x0C, 0x98, 0x0C, 0xEC, 0x0C, 0x56, 0x0C, 0xD4,
    0x0C, 0x3E, 0x0B, 0xA8, 0x00, 0x01, 0x02, 0x09, 0x06, 0x67, 0x00, 0x01, 0x02, 0x9C, 0x07, 0xB3,
    0x00, 0x01, 0x02, 0x98, 0x06, 0x73, 0x00, 0x01, 0x02, 0x56, 0x07, 0xBF, 0x00, 0x01, 0x02, 0x8F,
    0x07, 0xB6, 0x00, 0x01, 0x02, 0xA0, 0x07, 0x90, 0x00, 0x01, 0x01, 0x9B, 0x06, 0x59, 0x00, 0x01,
    0x02, 0x56, 0x07, 0x90, 0x00, 0x01, 0x01, 0x18, 0x06, 0x4B, 0x00, 0x01, 0x02, 0xB2, 0x07, 0x90,
    0x00, 0x01, 0x02, 0x2B, 0x06, 0x7D, 0x00, 0x01, 0x02, 0xBA, 0x07, 0xBD, 0x00, 0x01, 0x02, 0x09,
    0x06, 0x71, 0x00, 0x01, 0x02, 0x7B, 0x07, 0xA7, 0x00, 0x01, 0x02, 0x0A, 0x06, 0xCB, 0x00, 0x01,
    0x02, 0x7C, 0x08, 0x01, 0x00, 0x01, 0x02, 0x40, 0x06, 0x5C, 0x00, 0x01, 0x02, 0xCB, 0x07, 0xB3,
    0x00, 0x01, 0x02, 0x40, 0x06, 0xB6, 0x00, 0x01, 0x02, 0xCC, 0x08, 0x0D, 0x00, 0x01, 0x02, 0x40,
    0x06, 0x68, 0x00, 0x01, 0x02, 0xCC, 0x07, 0xBF, 0x00, 0x01, 0x02, 0x3D, 0x06, 0xCB, 0x00, 0x01,
    0x02, 0xA0, 0x08, 0x01, 0x00, 0x01, 0x02, 0x41, 0x06, 0x71, 0x00, 0x01, 0x02, 0xC3, 0x07, 0xAA,
    0x00, 0x01, 0x02, 0x41, 0x06, 0xCB, 0x00, 0x01, 0x02, 0xC3, 0x08, 0x04, 0x00, 0x01, 0x02, 0x41,
    0x06, 0x7D, 0x00, 0x01, 0x02, 0xC3, 0x07, 0xB6, 0x00, 0x01, 0x02, 0x40, 0x06, 0xCB, 0x00, 0x01,
    0x02, 0xC1, 0x08, 0x02, 0x00, 0x01, 0x01, 0x18, 0x06, 0xBC, 0x00, 0x01, 0x01, 0x2B, 0x08, 0x05,
    0x00, 0x01, 0x02, 0x20, 0x06, 0x71, 0x00, 0x01, 0x02, 0x7C, 0x07, 0xAB, 0x00, 0x01, 0x02, 0x20,
    0x06, 0xCC, 0x00, 0x01, 0x02, 0x7C, 0x08, 0x05, 0x00, 0x01, 0x02, 0x26, 0x06, 0xCB, 0x00, 0x01,
    0x02, 0xB2, 0x08, 0x01, 0x00, 0x01, 0x03, 0x5A, 0x06, 0x39, 0x00, 0x01, 0x03, 0x86, 0x07, 0x79,
    0x00, 0x01, 0x02, 0x41, 0x06, 0x39, 0x00, 0x01, 0x02, 0xF3, 0x07, 0x79, 0x00, 0x01, 0x02, 0x0A,
    0x06, 0x60, 0x00, 0x01, 0x02, 0x9E, 0x07, 0x99, 0x00, 0x01, 0x02, 0x9E, 0x07, 0x79, 0x00, 0x01,
    0x02, 0x0A, 0x06, 0x3E, 0x00, 0x01, 0x02, 0x9E, 0x07, 0x78, 0x00, 0x01, 0x02, 0x0B, 0x06, 0x3F,
    0x00, 0x01, 0x02, 0x8E, 0x07, 0x80, 0x00, 0x01, 0x02, 0x37, 0x06, 0x40, 0x00, 0x01, 0x02, 0xD4,
    0x07, 0x78, 0x00, 0x01, 0x02, 0x49, 0x06, 0x39, 0x00, 0x01, 0x02, 0xCA, 0x07, 0x79, 0x00, 0x01,
    0x02, 0x49, 0x06, 0x37, 0x00, 0x01, 0x02, 0xCA, 0x07, 0x78, 0x00, 0x01, 0x02, 0x15, 0x06, 0x3E,
    0x00, 0x01, 0x02, 0x6C, 0x07, 0x80, 0x00, 0x01, 0x03, 0x7A, 0x06, 0x39, 0x00, 0x01, 0x04, 0x03,
    0x07, 0x79, 0x00, 0x01, 0x02, 0x22, 0x06, 0x40, 0x00, 0x01, 0x02, 0x93, 0x07, 0x4B, 0x00, 0x01,
    0x03, 0x7A, 0x06, 0x52, 0x00, 0x01, 0x04, 0x03, 0x07, 0x93, 0x00, 0x01, 0x02, 0x28, 0x06, 0x4C,
    0x00, 0x01, 0x02, 0x8A, 0x07, 0x7D, 0x00, 0x01, 0x02, 0x49, 0x06, 0x76, 0x00, 0x01, 0x02, 0xCA,
    0x07, 0xB7, 0x00, 0x01, 0x03, 0x8A, 0x06, 0x7D, 0x00, 0x01, 0x03, 0x7C, 0x07, 0xB3, 0x00, 0x01,
    0x01, 0x10, 0x06, 0x4F, 0x00, 0x01, 0x02, 0xED, 0x06, 0x3F, 0x00, 0x01, 0x03, 0x87, 0x07, 0x76,
    0x00, 0x01, 0x02, 0xED, 0x06, 0x7D, 0x00, 0x01, 0x03, 0x87, 0x07, 0xB3, 0x00, 0x01, 0x02, 0x0A,
    0x06, 0x59, 0x00, 0x01, 0x02, 0x46, 0x06, 0x76, 0x00, 0x01, 0x01, 0xAA, 0x06, 0x76, 0x00, 0x01,
    0x02, 0x49, 0x06, 0x52, 0x00, 0x01, 0x02, 0xCA, 0x07, 0x93, 0x00, 0x01, 0x02, 0x9E, 0x07, 0x93,
    0x00, 0x01, 0x02, 0x55, 0x07, 0xB1, 0x00, 0x01, 0x02, 0x67, 0x07, 0xB7, 0x00, 0x01, 0x02, 0x35,
    0x06, 0x39, 0x00, 0x01, 0x01, 0x26, 0x06, 0x2A, 0x00, 0x01, 0x02, 0x1A, 0x06, 0x78, 0x00, 0x01,
    0x02, 0xCC, 0x07, 0xFD, 0x00, 0x01, 0x03, 0x5E, 0x06, 0x7E, 0x00, 0x01, 0x03, 0xA8, 0x07, 0xBF,
    0x00, 0x01, 0x02, 0x0A, 0x06, 0x6B, 0x00, 0x01, 0x02, 0x76, 0x07, 0xA1, 0x00, 0x01, 0x02, 0x0A,
    0x06, 0x65, 0x00, 0x01, 0x02, 0x75, 0x07, 0x9B, 0x00, 0x01, 0x02, 0x76, 0x07, 0xB3, 0x00, 0x01,
    0x02, 0x7C, 0x07, 0x75, 0x00, 0x01, 0x02, 0x0A, 0x06, 0x67, 0x00, 0x01, 0x02, 0x7C, 0x07, 0x9D,
    0x00, 0x01, 0x02, 0xED, 0x06, 0x67, 0x00, 0x01, 0x03, 0x87, 0x07, 0x9D, 0x00, 0x01, 0x02, 0x3D,
    0x06, 0x60, 0x00, 0x01, 0x02, 0xA0, 0x07, 0x96, 0x00, 0x01, 0x02, 0x3D, 0x06, 0xA3, 0x00, 0x01,
    0x02, 0xA0, 0x07, 0xD9, 0x00, 0x01, 0x02, 0x3D, 0x06, 0x59, 0x00, 0x01, 0x02, 0xA0, 0x07, 0x8F,
    0x00, 0x01, 0x02, 0x3D, 0x06, 0x3E, 0x00, 0x01, 0x02, 0xA0, 0x07, 0x74, 0x00, 0x01, 0x02, 0x3D,
    0x06, 0x71, 0x00, 0x01, 0x02, 0x9F, 0x07, 0xA7, 0x00, 0x01, 0x02, 0x75, 0x07, 0xA1, 0x00, 0x01,
    0x02, 0x0D, 0x06, 0x6B, 0x00, 0x01, 0x02, 0x8A, 0x07, 0xA2, 0x00, 0x01, 0x02, 0x0D, 0x06, 0x67,
    0x00, 0x01, 0x02, 0x8A, 0x07, 0x9E, 0x00, 0x01, 0x02, 0x0D, 0x06, 0x7D, 0x00, 0x01, 0x02, 0x8A,
    0x07, 0xB4, 0x00, 0x01, 0x01, 0x9B, 0x06, 0x6B, 0x00, 0x01, 0x02, 0x56, 0x07, 0xA1, 0x00, 0x01,
    0x01, 0x9B, 0x06, 0x7D, 0x00, 0x01, 0x02, 0x56, 0x07, 0xB3, 0x00, 0x01, 0x02, 0x40, 0x06, 0x60,
    0x00, 0x01, 0x02, 0xC1, 0x07, 0x97, 0x00, 0x01, 0x02, 0x40, 0x06, 0x59, 0x00, 0x01, 0x02, 0xC1,
    0x07, 0x90, 0x00, 0x01, 0x02, 0x40, 0x06, 0x3E, 0x00, 0x01, 0x02, 0xC1, 0x07, 0x75, 0x00, 0x01,
    0x02, 0x40, 0x06, 0x6B, 0x00, 0x01, 0x02, 0xD6, 0x07, 0xA1, 0x00, 0x01, 0x02, 0xD6, 0x07, 0xB3,
    0x00, 0x01, 0x01, 0x0F, 0x08, 0x06, 0x00, 0x01, 0x01, 0x1E, 0x07, 0xB1, 0x00, 0x01, 0x01, 0x10,
    0x06, 0x4C, 0x00, 0x01, 0x03, 0x59, 0x07, 0x9D, 0x00, 0x01, 0x01, 0x2A, 0x07, 0x9F, 0x00, 0x01,
    0x01, 0x18, 0x06, 0x4A, 0x00, 0x01, 0x01, 0x2B, 0x07, 0x93, 0x00, 0x01, 0x01, 0x18, 0x06, 0x2F,
    0x00, 0x01, 0x01, 0x2B, 0x07, 0x78, 0x00, 0x01, 0x01, 0x17, 0x06, 0x62, 0x00, 0x01, 0x01, 0x2A,
    0x07, 0xAB, 0x00, 0x01, 0x02, 0x0D, 0x07, 0xE0, 0x00, 0x01, 0x02, 0xD3, 0x07, 0xA1, 0x00, 0x01,
    0x02, 0x2A, 0x06, 0x65, 0x00, 0x01, 0x02, 0xB9, 0x07, 0xA6, 0x00, 0x01, 0x02, 0x2B, 0x06, 0x59,
    0x00, 0x01, 0x02, 0xBA, 0x07, 0x9A, 0x00, 0x01, 0x02, 0x2B, 0x06, 0x67, 0x00, 0x01, 0x02, 0xBA,
    0x07, 0xA8, 0x00, 0x01, 0x02, 0x20, 0x06, 0x6B, 0x00, 0x01, 0x02, 0x7C, 0x07, 0xA4, 0x00, 0x01,
    0x02, 0x20, 0x06, 0x66, 0x00, 0x01, 0x02, 0x7C, 0x07, 0x9F, 0x00, 0x01, 0x02, 0x20, 0x06, 0x5A,
    0x00, 0x01, 0x02, 0x7C, 0x07, 0x93, 0x00, 0x01, 0x02, 0x20, 0x06, 0x3F, 0x00, 0x01, 0x02, 0x7C,
    0x07, 0x78, 0x00, 0x01, 0x02, 0x0B, 0x07, 0xA4, 0x00, 0x01, 0x02, 0x18, 0x06, 0x6B, 0x00, 0x01,
    0x02, 0xB0, 0x07, 0xAB, 0x00, 0x01, 0x02, 0x17, 0x06, 0x65, 0x00, 0x01, 0x02, 0xB0, 0x07, 0xA6,
    0x00, 0x01, 0x02, 0x18, 0x06, 0x67, 0x00, 0x01, 0x02, 0xB0, 0x07, 0xA8, 0x00, 0x01, 0x02, 0x18,
    0x06, 0x7D, 0x00, 0x01, 0x02, 0xB0, 0x07, 0xBD, 0x00, 0x01, 0x02, 0x26, 0x06, 0x59, 0x00, 0x01,
    0x02, 0xB2, 0x07, 0x8F, 0x00, 0x01, 0x02, 0x26, 0x06, 0x3E, 0x00, 0x01, 0x02, 0xB2, 0x07, 0x74,
    0x00, 0x01, 0x02, 0x0A, 0x06, 0x3F, 0x00, 0x01, 0x02, 0x0A, 0x06, 0x7D, 0x00, 0x01, 0x02, 0x3D,
    0x06, 0x3F, 0x00, 0x01, 0x02, 0x3D, 0x06, 0x67, 0x00, 0x01, 0x02, 0x3D, 0x06, 0x7D, 0x00, 0x01,
    0x02, 0x40, 0x06, 0x3F, 0x00, 0x01, 0x02, 0x3F, 0x06, 0x71, 0x00, 0x01, 0x02, 0x40, 0x06, 0x67,
    0x00, 0x01, 0x02, 0x40, 0x06, 0x7D, 0x00, 0x01, 0x02, 0x40, 0x06, 0x71, 0x00, 0x01, 0x01, 0x18,
    0x06, 0x30, 0x00, 0x01, 0x01, 0x18, 0x06, 0x58, 0x00, 0x01, 0x01, 0x18, 0x06, 0x6E, 0x00, 0x01,
    0x02, 0x20, 0x06, 0x40, 0x00, 0x01, 0x02, 0x20, 0x06, 0x68, 0x00, 0x01, 0x02, 0x20, 0x06, 0x7D,
    0x00, 0x01, 0x02, 0x26, 0x06, 0xA3, 0x00, 0x01, 0x02, 0x26, 0x06, 0x3F, 0x00, 0x01, 0x02, 0x26,
    0x06, 0x71, 0x00, 0x01, 0x02, 0x26, 0x06, 0x67, 0x00, 0x01, 0x02, 0x26, 0x06, 0x7D, 0x00, 0x01,
    0x02, 0x7C, 0x07, 0xB3, 0x00, 0x01, 0x02, 0xA0, 0x07, 0x76, 0x00, 0x01, 0x02, 0xA0, 0x07, 0x9D,
    0x00, 0x01, 0x02, 0xA0, 0x07, 0xB3, 0x00, 0x01, 0x02, 0xC1, 0x07, 0x76, 0x00, 0x01, 0x02, 0xC1,
    0x07, 0xA8, 0x00, 0x01, 0x02, 0xC1, 0x07, 0x9E, 0x00, 0x01, 0x02, 0xC1, 0x07, 0xB4, 0x00, 0x01,
    0x02, 0xD6, 0x07, 0xA7, 0x00, 0x01, 0x01, 0x2B, 0x07, 0x79, 0x00, 0x01, 0x01, 0x2B, 0x07, 0xA1,
    0x00, 0x01, 0x01, 0x2B, 0x07, 0xB7, 0x00, 0x01, 0x02, 0x7C, 0x07, 0x79, 0x00, 0x01, 0x02, 0x7C,
    0x07, 0xA1, 0x00, 0x01, 0x02, 0x7C, 0x07, 0xB7, 0x00, 0x01, 0x02, 0xB2, 0x07, 0xD9, 0x00, 0x01,
    0x02, 0xB2, 0x07, 0x76, 0x00, 0x01, 0x02, 0xB2, 0x07, 0xA7, 0x00, 0x01, 0x02, 0xB2, 0x07, 0x9D,
    0x00, 0x01, 0x02, 0xB2, 0x07, 0xB3, 0x00, 0x01, 0x02, 0x9C, 0x06, 0x61, 0x00, 0x01, 0x02, 0x60,
    0x06, 0x4C, 0x00, 0x01, 0x02, 0x1E, 0x05, 0x0A, 0x00, 0x01, 0x02, 0xA1, 0x06, 0x61, 0x00, 0x01,
    0x02, 0xC2, 0x06, 0x4C, 0x00, 0x01, 0x01, 0x0E, 0x06, 0x4C, 0x00, 0x01, 0x02, 0x59, 0x06, 0x4C,
    0x00, 0x01, 0x02, 0x93, 0x06, 0x15, 0x00, 0x01, 0x02, 0x4F, 0x06, 0x4C, 0x00, 0x01, 0x02, 0x59,
    0x05, 0x0A, 0x00, 0x01, 0x02, 0xF8, 0x06, 0x5C, 0x00, 0x01, 0x02, 0x49, 0x06, 0x32, 0x00, 0x01,
    0x02, 0xCA, 0x07, 0x73, 0x00, 0x01, 0x02, 0x51, 0x05, 0x0C, 0x00, 0x01, 0x02, 0x97, 0x06, 0x61,
    0x00, 0x01, 0x03, 0x5E, 0x06, 0x40, 0x00, 0x01, 0x02, 0x41, 0x05, 0x50, 0x00, 0x01, 0x02, 0x28,
    0x04, 0xFC, 0x00, 0x01, 0x02, 0x8A, 0x06, 0x2E, 0x00, 0x01, 0x02, 0x37, 0x05, 0x0B, 0x00, 0x01,
    0x02, 0xD4, 0x06, 0x42, 0x00, 0x01, 0x01, 0xD4, 0x06, 0xCC, 0x00, 0x01, 0x03, 0x57, 0x05, 0x03,
    0x00, 0x01, 0x03, 0xC6, 0x06, 0x66, 0x00, 0x01, 0x02, 0x36, 0x05, 0x09, 0x00, 0x01, 0x02, 0x0D,
    0x04, 0xF5, 0x00, 0x01, 0x02, 0x0B, 0x05, 0x0A, 0x00, 0x01, 0x03, 0x5A, 0x05, 0x03, 0x00, 0x01,
    0x03, 0x2C, 0x04, 0xF5, 0x00, 0x01, 0x03, 0x3B, 0x04, 0xF5, 0x00, 0x01, 0x02, 0x41, 0x05, 0x03,
    0x00, 0x01, 0x02, 0x51, 0x04, 0xF5, 0x00, 0x01, 0x02, 0xEB, 0x06, 0xCC, 0x00, 0x01, 0x02, 0x10,
    0x04, 0xF5, 0x00, 0x01, 0x02, 0x47, 0x04, 0xF5, 0x00, 0x01, 0x02, 0x45, 0x04, 0xF5, 0x00, 0x01,
    0x02, 0xFC, 0x04, 0xF5, 0x00, 0x01, 0x02, 0x7E, 0x04, 0xF5, 0x00, 0x01, 0x02, 0x46, 0x05, 0x03,
    0x00, 0x01, 0x02, 0x49, 0x05, 0x03, 0x00, 0x01, 0x02, 0x15, 0x05, 0x09, 0x00, 0x01, 0x03, 0x7A,
    0x05, 0x03, 0x00, 0x01, 0x02, 0xC5, 0x04, 0xF5, 0x00, 0x01, 0x01, 0xAA, 0x05, 0x03, 0x00, 0x01,
    0x02, 0x1E, 0x04, 0xF5, 0x00, 0x01, 0x02, 0x8A, 0x06, 0x4C, 0x00, 0x01, 0x03, 0x94, 0x06, 0x40,
    0x00, 0x01, 0x02, 0x8E, 0x06, 0x4B, 0x00, 0x01, 0x03, 0x86, 0x06, 0x44, 0x00, 0x01, 0x02, 0xF3,
    0x06, 0x44, 0x00, 0x01, 0x02, 0x9E, 0x06, 0x44, 0x00, 0x01, 0x02, 0xCA, 0x06, 0x44, 0x00, 0x01,
    0x02, 0x6C, 0x06, 0x4B, 0x00, 0x01, 0x04, 0x03, 0x06, 0x44, 0x00, 0x01, 0x03, 0x4F, 0x05, 0x03,
    0x00, 0x01, 0x02, 0x5B, 0x06, 0x4C, 0x00, 0x01, 0x03, 0x48, 0x05, 0x02, 0x00, 0x01, 0x02, 0xF2,
    0x04, 0xF5, 0x00, 0x01, 0x02, 0x35, 0x05, 0x03, 0x00, 0x01, 0x02, 0x5C, 0x05, 0x00, 0x00, 0x01,
    0x01, 0x26, 0x04, 0xF4, 0x00, 0x01, 0x02, 0x4A, 0x05, 0x09, 0x00, 0x01, 0x02, 0x6C, 0x05, 0x0A,
    0x00, 0x01, 0x02, 0x67, 0x06, 0x44, 0x00, 0x01, 0x02, 0x22, 0x05, 0x0B, 0x00, 0x01, 0x01, 0x10,
    0x04, 0xEF, 0x00, 0x01, 0x02, 0x40, 0x04, 0xF5, 0x00, 0x01, 0x02, 0xCC, 0x06, 0x4C, 0x00, 0x01,
    0x02, 0x41, 0x05, 0x0A, 0x00, 0x01, 0x02, 0xC3, 0x06, 0x43, 0x00, 0x01, 0x02, 0xB8, 0x06, 0x41,
    0x00, 0x01, 0x01, 0x7F, 0x06, 0x9C, 0x00, 0x01, 0x03, 0xA1, 0x05, 0x0A, 0x00, 0x01, 0x03, 0xDD,
    0x06, 0x41, 0x00, 0x01, 0x01, 0x39, 0x06, 0x93, 0x00, 0x01, 0x01, 0x35, 0x06, 0x3F, 0x00, 0x01,
    0x02, 0x55, 0x05, 0x0A, 0x00, 0x01, 0x01, 0x18, 0x04, 0xFB, 0x00, 0x01, 0x02, 0xE7, 0x06, 0x44,
    0x00, 0x01, 0x02, 0x1A, 0x05, 0x06, 0x00, 0x01, 0x03, 0x5E, 0x05, 0x0B, 0x00, 0x01, 0x02, 0xCC,
    0x06, 0x8A, 0x00, 0x01, 0x03, 0xA8, 0x06, 0x4C, 0x00, 0x01, 0x02, 0x0A, 0x05, 0x0A, 0x00, 0x01,
    0x02, 0x0D, 0x05, 0x00, 0x00, 0x01, 0x02, 0xED, 0x05, 0x0A, 0x00, 0x01, 0x02, 0x09, 0x05, 0x00,
    0x00, 0x01, 0x02, 0x3D, 0x05, 0x0A, 0x00, 0x01, 0x01, 0x4E, 0x05, 0xC6, 0x00, 0x01, 0x02, 0x0D,
    0x05, 0x0A, 0x00, 0x01, 0x01, 0x9B, 0x05, 0x0A, 0x00, 0x01, 0x02, 0x19, 0x05, 0x0A, 0x00, 0x01,
    0x02, 0x98, 0x05, 0x00, 0x00, 0x01, 0x02, 0x40, 0x05, 0x0A, 0x00, 0x01, 0x03, 0x8A, 0x05, 0x0A,
    0x00, 0x01, 0x01, 0x0F, 0x06, 0x93, 0x00, 0x01, 0x02, 0x8F, 0x06, 0x44, 0x00, 0x01, 0x00, 0xDF,
    0x06, 0x40, 0x00, 0x01, 0x01, 0x0F, 0x06, 0x40, 0x00, 0x01, 0x02, 0x0D, 0x06, 0x83, 0x00, 0x01,
    0x02, 0x2B, 0x05, 0x0A, 0x00, 0x01, 0x01, 0xCA, 0x06, 0x9C, 0x00, 0x01, 0x02, 0x20, 0x05, 0x0B,
    0x00, 0x01, 0x01, 0xEF, 0x06, 0x44, 0x00, 0x01, 0x02, 0x18, 0x05, 0x0A, 0x00, 0x01, 0x02, 0x9A,
    0x06, 0x44, 0x00, 0x01, 0x02, 0x26, 0x05, 0x0A, 0x00, 0x01, 0x02, 0x76, 0x06, 0x40, 0x00, 0x01,
    0x02, 0x7C, 0x06, 0x40, 0x00, 0x01, 0x02, 0x81, 0x06, 0x4C, 0x00, 0x01, 0x03, 0x87, 0x06, 0x40,
    0x00, 0x01, 0x02, 0x9D, 0x06, 0x4C, 0x00, 0x01, 0x02, 0xA0, 0x06, 0x40, 0x00, 0x01, 0x02, 0x75,
    0x06, 0x40, 0x00, 0x01, 0x02, 0x8A, 0x06, 0x41, 0x00, 0x01, 0x02, 0x56, 0x06, 0x40, 0x00, 0x01,
    0x02, 0xBC, 0x06, 0x40, 0x00, 0x01, 0x02, 0xC1, 0x06, 0x41, 0x00, 0x01, 0x02, 0xD6, 0x06, 0x40,
    0x00, 0x01, 0x03, 0x7C, 0x06, 0x40, 0x00, 0x01, 0x01, 0x1E, 0x06, 0x3F, 0x00, 0x01, 0x02, 0x55,
    0x06, 0x3E, 0x00, 0x01, 0x03, 0x59, 0x06, 0x40, 0x00, 0x01, 0x01, 0x2B, 0x06, 0x44, 0x00, 0x01,
    0x02, 0xD3, 0x06, 0x44, 0x00, 0x01, 0x02, 0xBA, 0x06, 0x4B, 0x00, 0x01, 0x02, 0x7C, 0x06, 0x4C,
    0x00, 0x01, 0x02, 0x7C, 0x06, 0x44, 0x00, 0x01, 0x02, 0x0B, 0x06, 0x44, 0x00, 0x01, 0x02, 0xB0,
    0x06, 0x4B, 0x00, 0x01, 0x02, 0x56, 0x06, 0x4C, 0x00, 0x01, 0x02, 0xB2, 0x06, 0x40, 0x00, 0x02,
    0x00, 0x3A, 0x00, 0x25, 0x00, 0x3E, 0x00, 0x00, 0x00, 0x45, 0x00, 0x5E, 0x00, 0x1A, 0x00, 0x81,
    0x00, 0x81, 0x00, 0x34, 0x00, 0x83, 0x00, 0x83, 0x00, 0x35, 0x00, 0x86, 0x00, 0x86, 0x00, 0x36,
    0x00, 0x89, 0x00, 0x89, 0x00, 0x37, 0x00, 0x8B, 0x00, 0x96, 0x00, 0x38, 0x00, 0x98, 0x00, 0x9D,
    0x00, 0x44, 0x00, 0xB1, 0x00, 0xB1, 0x00, 0x4A, 0x00, 0xBB, 0x00, 0xBB, 0x00, 0x4B, 0x00, 0xBF,
    0x00, 0xBF, 0x00, 0x4C, 0x00, 0xC1, 0x00, 0xC1, 0x00, 0x4D, 0x00, 0xC3, 0x00, 0xC3, 0x00, 0x4E,
    0x00, 0xC7, 0x00, 0xC7, 0x00, 0x4F, 0x00, 0xCB, 0x00, 0xCB, 0x00, 0x50, 0x00, 0xCD, 0x00, 0xCE,
    0x00, 0x51, 0x00, 0xD0, 0x00, 0xD1, 0x00, 0x53, 0x00, 0xD3, 0x00, 0xD3, 0x00, 0x55, 0x00, 0xDA,
    0x00, 0xDC, 0x00, 0x56, 0x00, 0xDE, 0x00, 0xDE, 0x00, 0x59, 0x00, 0xE1, 0x00, 0xE1, 0x00, 0x5A,
    0x00, 0xE5, 0x00, 0xE5, 0x00, 0x5B, 0x00, 0xE7, 0x00, 0xE9, 0x00, 0x5C, 0x00, 0xEB, 0x00, 0xFB,
    0x00, 0x5F, 0x00, 0xFD, 0x00, 0xFD, 0x00, 0x70, 0x00, 0xFF, 0x01, 0x01, 0x00, 0x71, 0x01, 0x03,
    0x01, 0x03, 0x00, 0x74, 0x01, 0x08, 0x01, 0x09, 0x00, 0x75, 0x01, 0x16, 0x01, 0x1A, 0x00, 0x77,
    0x01, 0x1C, 0x01, 0x1C, 0x00, 0x7C, 0x01, 0x20, 0x01, 0x22, 0x00, 0x7D, 0x01, 0x2A, 0x01, 0x2B,
    0x00, 0x80, 0x01, 0x41, 0x01, 0x42, 0x00, 0x82, 0x01, 0x4B, 0x01, 0x4B, 0x00, 0x84, 0x01, 0x58,
    0x01, 0x58, 0x00, 0x85, 0x01, 0x62, 0x01, 0x62, 0x00, 0x86, 0x01, 0x64, 0x01, 0x64, 0x00, 0x87,
    0x01, 0x68, 0x01, 0x68, 0x00, 0x88, 0x01, 0x6A, 0x01, 0x6C, 0x00, 0x89, 0x01, 0x6E, 0x01, 0x6E,
    0x00, 0x8C, 0x01, 0xFF, 0x02, 0x03, 0x00, 0x8D, 0x02, 0x09, 0x02, 0x71, 0x00, 0x92, 0x02, 0x74,
    0x02, 0xC3, 0x00, 0xFB, 0x02, 0xC5, 0x02, 0xDC, 0x01, 0x4B, 0x02, 0xDE, 0x02, 0xDE, 0x01, 0x63,
    0x02, 0xE0, 0x02, 0xEA, 0x01, 0x64, 0x02, 0xEC, 0x02, 0xF5, 0x01, 0x6F, 0x02, 0xF7, 0x03, 0x12,
    0x01, 0x79, 0x03, 0x16, 0x03, 0x16, 0x01, 0x95, 0x03, 0x18, 0x03, 0x1F, 0x01, 0x96, 0x03, 0x21,
    0x03, 0x23, 0x01, 0x9E, 0x03, 0x26, 0x03, 0x2A, 0x01, 0xA1, 0x03, 0x2C, 0x03, 0xB4, 0x01, 0xA6,
    0x03, 0xB7, 0x03, 0xB7, 0x02, 0x2F, 0x03, 0xBA, 0x03, 0xBB, 0x02, 0x30, 0x03, 0xBD, 0x03, 0xBE,
    0x02, 0x32, 0x03, 0xC0, 0x03, 0xC3, 0x02, 0x34, 0x03, 0xCD, 0x04, 0x07, 0x02, 0x38, 0x00, 0x09,
    0x00, 0x00, 0x00, 0x56, 0x00, 0x00, 0x00, 0x50, 0x00, 0x00, 0x00, 0x4A, 0x00, 0x00, 0x00, 0x44,
    0x00, 0x00, 0x00, 0x3E, 0x00, 0x00, 0x00, 0x38, 0x00, 0x00, 0x00, 0x32, 0x00, 0x00, 0x00, 0x2C,
    0x00, 0x00, 0x00, 0x26, 0x00, 0x01, 0xFE, 0x21, 0x05, 0x00, 0x00, 0x01, 0xFE, 0x12, 0x05, 0x00,
    0x00, 0x01, 0xFE, 0x54, 0x04, 0xA6, 0x00, 0x01, 0xFD, 0xF7, 0x04, 0xA6, 0x00, 0x01, 0xFE, 0x2B,
    0x05, 0x0C, 0x00, 0x01, 0xFD, 0x9E, 0x05, 0x0B, 0x00, 0x01, 0xFD, 0xC5, 0x04, 0xE8, 0x00, 0x01,
    0xFD, 0xE7, 0x05, 0x0A, 0x00, 0x01, 0xFD, 0xE2, 0x05, 0x0A, 0x00, 0x02, 0x00, 0x02, 0x00, 0xA8,
    0x00, 0xAC, 0x00, 0x00, 0x01, 0x24, 0x01, 0x27, 0x00, 0x05, 0x00, 0x04, 0x00, 0x00, 0x00, 0x01,
    0x00, 0x08, 0x00, 0x01, 0x09, 0x20, 0x07, 0xAE, 0x00, 0x01, 0x09, 0x14, 0x00, 0x0C, 0x02, 0x0B,
    0x07, 0x9C, 0x07, 0x96, 0x07, 0x90, 0x07, 0x8A, 0x07, 0x84, 0x07, 0x7E, 0x07, 0x78, 0x07, 0x72,
    0x07, 0x6C, 0x07, 0x66, 0x07, 0x60, 0x07, 0x5A, 0x07, 0x54, 0x07, 0x4E, 0x07, 0x48, 0x07, 0x42,
    0x07, 0x3C, 0x07, 0x36, 0x07, 0x30, 0x07, 0x2A, 0x07, 0x24, 0x07, 0x1E, 0x07, 0x18, 0x07, 0x12,
    0x07, 0x0C, 0x07, 0x06, 0x07, 0x00, 0x06, 0xFA, 0x06, 0xF4, 0x06, 0xEE, 0x06, 0xE8, 0x06, 0xE2,
    0x06, 0xDC, 0x06, 0xD6, 0x06, 0xD0, 0x06, 0xCA, 0x06, 0xC4, 0x06, 0xD0, 0x06, 0xBE, 0x06, 0xB8,
    0x06, 0xB2, 0x06, 0xAC, 0x06, 0xA6, 0x06, 0xA0, 0x06, 0x9A, 0x06, 0x94, 0x06, 0x8E, 0x06, 0x88,
    0x06, 0x82, 0x06, 0x7C, 0x06, 0x76, 0x06, 0x70, 0x06, 0xEE, 0x06, 0x6A, 0x06, 0xD0, 0x06, 0x64,
    0x06, 0x5E, 0x06, 0x58, 0x07, 0x4E, 0x06, 0xB8, 0x06, 0x52, 0x06, 0x4C, 0x06, 0x46, 0x06, 0x40,
    0x06, 0x3A, 0x06, 0x34, 0x06, 0x2E, 0x06, 0x8E, 0x06, 0x28, 0x06, 0x22, 0x06, 0x1C, 0x06, 0x16,
    0x06, 0x10, 0x06, 0x0A, 0x06, 0x04, 0x05, 0xFE, 0x05, 0xF8, 0x05, 0xF2, 0x05, 0xEC, 0x05, 0xE6,
    0x05, 0xE0, 0x05, 0xDA, 0x05, 0xD4, 0x05, 0xCE, 0x07, 0x5A, 0x06, 0x46, 0x05, 0xC8, 0x05, 0xC2,
    0x05, 0xBC, 0x05, 0xB6, 0x06, 0xCA, 0x05, 0xB0, 0x06, 0xD0, 0x05, 0xAA, 0x06, 0xD0, 0x07, 0x8A,
    0x07, 0x8A, 0x06, 0xD6, 0x07, 0x2A, 0x06, 0x94, 0x07, 0x9C, 0x07, 0x9C, 0x07, 0x9C, 0x07, 0x9C,
    0x07, 0x9C, 0x07, 0x9C, 0x07, 0x9C, 0x05, 0xA4, 0x07, 0x84, 0x07, 0x84, 0x07, 0x84, 0x07, 0x84,
    0x07, 0x6C, 0x07, 0x6C, 0x07, 0x6C, 0x07, 0x6C, 0x07, 0x4E, 0x07, 0x48, 0x07, 0x48, 0x07, 0x48,
    0x07, 0x48, 0x07, 0x48, 0x07, 0x24, 0x07, 0x24, 0x07, 0x24, 0x07, 0x24, 0x07, 0x0C, 0x07, 0x00,
    0x07, 0x00, 0x07, 0x00, 0x07, 0x00, 0x07, 0x00, 0x07, 0x00, 0x07, 0x00, 0x05, 0x9E, 0x06, 0xE8,
    0x06, 0xE8, 0x06, 0xE8, 0x06, 0xE8, 0x06, 0xD0, 0x06, 0xD0, 0x06, 0xD0, 0x06, 0xD0, 0x06, 0xB8,
    0x06, 0xB2, 0x06, 0xB2, 0x06, 0xB2, 0x06, 0xB2, 0x06, 0xB2, 0x06, 0x8E, 0x06, 0x8E, 0x06, 0x8E,
    0x06, 0x8E, 0x06, 0x76, 0x06, 0x76, 0x07, 0x9C, 0x07, 0x00, 0x07, 0x9C, 0x07, 0x00, 0x07, 0x9C,
    0x07, 0x00, 0x07, 0x90, 0x06, 0xF4, 0x07, 0x90, 0x06, 0xF4, 0x07, 0x90, 0x06, 0xF4, 0x07, 0x90,
    0x06, 0xF4, 0x07, 0x8A, 0x06, 0xEE, 0x07, 0x84, 0x06, 0xE8, 0x07, 0x84, 0x06, 0xE8, 0x07, 0x84,
    0x06, 0xE8, 0x07, 0x84, 0x06, 0xE8, 0x07, 0x84, 0x06, 0xE8, 0x07, 0x78, 0x06, 0xDC, 0x07, 0x78,
    0x06, 0xDC, 0x07, 0x78, 0x06, 0xDC, 0x05, 0x98, 0x06, 0xDC, 0x07, 0x72, 0x06, 0xD6, 0x07, 0x6C,
    0x06, 0xD0, 0x07, 0x6C, 0x06, 0xD0, 0x07, 0x6C, 0x06, 0xD0, 0x05, 0x92, 0x06, 0xD0, 0x07, 0x6C,
    0x07, 0x66, 0x05, 0x8C, 0x05, 0x86, 0x07, 0x5A, 0x06, 0xD0, 0x05, 0x80, 0x05, 0x7A, 0x07, 0x5A,
    0x06, 0xD0, 0x07, 0x5A, 0x06, 0xD0, 0x07, 0x4E, 0x06, 0xB8, 0x05, 0x74, 0x05, 0x6E, 0x07, 0x4E,
    0x06, 0xB8, 0x06, 0xB8, 0x07, 0x48, 0x06, 0xB2, 0x07, 0x48, 0x06, 0xB2, 0x07, 0x48, 0x06, 0xB2,
    0x07, 0x36, 0x06, 0xA0, 0x05, 0x68, 0x05, 0x62, 0x07, 0x36, 0x06, 0xA0, 0x07, 0x30, 0x06, 0x9A,
    0x07, 0x30, 0x06, 0x9A, 0x05, 0x5C, 0x05, 0x56, 0x05, 0x50, 0x05, 0x4A, 0x07, 0x30, 0x06, 0x9A,
    0x05, 0x44, 0x05, 0x3E, 0x05, 0x38, 0x05, 0x32, 0x07, 0x2A, 0x06, 0x94, 0x07, 0x24, 0x06, 0x8E,
    0x07, 0x24, 0x06, 0x8E, 0x07, 0x24, 0x06, 0x8E, 0x07, 0x24, 0x06, 0x8E, 0x07, 0x24, 0x06, 0x8E,
    0x07, 0x24, 0x06, 0x8E, 0x07, 0x18, 0x06, 0x82, 0x07, 0x0C, 0x06, 0x76, 0x07, 0x0C, 0x07, 0x06,
    0x06, 0x70, 0x07, 0x06, 0x06, 0x70, 0x07, 0x06, 0x06, 0x70, 0x07, 0x9C, 0x07, 0x84, 0x07, 0x72,
    0x07, 0x6C, 0x07, 0x48, 0x07, 0x0C, 0x06, 0x22, 0x07, 0x9C, 0x07, 0x96, 0x07, 0x84, 0x07, 0x06,
    0x07, 0x72, 0x07, 0x6C, 0x07, 0x60, 0x07, 0x54, 0x07, 0x4E, 0x07, 0x48, 0x07, 0x42, 0x07, 0x2A,
    0x07, 0x0C, 0x07, 0x12, 0x07, 0x6C, 0x07, 0x0C, 0x06, 0x1C, 0x06, 0x16, 0x06, 0x64, 0x06, 0xB2,
    0x06, 0x88, 0x06, 0xB2, 0x06, 0x10, 0x07, 0x84, 0x07, 0x30, 0x07, 0x6C, 0x07, 0x6C, 0x07, 0x66,
    0x07, 0x60, 0x07, 0x9C, 0x07, 0x96, 0x07, 0x84, 0x07, 0x54, 0x07, 0x72, 0x07, 0x48, 0x07, 0x42,
    0x07, 0x90, 0x07, 0x2A, 0x07, 0x12, 0x07, 0x00, 0x06, 0xE8, 0x06, 0xB2, 0x06, 0xAC, 0x06, 0xF4,
    0x06, 0x76, 0x06, 0x7C, 0x06, 0xE8, 0x06, 0x9A, 0x06, 0xD0, 0x06, 0xD0, 0x06, 0xCA, 0x06, 0x76,
    0x07, 0x18, 0x06, 0x82, 0x07, 0x18, 0x06, 0x82, 0x07, 0x18, 0x06, 0x82, 0x07, 0x0C, 0x06, 0x76,
    0x06, 0xCA, 0x07, 0x54, 0x06, 0xBE, 0x07, 0x9C, 0x07, 0x00, 0x07, 0x84, 0x06, 0xE8, 0x06, 0x0A,
    0x05, 0xFE, 0x07, 0x90, 0x06, 0xF4, 0x07, 0x0C, 0x07, 0x6C, 0x07, 0x6C, 0x07, 0x9C, 0x07, 0x00,
    0x07, 0x9C, 0x07, 0x00, 0x07, 0x84, 0x06, 0xE8, 0x05, 0xCE, 0x06, 0x28, 0x06, 0x28, 0x06, 0x0A,
    0x05, 0xFE, 0x07, 0x48, 0x06, 0xB2, 0x06, 0x76, 0x06, 0x76, 0x06, 0x76, 0x06, 0xEE, 0x05, 0x2C,
    0x05, 0x26, 0x07, 0x9C, 0x07, 0x00, 0x07, 0x9C, 0x07, 0x00, 0x07, 0x9C, 0x07, 0x00, 0x07, 0x9C,
    0x07, 0x00, 0x07, 0x9C, 0x07, 0x00, 0x05, 0x2C, 0x05, 0x26, 0x07, 0x9C, 0x07, 0x00, 0x07, 0x9C,
    0x07, 0x00, 0x07, 0x9C, 0x07, 0x00, 0x07, 0x9C, 0x07, 0x00, 0x05, 0x2C, 0x05, 0x26, 0x05, 0x20,
    0x05, 0x1A, 0x07, 0x84, 0x06, 0xE8, 0x07, 0x84, 0x06, 0xE8, 0x07, 0x84, 0x06, 0xE8, 0x07, 0x84,
    0x06, 0xE8, 0x07, 0x84, 0x06, 0xE8, 0x07, 0x84, 0x06, 0xE8, 0x05, 0x20, 0x05, 0x1A, 0x07, 0x6C,
    0x06, 0xD0, 0x05, 0x14, 0x05, 0x0E, 0x05, 0x08, 0x05, 0x02, 0x07, 0x48, 0x06, 0xB2, 0x07, 0x48,
    0x06, 0xB2, 0x07, 0x48, 0x06, 0xB2, 0x07, 0x48, 0x06, 0xB2, 0x07, 0x48, 0x06, 0xB2, 0x05, 0x08,
    0x05, 0x02, 0x06, 0x3A, 0x06, 0x34, 0x06, 0x3A, 0x06, 0x34, 0x06, 0x3A, 0x06, 0x34, 0x06, 0x3A,
    0x06, 0x34, 0x04, 0xFC, 0x04, 0xF6, 0x04, 0xF0, 0x04, 0xEA, 0x07, 0x24, 0x06, 0x8E, 0x06, 0x2E,
    0x06, 0x8E, 0x06, 0x2E, 0x06, 0x8E, 0x06, 0x2E, 0x06, 0x8E, 0x06, 0x2E, 0x06, 0x8E, 0x04, 0xE4,
    0x04, 0xDE, 0x04, 0xD8, 0x04, 0xD2, 0x07, 0x0C, 0x06, 0x76, 0x07, 0x0C, 0x06, 0x76, 0x06, 0xEE,
    0x07, 0x2A, 0x05, 0xDA, 0x05, 0xD4, 0x06, 0xD6, 0x06, 0xC4, 0x07, 0x0C, 0x07, 0x12, 0x06, 0x7C,
    0x07, 0x7E, 0x07, 0x78, 0x06, 0xDC, 0x07, 0x4E, 0x06, 0xB8, 0x07, 0x9C, 0x07, 0x00, 0x07, 0x84,
    0x06, 0xE8, 0x07, 0x6C, 0x06, 0xD0, 0x07, 0x48, 0x06, 0xB2, 0x07, 0x36, 0x06, 0xA0, 0x07, 0x24,
    0x06, 0x8E, 0x04, 0xCC, 0x04, 0xC6, 0x04, 0xC0, 0x04, 0xBA, 0x04, 0xB4, 0x04, 0xAE, 0x04, 0xA8,
    0x04, 0xA2, 0x07, 0x60, 0x06, 0xC4, 0x04, 0x9C, 0x04, 0x96, 0x04, 0x90, 0x05, 0x0E, 0x04, 0x8A,
    0x04, 0x84, 0x04, 0x7E, 0x04, 0x78, 0x07, 0x48, 0x07, 0x42, 0x06, 0xAC, 0x04, 0x72, 0x04, 0x6C,
    0x04, 0x66, 0x04, 0x60, 0x04, 0x5A, 0x04, 0x54, 0x07, 0x24, 0x07, 0x1E, 0x06, 0x88, 0x04, 0x4E,
    0x04, 0x48, 0x04, 0x42, 0x04, 0x3C, 0x04, 0x36, 0x04, 0x30, 0x07, 0x48, 0x04, 0x2A, 0x04, 0x24,
    0x04, 0x1E, 0x04, 0x18, 0x05, 0x0E, 0x00, 0x01, 0x02, 0x39, 0xFE, 0x5A, 0x00, 0x01, 0x02, 0x7F,
    0xFE, 0x64, 0x00, 0x01, 0x01, 0xDC, 0xFE, 0x68, 0x00, 0x01, 0x02, 0xB9, 0xFE, 0x60, 0x00, 0x01,
    0x02, 0x0D, 0xFE, 0x96, 0x00, 0x01, 0x02, 0x75, 0xFE, 0x96, 0x00, 0x01, 0x02, 0xF0, 0xFE, 0x96,
    0x00, 0x01, 0x03, 0x82, 0xFE, 0x96, 0x00, 0x01, 0x02, 0x07, 0xFE, 0x96, 0x00, 0x01, 0x02, 0x9C,
    0xFE, 0x96, 0x00, 0x01, 0x01, 0xAF, 0xFE, 0x8C, 0x00, 0x01, 0x02, 0x75, 0xFE, 0x93, 0x00, 0x01,
    0x02, 0x0D, 0xFE, 0x82, 0x00, 0x01, 0x02, 0x8A, 0xFE, 0x8C, 0x00, 0x01, 0x01, 0x03, 0xFE, 0x97,
    0x00, 0x01, 0x02, 0x64, 0xFE, 0x96, 0x00, 0x01, 0x02, 0x3D, 0xFE, 0x96, 0x00, 0x01, 0x02, 0xD4,
    0xFE, 0x90, 0x00, 0x01, 0x03, 0x86, 0xFE, 0x96, 0x00, 0x01, 0x03, 0x7E, 0xFE, 0x96, 0x00, 0x01,
    0x02, 0x58, 0xFE, 0x96, 0x00, 0x01, 0x02, 0x34, 0xFE, 0xB8, 0x00, 0x01, 0x02, 0x8A, 0xFE, 0xCD,
    0x00, 0x01, 0x02, 0x46, 0xFE, 0x96, 0x00, 0x01, 0x02, 0xD5, 0xFE, 0x96, 0x00, 0x01, 0x02, 0x4C,
    0xFD, 0xFC, 0x00, 0x01, 0x02, 0x0C, 0xFE, 0x06, 0x00, 0x01, 0x02, 0x4B, 0xFE, 0x8C, 0x00, 0x01,
    0x02, 0x0B, 0xFE, 0x96, 0x00, 0x01, 0x02, 0x94, 0xFE, 0x82, 0x00, 0x01, 0x02, 0x56, 0xFE, 0x96,
    0x00, 0x01, 0x03, 0x1F, 0xFE, 0x1B, 0x00, 0x01, 0x02, 0x78, 0xFE, 0xAD, 0x00, 0x01, 0x02, 0x3C,
    0xFE, 0x8C, 0x00, 0x01, 0x02, 0xCA, 0xFE, 0x83, 0x00, 0x01, 0x01, 0xD6, 0xFE, 0x8C, 0x00, 0x01,
    0x02, 0x9F, 0xFE, 0x8C, 0x00, 0x01, 0x02, 0x41, 0xFE, 0x82, 0x00, 0x01, 0x02, 0xAB, 0xFE, 0x8C,
    0x00, 0x01, 0x02, 0x41, 0xFE, 0x85, 0x00, 0x01, 0x02, 0xC6, 0xFE, 0x8C, 0x00, 0x01, 0x01, 0x0E,
    0xFE, 0x96, 0x00, 0x01, 0x01, 0x2B, 0xFE, 0x8F, 0x00, 0x01, 0x02, 0x39, 0xFE, 0x8C, 0x00, 0x01,
    0x02, 0x7E, 0xFE, 0x96, 0x00, 0x01, 0x01, 0xDB, 0xFE, 0x9B, 0x00, 0x01, 0x02, 0xB8, 0xFE, 0x92,
    0x00, 0x01, 0x01, 0xAF, 0xFE, 0x32, 0x00, 0x01, 0x02, 0x76, 0xFE, 0x39, 0x00, 0x01, 0x01, 0xAF,
    0xFD, 0xFC, 0x00, 0x01, 0x02, 0x76, 0xFE, 0x03, 0x00, 0x01, 0x02, 0x0D, 0xFD, 0xF2, 0x00, 0x01,
    0x02, 0x8B, 0xFD, 0xFC, 0x00, 0x01, 0x02, 0x0D, 0xFE, 0x28, 0x00, 0x01, 0x02, 0x8B, 0xFE, 0x32,
    0x00, 0x01, 0x01, 0x04, 0xFE, 0x06, 0x00, 0x01, 0x02, 0x64, 0xFE, 0x06, 0x00, 0x01, 0x02, 0x3E,
    0xFE, 0x06, 0x00, 0x01, 0x02, 0xD5, 0xFD, 0xFF, 0x00, 0x01, 0x01, 0x0F, 0xFE, 0x06, 0x00, 0x01,
    0x02, 0x59, 0xFE, 0x06, 0x00, 0x01, 0x02, 0x35, 0xFE, 0x28, 0x00, 0x01, 0x02, 0x8B, 0xFE, 0x3D,
    0x00, 0x01, 0x01, 0x2B, 0xFE, 0x5C, 0x00, 0x01, 0x02, 0xD7, 0xFD, 0xF9, 0x00, 0x01, 0x02, 0x2C,
    0xFE, 0x2F, 0x00, 0x01, 0x02, 0xAD, 0xFE, 0x2F, 0x00, 0x01, 0x01, 0x0F, 0xFE, 0x35, 0x00, 0x01,
    0x01, 0x10, 0xFE, 0x35, 0x00, 0x01, 0x02, 0x9C, 0xFF, 0xF6, 0x00, 0x01, 0x02, 0x60, 0x00, 0x0A,
    0x00, 0x01, 0x02, 0x1E, 0xFF, 0xF6, 0x00, 0x01, 0x02, 0xA1, 0xFF, 0xF6, 0x00, 0x01, 0x02, 0xAC,
    0x00, 0x00, 0x00, 0x01, 0x02, 0xCE, 0x00, 0x08, 0x00, 0x01, 0x03, 0xAB, 0xFF, 0xFE, 0x00, 0x01,
    0x02, 0x59, 0xFF, 0xF6, 0x00, 0x01, 0x02, 0xF8, 0xFF, 0xF6, 0x00, 0x01, 0x02, 0x51, 0xFF, 0xF6,
    0x00, 0x01, 0x02, 0x97, 0xFF, 0xF6, 0x00, 0x01, 0x02, 0x23, 0x00, 0x0A, 0x00, 0x01, 0x02, 0x15,
    0xFF, 0xF7, 0x00, 0x01, 0x02, 0xB5, 0x00, 0x0A, 0x00, 0x01, 0x02, 0x74, 0xFF, 0xF6, 0x00, 0x01,
    0x03, 0x4B, 0xFF, 0xF6, 0x00, 0x01, 0x00, 0xFD, 0x00, 0x0A, 0x00, 0x01, 0x01, 0xFA, 0xFF, 0xF6,
    0x00, 0x01, 0x02, 0xAB, 0x00, 0x0A, 0x00, 0x01, 0x02, 0x3E, 0x00, 0x00, 0x00, 0x01, 0x02, 0xCB,
    0xFF, 0xF6, 0x00, 0x01, 0x02, 0x41, 0xFF, 0xF6, 0x00, 0x01, 0x02, 0xAB, 0x00, 0x00, 0x00, 0x01,
    0x02, 0xBF, 0x00, 0x00, 0x00, 0x01, 0x01, 0x0E, 0x00, 0x0A, 0x00, 0x01, 0x03, 0xA1, 0xFF, 0xF9,
    0x00, 0x01, 0x03, 0xDD, 0x00, 0x00, 0x00, 0x01, 0x01, 0x39, 0x00, 0x0A, 0x00, 0x01, 0x02, 0x58,
    0x00, 0x0A, 0x00, 0x01, 0x02, 0x55, 0x00, 0x0A, 0x00, 0x01, 0x02, 0xE7, 0x00, 0x0A, 0x00, 0x01,
    0x02, 0x0E, 0x00, 0x0A, 0x00, 0x01, 0x03, 0x20, 0xFF, 0x8F, 0x00, 0x01, 0x02, 0x0D, 0x00, 0x0A,
    0x00, 0x01, 0x02, 0xF0, 0x00, 0x0A, 0x00, 0x01, 0x02, 0x08, 0x00, 0x0A, 0x00, 0x01, 0x02, 0x3C,
    0x00, 0x00, 0x00, 0x01, 0x01, 0xAF, 0x00, 0x00, 0x00, 0x01, 0x02, 0x0D, 0xFF, 0xF6, 0x00, 0x01,
    0x01, 0x04, 0x00, 0x0A, 0x00, 0x01, 0x03, 0x84, 0xFE, 0x69, 0x00, 0x01, 0x00, 0xFD, 0xFE, 0x69,
    0x00, 0x01, 0x02, 0x42, 0xFF, 0xF9, 0x00, 0x01, 0x02, 0x3E, 0x00, 0x0A, 0x00, 0x01, 0x03, 0x87,
    0x00, 0x0A, 0x00, 0x01, 0x02, 0x35, 0x00, 0x2C, 0x00, 0x01, 0x00, 0xBE, 0xFE, 0x35, 0x00, 0x01,
    0x01, 0x0F, 0x00, 0x0A, 0x00, 0x01, 0x02, 0x47, 0x00, 0x0A, 0x00, 0x01, 0x02, 0x2A, 0xFE, 0x41,
    0x00, 0x01, 0x01, 0x4A, 0x00, 0x0A, 0x00, 0x01, 0x02, 0x39, 0x00, 0x00, 0x00, 0x01, 0x02, 0x4C,
    0x00, 0x00, 0x00, 0x01, 0x02, 0x2C, 0xFF, 0xFD, 0x00, 0x01, 0x02, 0x95, 0xFF, 0xF6, 0x00, 0x01,
    0x01, 0xDC, 0x00, 0x0F, 0x00, 0x01, 0x02, 0x75, 0x00, 0x0A, 0x00, 0x01, 0x02, 0x79, 0x00, 0x20,
    0x00, 0x01, 0x02, 0x8C, 0x00, 0x10, 0x00, 0x01, 0x03, 0x82, 0x00, 0x0A, 0x00, 0x01, 0x02, 0x9D,
    0x00, 0x0A, 0x00, 0x01, 0x02, 0x9F, 0x00, 0x00, 0x00, 0x01, 0x02, 0x76, 0x00, 0x07, 0x00, 0x01,
    0x02, 0x8B, 0x00, 0x00, 0x00, 0x01, 0x02, 0x64, 0x00, 0x0A, 0x00, 0x01, 0x02, 0xBA, 0xFF, 0xF6,
    0x00, 0x01, 0x02, 0x12, 0x00, 0x0A, 0x00, 0x01, 0x02, 0xC6, 0x00, 0x00, 0x00, 0x01, 0x02, 0xD5,
    0x00, 0x03, 0x00, 0x01, 0x03, 0x7F, 0x00, 0x0A, 0x00, 0x01, 0x02, 0x59, 0x00, 0x0A, 0x00, 0x01,
    0x02, 0x8B, 0x00, 0x41, 0x00, 0x01, 0x02, 0x00, 0xFF, 0xF6, 0x00, 0x01, 0x01, 0x2B, 0x00, 0x03,
    0x00, 0x01, 0x02, 0xD6, 0x00, 0x0A, 0x00, 0x01, 0x02, 0xD7, 0xFF, 0xFD, 0x00, 0x01, 0x02, 0x13,
    0x00, 0x0A, 0x00, 0x01, 0x02, 0x7F, 0x00, 0x0A, 0x00, 0x01, 0x02, 0x0C, 0x00, 0x0A, 0x00, 0x01,
    0x02, 0xAD, 0xFF, 0xFD, 0x00, 0x01, 0x02, 0x57, 0x00, 0x0A, 0x00, 0x01, 0x02, 0xB9, 0x00, 0x06,
    0x00, 0x02, 0x00, 0x3B, 0x00, 0x25, 0x00, 0x3E, 0x00, 0x00, 0x00, 0x45, 0x00, 0x5E, 0x00, 0x1A,
    0x00, 0x8B, 0x00, 0x96, 0x00, 0x34, 0x00, 0x98, 0x00, 0x9B, 0x00, 0x40, 0x00, 0x9D, 0x00, 0x9D,
    0x00, 0x44, 0x00, 0xBA, 0x00, 0xBB, 0x00, 0x45, 0x00, 0xC1, 0x00, 0xC1, 0x00, 0x47, 0x00, 0xCE,
    0x00, 0xCE, 0x00, 0x48, 0x00, 0xDB, 0x00, 0xDB, 0x00, 0x49, 0x00, 0xDD, 0x00, 0xDD, 0x00, 0x4A,
    0x00, 0xEF, 0x00, 0xEF, 0x00, 0x4B, 0x00, 0xF2, 0x00, 0xF2, 0x00, 0x4C, 0x01, 0x21, 0x01, 0x22,
    0x00, 0x4D, 0x01, 0x41, 0x01, 0x42, 0x00, 0x4F, 0x01, 0x4C, 0x01, 0x4D, 0x00, 0x51, 0x01, 0x58,
    0x01, 0x58, 0x00, 0x53, 0x01, 0x62, 0x01, 0x62, 0x00, 0x54, 0x01, 0x64, 0x01, 0x64, 0x00, 0x55,
    0x01, 0x6A, 0x01, 0x6C, 0x00, 0x56, 0x01, 0x6E, 0x01, 0x6E, 0x00, 0x59, 0x01, 0xFF, 0x02, 0x03,
    0x00, 0x5A, 0x02, 0x09, 0x02, 0x71, 0x00, 0x5F, 0x02, 0x74, 0x02, 0x74, 0x00, 0xC8, 0x02, 0x76,
    0x02, 0xB9, 0x00, 0xC9, 0x02, 0xBE, 0x02, 0xC4, 0x01, 0x0D, 0x02, 0xC6, 0x02, 0xD6, 0x01, 0x14,
    0x02, 0xD8, 0x02, 0xD8, 0x01, 0x25, 0x02, 0xDB, 0x02, 0xDC, 0x01, 0x26, 0x02, 0xDE, 0x02, 0xDE,
    0x01, 0x28, 0x02, 0xE2, 0x02, 0xE2, 0x01, 0x29, 0x02, 0xE4, 0x02, 0xE5, 0x01, 0x2A, 0x02, 0xE7,
    0x02, 0xEA, 0x01, 0x2C, 0x02, 0xEC, 0x02, 0xEC, 0x01, 0x30, 0x02, 0xEE, 0x02, 0xEF, 0x01, 0x31,
    0x02, 0xF1, 0x02, 0xF1, 0x01, 0x33, 0x02, 0xF3, 0x02, 0xF5, 0x01, 0x34, 0x02, 0xF7, 0x02, 0xFC,
    0x01, 0x37, 0x02, 0xFE, 0x03, 0x03, 0x01, 0x3D, 0x03, 0x05, 0x03, 0x08, 0x01, 0x43, 0x03, 0x0A,
    0x03, 0x12, 0x01, 0x47, 0x03, 0x16, 0x03, 0x16, 0x01, 0x50, 0x03, 0x18, 0x03, 0x1C, 0x01, 0x51,
    0x03, 0x1E, 0x03, 0x1E, 0x01, 0x56, 0x03, 0x26, 0x03, 0x2A, 0x01, 0x57, 0x03, 0x2C, 0x03, 0x2C,
    0x01, 0x5C, 0x03, 0x2F, 0x03, 0x33, 0x01, 0x5D, 0x03, 0x36, 0x03, 0x3A, 0x01, 0x62, 0x03, 0x3D,
    0x03, 0x3E, 0x01, 0x67, 0x03, 0x43, 0x03, 0x44, 0x01, 0x69, 0x03, 0x4C, 0x03, 0x4C, 0x01, 0x6B,
    0x03, 0x4E, 0x03, 0x4E, 0x01, 0x6C, 0x03, 0x50, 0x03, 0x50, 0x01, 0x6D, 0x03, 0x55, 0x03, 0xAF,
    0x01, 0x6E, 0x03, 0xB5, 0x03, 0xB7, 0x01, 0xC9, 0x03, 0xBD, 0x03, 0xBE, 0x01, 0xCC, 0x03, 0xC0,
    0x03, 0xC1, 0x01, 0xCE, 0x03, 0xC3, 0x03, 0xC3, 0x01, 0xD0, 0x03, 0xCD, 0x03, 0xDC, 0x01, 0xD1,
    0x03, 0xDE, 0x04, 0x07, 0x01, 0xE1, 0x00, 0x01, 0x00, 0x00, 0x00, 0x06, 0x00, 0x01, 0xFD, 0xA9,
    0x00, 0x00, 0x00, 0x01, 0x00, 0x01, 0x00, 0xAD, 0x00, 0x02, 0x00, 0x08, 0x00, 0x02, 0x00, 0xA0,
    0x00, 0x0A, 0x00, 0x02, 0x00, 0x22, 0x00, 0x04, 0x00, 0x00, 0x00, 0x6E, 0x00, 0x46, 0x00, 0x03,
    0x00, 0x03, 0x00, 0x00, 0xFF, 0xC4, 0xFF, 0x88, 0x00, 0x00, 0xFF, 0x08, 0x00, 0x00, 0x00, 0x00,
    0xFF, 0x88, 0x00, 0x00, 0x00, 0x01, 0x00, 0x10, 0x00, 0x06, 0x00, 0x0B, 0x00, 0x10, 0x00, 0x12,
    0x00, 0xB2, 0x01, 0x85, 0x01, 0x86, 0x01, 0x87, 0x01, 0x88, 0x01, 0x89, 0x01, 0x8A, 0x01, 0x8B,
    0x01, 0x8F, 0x01, 0x90, 0x03, 0x13, 0x03, 0x14, 0x00, 0x02, 0x00, 0x06, 0x00, 0x06, 0x00, 0x06,
    0x00, 0x01, 0x00, 0x0B, 0x00, 0x0B, 0x00, 0x01, 0x00, 0xB2, 0x00, 0xB2, 0x00, 0x02, 0x01, 0x85,
    0x01, 0x86, 0x00, 0x01, 0x01, 0x88, 0x01, 0x8A, 0x00, 0x01, 0x03, 0x13, 0x03, 0x14, 0x00, 0x01,
    0x00, 0x02, 0x00, 0x06, 0x00, 0x10, 0x00, 0x10, 0x00, 0x01, 0x00, 0x12, 0x00, 0x12, 0x00, 0x01,
    0x00, 0xB2, 0x00, 0xB2, 0x00, 0x02, 0x01, 0x87, 0x01, 0x87, 0x00, 0x01, 0x01, 0x8B, 0x01, 0x8B,
    0x00, 0x01, 0x01, 0x8F, 0x01, 0x90, 0x00, 0x01, 0x00, 0x01, 0x00, 0x0E, 0x00, 0x04, 0x00, 0x00,
    0x00, 0x02, 0x00, 0x1C, 0x00, 0x16, 0x00, 0x01, 0x00, 0x02, 0x00, 0x13, 0x00, 0xB2, 0x00, 0x01,
    0x00, 0x23, 0xFF, 0xB5, 0x00, 0x01, 0x00, 0x13, 0xFF, 0x10, 0x00, 0x02, 0x00, 0x08, 0x00, 0x02,
    0x1B, 0x98, 0x00, 0x0A, 0x00, 0x02, 0x08, 0x8A, 0x00, 0x04, 0x00, 0x00, 0x13, 0x92, 0x0B, 0x94,
    0x00, 0x23, 0x00, 0x1F, 0x00, 0x00, 0x00, 0x00, 0x00, 0x00, 0x00, 0x00, 0x00, 0x12, 0x00, 0x00,
    0x00, 0x00, 0x00, 0x00, 0x00, 0x00, 0x00, 0x00, 0xFF, 0xE4, 0xFF, 0xE3, 0x00, 0x11, 0x00, 0x00,
    0x00, 0x00, 0x00, 0x00, 0x00, 0x00, 0x00, 0x00, 0x00, 0x00, 0x00, 0x00, 0x00, 0x00, 0x00, 0x00,
    0x00, 0x00, 0x00, 0x11, 0x00, 0x00, 0xFF, 0xE4, 0x00, 0x11, 0xFF, 0xE5, 0x00, 0x00, 0x00, 0x00,
    0x00, 0x12, 0x00, 0x00, 0x00, 0x00, 0x00, 0x00, 0x00, 0x00, 0xFF, 0xEB, 0x00, 0x00, 0x00, 0x00,
    0x00, 0x00, 0x00, 0x00, 0x00, 0x00, 0xFF, 0xD5, 0xFF, 0xBE, 0xFF, 0xEA, 0x00, 0x00, 0x00, 0x00,
    0x00, 0x00, 0x00, 0x00, 0x00, 0x00, 0xFF, 0xE9, 0xFF, 0x8C, 0xFF, 0xEA, 0x00, 0x00, 0x00, 0x00,
    0xFF, 0xE1, 0x00, 0x00, 0x00, 0x00, 0x00, 0x00, 0x00, 0x00, 0x00, 0x00, 0x00, 0x00, 0xFF, 0xEB,
    0x00, 0x00, 0x00, 0x00, 0xFF, 0xEE, 0xFF, 0xDF, 0x00, 0x00, 0x00, 0x00, 0xFF, 0xF4, 0xFF, 0xF5,
    0xFF, 0xCE, 0xFF, 0xEF, 0xFF, 0x7C, 0xFF, 0x85, 0x00, 0x00, 0x00, 0x00, 0xFF, 0x88, 0x00, 0x00,
    0x00, 0x00, 0xFF, 0xCF, 0x00, 0x00, 0x00, 0x00, 0xFF, 0xB0, 0x00, 0x00, 0x00, 0x0C, 0x00, 0x11,
    0x00, 0x00, 0xFF, 0xC9, 0x00, 0x12, 0xFF, 0xC5, 0x00, 0x00, 0xFF, 0x88, 0x00, 0x00, 0x00, 0x00,
    0x00, 0x00, 0x00, 0x00, 0x00, 0x00, 0x00, 0x00, 0x00, 0x00, 0x00, 0x00, 0x00, 0x00, 0xFF, 0xF1,
    0x00, 0x00, 0x00, 0x00, 0x00, 0x00, 0x00, 0x00, 0x00, 0x00, 0xFF, 0xDF, 0x00, 0x00, 0x00, 0x00,
    0x00, 0x00, 0x00, 0x00, 0x00, 0x00, 0x00, 0x00, 0x00, 0x00, 0x00, 0x00, 0x00, 0x00, 0x00, 0x00,
    0x00, 0x00, 0x00, 0x00, 0x00, 0x00, 0x00, 0x00, 0xFF, 0xDF, 0x00, 0x00, 0x00, 0x00, 0xFF, 0xED,
    0x00, 0x00, 0x00, 0x00, 0x00, 0x00, 0x00, 0x00, 0xFF, 0xED, 0xFF, 0xEF, 0xFF, 0xE6, 0x00, 0x00,
    0x00, 0x00, 0x00, 0x14, 0x00, 0x00, 0x00, 0x00, 0x00, 0x00, 0x00, 0x00, 0x00, 0x00, 0x00, 0x00,
    0x00, 0x00, 0x00, 0x00, 0x00, 0x00, 0x00, 0x00, 0x00, 0x00, 0x00, 0x00, 0x00, 0x00, 0x00, 0x00,
    0x00, 0x00, 0x00, 0x00, 0x00, 0x00, 0x00, 0x00, 0x00, 0x00, 0x00, 0x00, 0x00, 0x00, 0x00, 0x00,
    0x00, 0x00, 0x00, 0x00, 0x00, 0x00, 0x00, 0x00, 0x00, 0x00, 0xFF, 0xF3, 0x00, 0x00, 0x00, 0x00,
    0x00, 0x00, 0x00, 0x00, 0x00, 0x00, 0xFF, 0xF2, 0x00, 0x00, 0x00, 0x00, 0x00, 0x00, 0x00, 0x00,
    0x00, 0x00, 0x00, 0x00, 0x00, 0x00, 0x00, 0x00, 0x00, 0x00, 0x00, 0x00, 0x00, 0x00, 0x00, 0x00,
    0x00, 0x00, 0x00, 0x00, 0xFF, 0xF2, 0x00, 0x00, 0x00, 0x00, 0x00, 0x00, 0x00, 0x00, 0x00, 0x00,
    0x00, 0x00, 0x00, 0x00, 0x00, 0x00, 0x00, 0x00, 0xFF, 0xF1, 0x00, 0x00, 0x00, 0x00, 0x00, 0x00,
    0x00, 0x00, 0x00, 0x00, 0xFF, 0x99, 0xFF, 0xEB, 0x00, 0x00, 0x00, 0x00, 0x00, 0x00, 0x00, 0x00,
    0x00, 0x00, 0x00, 0x00, 0xFF, 0xF0, 0x00, 0x00, 0x00, 0x00, 0x00, 0x00, 0xFF, 0xF0, 0x00, 0x00,
    0x00, 0x00, 0xFF, 0x99, 0x00, 0x00, 0x00, 0x00, 0xFF, 0xF3, 0x00, 0x00, 0x00, 0x00, 0x00, 0x00,
    0xFF, 0xF1, 0xFF, 0xF1, 0x00, 0x00, 0x00, 0x00, 0x00, 0x00, 0x00, 0x00, 0x00, 0x00, 0x00, 0x00,
    0x00, 0x00, 0x00, 0x0F, 0x00, 0x00, 0x00, 0x00, 0x00, 0x00, 0x00, 0x00, 0xFF, 0x6C, 0x00, 0x00,
    0x00, 0x00, 0x00, 0x00, 0x00, 0x00, 0x00, 0x00, 0x00, 0x00, 0xFF, 0xD7, 0x00, 0x00, 0x00, 0x00,
    0x00, 0x0F, 0x00, 0x00, 0x00, 0x00, 0x00, 0x00, 0x00, 0x00, 0x00, 0x00, 0xFF, 0xEA, 0x00, 0x00,
    0x00, 0x00, 0x00, 0x00, 0x00, 0x00, 0x00, 0x00, 0x00, 0x00, 0x00, 0x00, 0x00, 0x00, 0x00, 0x00,
    0x00, 0x00, 0x00, 0x00, 0x00, 0x00, 0x00, 0x00, 0x00, 0x00, 0x00, 0x00, 0x00, 0x00, 0x00, 0x00,
    0x00, 0x00, 0x00, 0x00, 0x00, 0x00, 0x00, 0x00, 0x00, 0x00, 0x00, 0x00, 0x00, 0x00, 0x00, 0x00,
    0xFF, 0xEA, 0x00, 0x00, 0x00, 0x00, 0x00, 0x00, 0x00, 0x00, 0x00, 0x00, 0x00, 0x00, 0x00, 0x00,
    0x00, 0x00, 0x00, 0x00, 0x00, 0x00, 0x00, 0x00, 0x00, 0x00, 0x00, 0x00, 0x00, 0x00, 0xFF, 0xA8,
    0x00, 0x00, 0x00, 0x00, 0x00, 0x00, 0x00, 0x00, 0x00, 0x00, 0x00, 0x00, 0x00, 0x00, 0x00, 0x00,
    0x00, 0x00, 0x00, 0x00, 0x00, 0x00, 0x00, 0x00, 0x00, 0x00, 0x00, 0x00, 0xFF, 0xA8, 0x00, 0x00,
    0x00, 0x00, 0xFF, 0xBF, 0xFF, 0xE3, 0xFF, 0xD8, 0xFF, 0x7C, 0xFF, 0xBE, 0xFF, 0xBF, 0xFF, 0xD9,
    0xFF, 0xEC, 0xFF, 0xA0, 0x00, 0x12, 0x00, 0x11, 0x00, 0x0D, 0xFF, 0xC6, 0x00, 0x00, 0xFF, 0xE9,
    0xFF, 0xF0, 0x00, 0x11, 0x00, 0x00, 0xFF, 0x1F, 0x00, 0x12, 0xFF, 0x88, 0xFF, 0xE2, 0x00, 0x00,
    0x00, 0x00, 0x00, 0x00, 0x00, 0x00, 0x00, 0x00, 0xFF, 0xA0, 0x00, 0x00, 0xFF, 0x7C, 0x00, 0x00,
    0xFF, 0xE6, 0xFF, 0xE1, 0xFF, 0xF9, 0x00, 0x00, 0x00, 0x00, 0xFF, 0xE5, 0xFF, 0xE9, 0xFF, 0xD8,
    0x00, 0x00, 0x00, 0x00, 0x00, 0x00, 0x00, 0x00, 0x00, 0x00, 0x00, 0x00, 0x00, 0x00, 0x00, 0x00,
    0x00, 0x00, 0x00, 0x00, 0x00, 0x00, 0x00, 0x00, 0xFF, 0x7C, 0x00, 0x00, 0x00, 0x00, 0x00, 0x00,
    0x00, 0x00, 0x00, 0x00, 0xFF, 0xA3, 0x00, 0x00, 0x00, 0x00, 0x00, 0x00, 0x00, 0x00, 0x00, 0x00,
    0x00, 0x00, 0x00, 0x00, 0x00, 0x00, 0x00, 0x00, 0x00, 0x00, 0x00, 0x00, 0xFF, 0xF5, 0x00, 0x00,
    0x00, 0x00, 0x00, 0x00, 0x00, 0x00, 0x00, 0x00, 0xFF, 0xE3, 0xFF, 0xF1, 0x00, 0x00, 0x00, 0x00,
    0x00, 0x00, 0x00, 0x00, 0x00, 0x00, 0x00, 0x00, 0xFF, 0xF1, 0x00, 0x00, 0x00, 0x00, 0x00, 0x00,
    0xFF, 0xF2, 0x00, 0x00, 0x00, 0x00, 0xFF, 0xE3, 0x00, 0x00, 0x00, 0x00, 0x00, 0x00, 0x00, 0x00,
    0x00, 0x00, 0x00, 0x00, 0x00, 0x00, 0x00, 0x00, 0x00, 0x00, 0x00, 0x00, 0x00, 0x00, 0x00, 0x00,
    0xFF, 0xE3, 0x00, 0x00, 0x00, 0x00, 0x00, 0x00, 0x00, 0x00, 0x00, 0x00, 0x00, 0x00, 0x00, 0x00,
    0x00, 0x00, 0x00, 0x00, 0x00, 0x00, 0x00, 0x00, 0x00, 0x00, 0x00, 0x00, 0x00, 0x00, 0x00, 0x00,
    0x00, 0x00, 0x00, 0x00, 0x00, 0x00, 0x00, 0x00, 0x00, 0x00, 0xFF, 0xE6, 0xFF, 0xE7, 0x00, 0x00,
    0x00, 0x00, 0x00, 0x00, 0xFF, 0xEB, 0xFF, 0xEB, 0xFF, 0xE1, 0x00, 0x00, 0x00, 0x00, 0x00, 0x00,
    0x00, 0x00, 0x00, 0x00, 0x00, 0x00, 0x00, 0x00, 0x00, 0x00, 0x00, 0x00, 0x00, 0x00, 0x00, 0x00,
    0x00, 0x0E, 0xFF, 0x87, 0x00, 0x00, 0x00, 0x11, 0x00, 0x00, 0x00, 0x00, 0x00, 0x11, 0xFF, 0xD1,
    0x00, 0x00, 0x00, 0x00, 0x00, 0x00, 0x00, 0x00, 0xFF, 0xA4, 0xFF, 0xE4, 0xFF, 0xA1, 0xFF, 0x95,
    0xFF, 0x6A, 0xFF, 0x53, 0xFF, 0xB5, 0xFF, 0xB1, 0x00, 0x00, 0x00, 0x10, 0x00, 0x10, 0x00, 0x00,
    0xFF, 0xA7, 0x00, 0x00, 0xFF, 0xB3, 0xFF, 0xF0, 0x00, 0x0F, 0x00, 0x00, 0xFF, 0x0B, 0x00, 0x10,
    0xFE, 0xFD, 0xFF, 0xC4, 0xFF, 0xCB, 0x00, 0x00, 0x00, 0x00, 0xFF, 0x7E, 0xFF, 0x7C, 0xFF, 0x20,
    0x00, 0x00, 0xFF, 0x95, 0x00, 0x00, 0xFF, 0xC5, 0x00, 0x00, 0xFF, 0xEC, 0xFF, 0x88, 0xFF, 0xCE,
    0xFF, 0xAF, 0x00, 0x00, 0x00, 0x00, 0x00, 0x00, 0x00, 0x00, 0x00, 0x00, 0x00, 0x00, 0xFF, 0xA8,
    0x00, 0x00, 0x00, 0x00, 0x00, 0x00, 0x00, 0x00, 0x00, 0x00, 0x00, 0x00, 0x00, 0x00, 0x00, 0x00,
    0x00, 0x00, 0x00, 0x00, 0x00, 0x00, 0x00, 0x00, 0x00, 0x00, 0x00, 0x00, 0x00, 0x00, 0xFF, 0xC4,
    0x00, 0x00, 0x00, 0x00, 0x00, 0x00, 0x00, 0x00, 0x00, 0x00, 0x00, 0x00, 0x00, 0x00, 0x00, 0x00,
    0x00, 0x00, 0x00, 0x00, 0x00, 0x00, 0x00, 0x00, 0x00, 0x00, 0x00, 0x00, 0x00, 0x00, 0xFF, 0xF5,
    0x00, 0x00, 0x00, 0x00, 0x00, 0x00, 0x00, 0x00, 0x00, 0x00, 0x00, 0x00, 0x00, 0x00, 0x00, 0x00,
    0x00, 0x00, 0x00, 0x00, 0x00, 0x00, 0x00, 0x00, 0x00, 0x00, 0x00, 0x00, 0xFF, 0xF5, 0x00, 0x00,
    0x00, 0x00, 0xFF, 0xEC, 0x00, 0x00, 0x00, 0x00, 0x00, 0x00, 0x00, 0x00, 0xFF, 0xDE, 0x00, 0x00,
    0x00, 0x00, 0x00, 0x00, 0x00, 0x00, 0x00, 0x00, 0x00, 0x00, 0x00, 0x00, 0x00, 0x00, 0x00, 0x00,
    0x00, 0x00, 0x00, 0x00, 0x00, 0x00, 0x00, 0x00, 0x00, 0x00, 0x00, 0x00, 0x00, 0x00, 0x00, 0x00,
    0x00, 0x00, 0x00, 0x00, 0x00, 0x00, 0x00, 0x00, 0x00, 0x00, 0x00, 0x00, 0x00, 0x00, 0x00, 0x00,
    0xFF, 0x50, 0xFF, 0xBD, 0xFF, 0x4A, 0xFF, 0x37, 0xFF, 0x4F, 0xFF, 0x5B, 0xFF, 0x6E, 0xFF, 0x66,
    0x00, 0x00, 0x00, 0x07, 0x00, 0x07, 0x00, 0x00, 0xFF, 0x55, 0x00, 0x00, 0xFF, 0x6A, 0xFF, 0xD1,
    0x00, 0x05, 0x00, 0x00, 0xFE, 0x4C, 0x00, 0x07, 0xFE, 0x34, 0xFF, 0x86, 0xFF, 0x92, 0x00, 0x00,
    0x00, 0x00, 0xFF, 0x0F, 0xFF, 0x0C, 0x00, 0x00, 0x00, 0x00, 0xFF, 0x37, 0x00, 0x00, 0x00, 0x00,
    0xFF, 0xC0, 0x00, 0x00, 0x00, 0x13, 0x00, 0x00, 0x00, 0x00, 0xFF, 0xE8, 0xFF, 0x82, 0xFF, 0xDE,
    0xFE, 0xF6, 0xFF, 0x1C, 0x00, 0x00, 0x00, 0x00, 0x00, 0x00, 0x00, 0x00, 0x00, 0x00, 0xFF, 0x93,
    0x00, 0x00, 0x00, 0x00, 0xFF, 0x3C, 0x00, 0x00, 0x00, 0x00, 0x00, 0x00, 0x00, 0x00, 0x00, 0x00,
    0x00, 0x00, 0x00, 0x00, 0x00, 0x00, 0x00, 0x00, 0x00, 0x13, 0x00, 0x00, 0xFF, 0xE1, 0x00, 0x00,
    0x00, 0x00, 0xFF, 0xD5, 0xFF, 0xDF, 0xFF, 0xE1, 0xFF, 0xED, 0x00, 0x00, 0x00, 0x00, 0x00, 0x00,
    0x00, 0x0E, 0x00, 0x00, 0x00, 0x00, 0x00, 0x00, 0x00, 0x00, 0x00, 0x00, 0x00, 0x00, 0x00, 0x00,
    0xFF, 0x77, 0x00, 0x00, 0xFF, 0xC4, 0x00, 0x00, 0x00, 0x00, 0x00, 0x00, 0x00, 0x00, 0x00, 0x00,
    0x00, 0x00, 0x00, 0x00, 0x00, 0x00, 0xFF, 0xD5, 0x00, 0x00, 0xFF, 0xEB, 0xFF, 0xE6, 0x00, 0x00,
    0x00, 0x0D, 0x00, 0x00, 0xFF, 0xEB, 0xFF, 0xED, 0xFF, 0xE5, 0x00, 0x00, 0x00, 0x00, 0x00, 0x00,
    0x00, 0x00, 0x00, 0x00, 0x00, 0x00, 0x00, 0x00, 0x00, 0x00, 0x00, 0x00, 0x00, 0x00, 0x00, 0x00,
    0x00, 0x00, 0x00, 0x00, 0x00, 0x00, 0x00, 0x00, 0x00, 0x00, 0x00, 0x00, 0x00, 0x00, 0x00, 0x00,
    0x00, 0x00, 0x00, 0x00, 0x00, 0x0D, 0x00, 0x00, 0x00, 0x00, 0x00, 0x00, 0x00, 0x00, 0x00, 0x00,
    0x00, 0x00, 0x00, 0x00, 0x00, 0x00, 0x00, 0x00, 0x00, 0x00, 0x00, 0x00, 0x00, 0x00, 0x00, 0x00,
    0x00, 0x00, 0x00, 0x00, 0x00, 0x00, 0x00, 0x00, 0x00, 0x00, 0x00, 0x00, 0x00, 0x00, 0x00, 0x00,
    0x00, 0x00, 0x00, 0x00, 0x00, 0x00, 0x00, 0x00, 0x00, 0x00, 0x00, 0x00, 0x00, 0x00, 0x00, 0x00,
    0xFF, 0x08, 0x00, 0x00, 0x00, 0x00, 0xFF, 0xED, 0x00, 0x00, 0x00, 0x00, 0x00, 0x00, 0xFF, 0xDF,
    0xFF, 0xE1, 0x00, 0x00, 0x00, 0x12, 0x00, 0x00, 0x00, 0x00, 0x00, 0x00, 0x00, 0x00, 0x00, 0x00,
    0x00, 0x10, 0x00, 0x00, 0x00, 0x00, 0x00, 0x00, 0x00, 0x00, 0xFF, 0x63, 0x00, 0x00, 0x00, 0x00,
    0x00, 0x00, 0x00, 0x00, 0x00, 0x00, 0x00, 0x00, 0x00, 0x00, 0x00, 0x00, 0x00, 0x00, 0x00, 0x10,
    0x00, 0x00, 0x00, 0x00, 0xFF, 0xD4, 0xFF, 0xF3, 0x00, 0x00, 0xFF, 0xB5, 0xFF, 0xD2, 0xFF, 0xD2,
    0xFF, 0xE4, 0xFF, 0xF5, 0x00, 0x00, 0x00, 0x00, 0x00, 0x00, 0x00, 0x00, 0x00, 0x00, 0x00, 0x00,
    0x00, 0x00, 0x00, 0x00, 0x00, 0x00, 0x00, 0x00, 0xFF, 0x26, 0x00, 0x00, 0xFF, 0x8A, 0x00, 0x00,
    0x00, 0x00, 0x00, 0x00, 0x00, 0x00, 0x00, 0x00, 0x00, 0x00, 0x00, 0x00, 0x00, 0x00, 0xFF, 0xB5,
    0x00, 0x00, 0xFF, 0xF0, 0x00, 0x00, 0x00, 0x00, 0x00, 0x00, 0x00, 0x00, 0xFF, 0xF0, 0x00, 0x00,
    0x00, 0x00, 0x00, 0x00, 0x00, 0x00, 0x00, 0x00, 0x00, 0x00, 0x00, 0x00, 0x00, 0x00, 0x00, 0x00,
    0x00, 0x00, 0x00, 0x00, 0x00, 0x00, 0x00, 0x00, 0x00, 0x00, 0x00, 0x00, 0x00, 0x00, 0x00, 0x00,
    0x00, 0x00, 0x00, 0x00, 0x00, 0x00, 0x00, 0x00, 0x00, 0x00, 0x00, 0x00, 0x00, 0x00, 0x00, 0x00,
    0x00, 0x00, 0x00, 0x00, 0x00, 0x00, 0x00, 0x00, 0x00, 0x00, 0x00, 0x00, 0x00, 0x00, 0x00, 0x00,
    0x00, 0x00, 0xFF, 0xAD, 0xFF, 0x68, 0xFF, 0xFB, 0x00, 0x00, 0xFF, 0xC0, 0xFF, 0xC9, 0x00, 0x00,
    0x00, 0x00, 0x00, 0x00, 0x00, 0x00, 0xFF, 0xC8, 0x00, 0x00, 0x00, 0x00, 0xFF, 0xFC, 0xFF, 0xEB,
    0xFF, 0xE7, 0x00, 0x00, 0x00, 0x00, 0x00, 0x00, 0xFF, 0xC0, 0x00, 0x00, 0x00, 0x00, 0xFF, 0xBD,
    0xFF, 0xE9, 0xFF, 0xA8, 0xFF, 0xA5, 0xFF, 0xA5, 0xFF, 0xBD, 0x00, 0x00, 0x00, 0x00, 0x00, 0x00,
    0x00, 0x12, 0x00, 0x12, 0x00, 0x00, 0xFF, 0xD2, 0x00, 0x00, 0x00, 0x00, 0x00, 0x00, 0x00, 0x00,
    0x00, 0x00, 0xFE, 0x74, 0x00, 0x00, 0xFF, 0x53, 0x00, 0x00, 0xFF, 0xCA, 0x00, 0x00, 0x00, 0x00,
    0xFF, 0xBB, 0xFF, 0xE9, 0x00, 0x00, 0x00, 0x00, 0xFF, 0xA5, 0x00, 0x00, 0xFF, 0xEC, 0x00, 0x00,
    0x00, 0x00, 0x00, 0x00, 0x00, 0x00, 0xFF, 0xEC, 0x00, 0x00, 0x00, 0x00, 0x00, 0x00, 0x00, 0x00,
    0x00, 0x00, 0x00, 0x00, 0x00, 0x00, 0x00, 0x00, 0x00, 0x00, 0x00, 0x00, 0x00, 0x00, 0x00, 0x00,
    0x00, 0x00, 0x00, 0x00, 0x00, 0x00, 0x00, 0x00, 0x00, 0x00, 0x00, 0x00, 0x00, 0x00, 0xFF, 0xD8,
    0x00, 0x00, 0x00, 0x00, 0x00, 0x00, 0x00, 0x00, 0x00, 0x00, 0x00, 0x00, 0x00, 0x00, 0x00, 0x00,
    0x00, 0x00, 0x00, 0x00, 0x00, 0x00, 0x00, 0x00, 0xFF, 0xC2, 0x00, 0x00, 0x00, 0x00, 0x00, 0x00,
    0x00, 0x00, 0x00, 0x00, 0xFF, 0x79, 0xFF, 0xEE, 0x00, 0x00, 0x00, 0x00, 0x00, 0x00, 0x00, 0x00,
    0x00, 0x00, 0x00, 0x00, 0x00, 0x00, 0x00, 0x00, 0x00, 0x00, 0x00, 0x00, 0x00, 0x00, 0xFF, 0xE0,
    0x00, 0x00, 0xFF, 0x79, 0x00, 0x00, 0x00, 0x00, 0x00, 0x00, 0x00, 0x00, 0x00, 0x00, 0x00, 0x00,
    0x00, 0x00, 0x00, 0x00, 0x00, 0x00, 0x00, 0x00, 0x00, 0x00, 0xFF, 0xC9, 0xFF, 0xE5, 0x00, 0x00,
    0x00, 0x00, 0x00, 0x00, 0x00, 0x00, 0x00, 0x00, 0x00, 0x00, 0x00, 0x00, 0x00, 0x00, 0xFF, 0xE8,
    0x00, 0x00, 0x00, 0x00, 0x00, 0x00, 0xFF, 0xF3, 0x00, 0x00, 0x00, 0x00, 0x00, 0x00, 0x00, 0x00,
    0x00, 0x00, 0x00, 0x00, 0x00, 0x00, 0xFF, 0xF3, 0x00, 0x00, 0x00, 0x00, 0xFF, 0x5B, 0xFF, 0xF5,
    0xFF, 0xF3, 0x00, 0x00, 0x00, 0x0F, 0x00, 0x00, 0x00, 0x00, 0x00, 0x00, 0xFF, 0xD3, 0x00, 0x00,
    0x00, 0x00, 0x00, 0x00, 0x00, 0x00, 0x00, 0x00, 0xFF, 0xDF, 0xFE, 0x86, 0x00, 0x00, 0x00, 0x00,
    0x00, 0x00, 0xFF, 0x8C, 0x00, 0x00, 0x00, 0x00, 0xFF, 0xB7, 0x00, 0x00, 0xFF, 0x43, 0x00, 0x00,
    0xFF, 0x5B, 0x00, 0x00, 0xFF, 0xC5, 0x00, 0x00, 0xFF, 0xEC, 0xFF, 0x88, 0xFF, 0xCE, 0xFF, 0xAF,
    0x00, 0x00, 0x00, 0x00, 0x00, 0x00, 0x00, 0x00, 0x00, 0x00, 0x00, 0x00, 0xFF, 0xA8, 0xFF, 0xC4,
    0x00, 0x00, 0x00, 0x00, 0x00, 0x00, 0x00, 0x00, 0x00, 0x00, 0x00, 0x00, 0x00, 0x00, 0x00, 0x00,
    0x00, 0x00, 0x00, 0x00, 0x00, 0x00, 0x00, 0x00, 0x00, 0x00, 0x00, 0x00, 0xFF, 0xC4, 0xFF, 0x88,
    0x00, 0x00, 0x00, 0x00, 0xFF, 0xEE, 0xFF, 0xDF, 0x00, 0x00, 0x00, 0x00, 0xFF, 0xF4, 0xFF, 0xF5,
    0xFF, 0xCE, 0xFF, 0xEF, 0xFF, 0x7C, 0xFF, 0x85, 0x00, 0x00, 0x00, 0x00, 0x00, 0x00, 0x00, 0x00,
    0x00, 0x00, 0xFF, 0xCF, 0x00, 0x00, 0x00, 0x00, 0xFF, 0xB0, 0x00, 0x00, 0x00, 0x0C, 0x00, 0x11,
    0x00, 0x00, 0xFF, 0xC9, 0x00, 0x12, 0xFF, 0xC5, 0x00, 0x00, 0xFF, 0x88, 0x00, 0x00, 0x00, 0x02,
    0x00, 0x81, 0x00, 0x06, 0x00, 0x06, 0x00, 0x00, 0x00, 0x0B, 0x00, 0x0B, 0x00, 0x01, 0x00, 0x10,
    0x00, 0x10, 0x00, 0x02, 0x00, 0x12, 0x00, 0x12, 0x00, 0x03, 0x00, 0x25, 0x00, 0x29, 0x00, 0x04,
    0x00, 0x2C, 0x00, 0x34, 0x00, 0x09, 0x00, 0x38, 0x00, 0x3E, 0x00, 0x12, 0x00, 0x45, 0x00, 0x47,
    0x00, 0x19, 0x00, 0x49, 0x00, 0x49, 0x00, 0x1C, 0x00, 0x4C, 0x00, 0x4C, 0x00, 0x1D, 0x00, 0x51,
    0x00, 0x54, 0x00, 0x1E, 0x00, 0x56, 0x00, 0x56, 0x00, 0x22, 0x00, 0x5A, 0x00, 0x5A, 0x00, 0x23,
    0x00, 0x5C, 0x00, 0x5E, 0x00, 0x24, 0x00, 0x8A, 0x00, 0x8A, 0x00, 0x27, 0x00, 0x96, 0x00, 0x96,
    0x00, 0x28, 0x00, 0xB1, 0x00, 0xB4, 0x00, 0x29, 0x00, 0xBD, 0x00, 0xBD, 0x00, 0x2D, 0x00, 0xC1,
    0x00, 0xC1, 0x00, 0x2E, 0x00, 0xC7, 0x00, 0xC7, 0x00, 0x2F, 0x00, 0xD4, 0x00, 0xD5, 0x00, 0x30,
    0x00, 0xD7, 0x00, 0xD7, 0x00, 0x32, 0x00, 0xDA, 0x00, 0xDA, 0x00, 0x33, 0x00, 0xDC, 0x00, 0xDE,
    0x00, 0x34, 0x00, 0xE0, 0x00, 0xE6, 0x00, 0x37, 0x00, 0xEC, 0x00, 0xEC, 0x00, 0x3E, 0x00, 0xEE,
    0x00, 0xEE, 0x00, 0x3F, 0x00, 0xF7, 0x00, 0xF7, 0x00, 0x40, 0x00, 0xFC, 0x00, 0xFC, 0x00, 0x41,
    0x00, 0xFE, 0x00, 0xFF, 0x00, 0x42, 0x01, 0x04, 0x01, 0x05, 0x00, 0x44, 0x01, 0x0A, 0x01, 0x0A,
    0x00, 0x46, 0x01, 0x0D, 0x01, 0x0D, 0x00, 0x47, 0x01, 0x18, 0x01, 0x1A, 0x00, 0x48, 0x01, 0x2E,
    0x01, 0x30, 0x00, 0x4B, 0x01, 0x33, 0x01, 0x35, 0x00, 0x4E, 0x01, 0x37, 0x01, 0x37, 0x00, 0x51,
    0x01, 0x39, 0x01, 0x39, 0x00, 0x52, 0x01, 0x3B, 0x01, 0x3B, 0x00, 0x53, 0x01, 0x43, 0x01, 0x44,
    0x00, 0x54, 0x01, 0x54, 0x01, 0x54, 0x00, 0x56, 0x01, 0x56, 0x01, 0x56, 0x00, 0x57, 0x01, 0x58,
    0x01, 0x58, 0x00, 0x58, 0x01, 0x5C, 0x01, 0x5E, 0x00, 0x59, 0x01, 0x85, 0x01, 0x8B, 0x00, 0x5C,
    0x01, 0x8F, 0x01, 0x90, 0x00, 0x63, 0x02, 0x09, 0x02, 0x0A, 0x00, 0x65, 0x02, 0x0C, 0x02, 0x0C,
    0x00, 0x67, 0x02, 0x0E, 0x02, 0x34, 0x00, 0x68, 0x02, 0x39, 0x02, 0x3E, 0x00, 0x8F, 0x02, 0x43,
    0x02, 0x53, 0x00, 0x95, 0x02, 0x55, 0x02, 0x5E, 0x00, 0xA6, 0x02, 0x67, 0x02, 0x69, 0x00, 0xB0,
    0x02, 0x6B, 0x02, 0x6B, 0x00, 0xB3, 0x02, 0x6D, 0x02, 0x6D, 0x00, 0xB4, 0x02, 0x6F, 0x02, 0x6F,
    0x00, 0xB5, 0x02, 0x71, 0x02, 0x71, 0x00, 0xB6, 0x02, 0x74, 0x02, 0x74, 0x00, 0xB7, 0x02, 0x76,
    0x02, 0x76, 0x00, 0xB8, 0x02, 0x78, 0x02, 0x78, 0x00, 0xB9, 0x02, 0x7A, 0x02, 0x7A, 0x00, 0xBA,
    0x02, 0x7C, 0x02, 0x7C, 0x00, 0xBB, 0x02, 0x7E, 0x02, 0x7E, 0x00, 0xBC, 0x02, 0x80, 0x02, 0x8C,
    0x00, 0xBD, 0x02, 0x8E, 0x02, 0x8E, 0x00, 0xCA, 0x02, 0x90, 0x02, 0x90, 0x00, 0xCB, 0x02, 0x92,
    0x02, 0x92, 0x00, 0xCC, 0x02, 0x9D, 0x02, 0x9D, 0x00, 0xCD, 0x02, 0x9F, 0x02, 0x9F, 0x00, 0xCE,
    0x02, 0xA1, 0x02, 0xA1, 0x00, 0xCF, 0x02, 0xA3, 0x02, 0xA3, 0x00, 0xD0, 0x02, 0xA5, 0x02, 0xA5,
    0x00, 0xD1, 0x02, 0xA7, 0x02, 0xA7, 0x00, 0xD2, 0x02, 0xA9, 0x02, 0xA9, 0x00, 0xD3, 0x02, 0xAB,
    0x02, 0xAB, 0x00, 0xD4, 0x02, 0xAD, 0x02, 0xAD, 0x00, 0xD5, 0x02, 0xAF, 0x02, 0xAF, 0x00, 0xD6,
    0x02, 0xB1, 0x02, 0xB9, 0x00, 0xD7, 0x02, 0xBE, 0x02, 0xC3, 0x00, 0xE0, 0x02, 0xC6, 0x02, 0xD5,
    0x00, 0xE6, 0x02, 0xD8, 0x02, 0xD8, 0x00, 0xF6, 0x02, 0xDC, 0x02, 0xDC, 0x00, 0xF7, 0x02, 0xDE,
    0x02, 0xDE, 0x00, 0xF8, 0x02, 0xE2, 0x02, 0xE2, 0x00, 0xF9, 0x02, 0xE5, 0x02, 0xE6, 0x00, 0xFA,
    0x02, 0xE8, 0x02, 0xF1, 0x00, 0xFC, 0x02, 0xF3, 0x02, 0xF5, 0x01, 0x06, 0x02, 0xF7, 0x02, 0xFC,
    0x01, 0x09, 0x02, 0xFE, 0x03, 0x04, 0x01, 0x0F, 0x03, 0x0A, 0x03, 0x0B, 0x01, 0x16, 0x03, 0x0D,
    0x03, 0x0D, 0x01, 0x18, 0x03, 0x0F, 0x03, 0x0F, 0x01, 0x19, 0x03, 0x11, 0x03, 0x14, 0x01, 0x1A,
    0x03, 0x17, 0x03, 0x1C, 0x01, 0x1E, 0x03, 0x1E, 0x03, 0x1E, 0x01, 0x24, 0x03, 0x22, 0x03, 0x23,
    0x01, 0x25, 0x03, 0x28, 0x03, 0x33, 0x01, 0x27, 0x03, 0x36, 0x03, 0x37, 0x01, 0x33, 0x03, 0x39,
    0x03, 0x3C, 0x01, 0x35, 0x03, 0x43, 0x03, 0x44, 0x01, 0x39, 0x03, 0x48, 0x03, 0x48, 0x01, 0x3B,
    0x03, 0x4A, 0x03, 0x50, 0x01, 0x3C, 0x03, 0x56, 0x03, 0x7E, 0x01, 0x43, 0x03, 0x80, 0x03, 0x80,
    0x01, 0x6C, 0x03, 0x82, 0x03, 0x8F, 0x01, 0x6D, 0x03, 0x97, 0x03, 0x97, 0x01, 0x7B, 0x03, 0x9A,
    0x03, 0x9A, 0x01, 0x7C, 0x03, 0x9C, 0x03, 0x9C, 0x01, 0x7D, 0x03, 0xA8, 0x03, 0xAD, 0x01, 0x7E,
    0x03, 0xAF, 0x03, 0xAF, 0x01, 0x84, 0x03, 0xB3, 0x03, 0xB4, 0x01, 0x85, 0x03, 0xB7, 0x03, 0xB7,
    0x01, 0x87, 0x03, 0xB9, 0x03, 0xBA, 0x01, 0x88, 0x03, 0xBC, 0x03, 0xBC, 0x01, 0x8A, 0x03, 0xBE,
    0x03, 0xBE, 0x01, 0x8B, 0x03, 0xCF, 0x03, 0xD3, 0x01, 0x8C, 0x03, 0xD5, 0x03, 0xD5, 0x01, 0x91,
    0x03, 0xD7, 0x03, 0xD8, 0x01, 0x92, 0x03, 0xDA, 0x03, 0xDA, 0x01, 0x94, 0x03, 0xDE, 0x03, 0xE0,
    0x01, 0x95, 0x03, 0xE2, 0x03, 0xE2, 0x01, 0x98, 0x03, 0xE4, 0x03, 0xE6, 0x01, 0x99, 0x03, 0xE8,
    0x03, 0xE8, 0x01, 0x9C, 0x03, 0xEA, 0x03, 0xEA, 0x01, 0x9D, 0x03, 0xEC, 0x03, 0xF2, 0x01, 0x9E,
    0x03, 0xF4, 0x03, 0xF4, 0x01, 0xA5, 0x03, 0xF7, 0x03, 0xF7, 0x01, 0xA6, 0x03, 0xF9, 0x03, 0xFE,
    0x01, 0xA7, 0x04, 0x00, 0x04, 0x02, 0x01, 0xAD, 0x00, 0x01, 0x00, 0x06, 0x03, 0xFC, 0x00, 0x0E,
    0x00, 0x00, 0x00, 0x00, 0x00, 0x00, 0x00, 0x00, 0x00, 0x0E, 0x00, 0x00, 0x00, 0x00, 0x00, 0x00,
    0x00, 0x00, 0x00, 0x13, 0x00, 0x15, 0x00, 0x13, 0x00, 0x00, 0x00, 0x00, 0x00, 0x00, 0x00, 0x00,
    0x00, 0x00, 0x00, 0x00, 0x00, 0x00, 0x00, 0x00, 0x00, 0x00, 0x00, 0x00, 0x00, 0x00, 0x00, 0x00,
    0x00, 0x00, 0x00, 0x00, 0x00, 0x00, 0x00, 0x00, 0x00, 0x00, 0x00, 0x00, 0x00, 0x04, 0x00, 0x00,
    0x00, 0x02, 0x00, 0x00, 0x00, 0x00, 0x00, 0x00, 0x00, 0x02, 0x00, 0x00, 0x00, 0x00, 0x00, 0x1C,
    0x00, 0x00, 0x00, 0x00, 0x00, 0x00, 0x00, 0x00, 0x00, 0x02, 0x00, 0x00, 0x00, 0x02, 0x00, 0x00,
    0x00, 0x10, 0x00, 0x0B, 0x00, 0x09, 0x00, 0x14, 0x00, 0x11, 0x00, 0x0C, 0x00, 0x0A, 0x00, 0x12,
    0x00, 0x00, 0x00, 0x00, 0x00, 0x00, 0x00, 0x00, 0x00, 0x00, 0x00, 0x00, 0x00, 0x05, 0x00, 0x00,
    0x00, 0x01, 0x00, 0x01, 0x00, 0x01, 0x00, 0x00, 0x00, 0x01, 0x00, 0x00, 0x00, 0x00, 0x00, 0x00,
    0x00, 0x00, 0x00, 0x00, 0x00, 0x03, 0x00, 0x03, 0x00, 0x06, 0x00, 0x03, 0x00, 0x01, 0x00, 0x00,
    0x00, 0x0D, 0x00, 0x00, 0x00, 0x07, 0x00, 0x08, 0x00, 0x00, 0x00, 0x0F, 0x00, 0x08, 0x00, 0x16,
    0x00, 0x00, 0x00, 0x00, 0x00, 0x00, 0x00, 0x00, 0x00, 0x00, 0x00, 0x00, 0x00, 0x00, 0x00, 0x00,
    0x00, 0x00, 0x00, 0x00, 0x00, 0x00, 0x00, 0x00, 0x00, 0x00, 0x00, 0x00, 0x00, 0x00, 0x00, 0x00,
    0x00, 0x00, 0x00, 0x00, 0x00, 0x00, 0x00, 0x00, 0x00, 0x00, 0x00, 0x00, 0x00, 0x00, 0x00, 0x00,
    0x00, 0x00, 0x00, 0x00, 0x00, 0x00, 0x00, 0x00, 0x00, 0x00, 0x00, 0x00, 0x00, 0x00, 0x00, 0x00,
    0x00, 0x00, 0x00, 0x00, 0x00, 0x00, 0x00, 0x00, 0x00, 0x02, 0x00, 0x00, 0x00, 0x00, 0x00, 0x00,
    0x00, 0x00, 0x00, 0x00, 0x00, 0x00, 0x00, 0x00, 0x00, 0x00, 0x00, 0x00, 0x00, 0x00, 0x00, 0x00,
    0x00, 0x00, 0x00, 0x00, 0x00, 0x00, 0x00, 0x00, 0x00, 0x02, 0x00, 0x01, 0x00, 0x00, 0x00, 0x00,
    0x00, 0x00, 0x00, 0x02, 0x00, 0x01, 0x00, 0x00, 0x00, 0x07, 0x00, 0x00, 0x00, 0x00, 0x00, 0x00,
    0x00, 0x00, 0x00, 0x00, 0x00, 0x00, 0x00, 0x00, 0x00, 0x00, 0x00, 0x00, 0x00, 0x00, 0x00, 0x00,
    0x00, 0x00, 0x00, 0x00, 0x00, 0x00, 0x00, 0x00, 0x00, 0x00, 0x00, 0x00, 0x00, 0x00, 0x00, 0x00,
    0x00, 0x00, 0x00, 0x00, 0x00, 0x00, 0x00, 0x1E, 0x00, 0x02, 0x00, 0x04, 0x00, 0x00, 0x00, 0x00,
    0x00, 0x00, 0x00, 0x00, 0x00, 0x00, 0x00, 0x00, 0x00, 0x01, 0x00, 0x00, 0x00, 0x08, 0x00, 0x00,
    0x00, 0x00, 0x00, 0x00, 0x00, 0x03, 0x00, 0x00, 0x00, 0x00, 0x00, 0x00, 0x00, 0x00, 0x00, 0x00,
    0x00, 0x00, 0x00, 0x01, 0x00, 0x01, 0x00, 0x00, 0x00, 0x07, 0x00, 0x00, 0x00, 0x00, 0x00, 0x00,
    0x00, 0x00, 0x00, 0x00, 0x00, 0x00, 0x00, 0x0B, 0x00, 0x02, 0x00, 0x17, 0x00, 0x00, 0x00, 0x0B,
    0x00, 0x00, 0x00, 0x00, 0x00, 0x00, 0x00, 0x0C, 0x00, 0x00, 0x00, 0x00, 0x00, 0x17, 0x00, 0x18,
    0x00, 0x00, 0x00, 0x00, 0x00, 0x19, 0x00, 0x00, 0x00, 0x00, 0x00, 0x00, 0x00, 0x00, 0x00, 0x00,
    0x00, 0x00, 0x00, 0x00, 0x00, 0x00, 0x00, 0x00, 0x00, 0x00, 0x00, 0x03, 0x00, 0x00, 0x00, 0x0F,
    0x00, 0x00, 0x00, 0x03, 0x00, 0x03, 0x00, 0x1A, 0x00, 0x03, 0x00, 0x03, 0x00, 0x03, 0x00, 0x00,
    0x00, 0x01, 0x00, 0x03, 0x00, 0x1B, 0x00, 0x03, 0x00, 0x03, 0x00, 0x00, 0x00, 0x00, 0x00, 0x03,
    0x00, 0x00, 0x00, 0x03, 0x00, 0x00, 0x00, 0x00, 0x00, 0x01, 0x00, 0x1A, 0x00, 0x03, 0x00, 0x00,
    0x00, 0x00, 0x00, 0x02, 0x00, 0x00, 0x00, 0x00, 0x00, 0x00, 0x00, 0x00, 0x00, 0x04, 0x00, 0x00,
    0x00, 0x00, 0x00, 0x00, 0x00, 0x00, 0x00, 0x00, 0x00, 0x00, 0x00, 0x00, 0x00, 0x00, 0x00, 0x00,
    0x00, 0x02, 0x00, 0x06, 0x00, 0x14, 0x00, 0x08, 0x00, 0x02, 0x00, 0x00, 0x00, 0x02, 0x00, 0x01,
    0x00, 0x02, 0x00, 0x00, 0x00, 0x02, 0x00, 0x01, 0x00, 0x00, 0x00, 0x00, 0x00, 0x00, 0x00, 0x00,
    0x00, 0x00, 0x00, 0x00, 0x00, 0x00, 0x00, 0x00, 0x00, 0x03, 0x00, 0x00, 0x00, 0x00, 0x00, 0x00,
    0x00, 0x00, 0x00, 0x00, 0x00, 0x00, 0x00, 0x00, 0x00, 0x0C, 0x00, 0x0F, 0x00, 0x00, 0x00, 0x03,
    0x00, 0x00, 0x00, 0x00, 0x00, 0x0B, 0x00, 0x00, 0x00, 0x00, 0x00, 0x03, 0x00, 0x00, 0x00, 0x03,
    0x00, 0x00, 0x00, 0x00, 0x00, 0x02, 0x00, 0x01, 0x00, 0x0C, 0x00, 0x0F, 0x00, 0x0B, 0x00, 0x00,
    0x00, 0x19, 0x00, 0x1B, 0x00, 0x00, 0x00, 0x00, 0x00, 0x00, 0x00, 0x00, 0x00, 0x00, 0x00, 0x00,
    0x00, 0x00, 0x00, 0x17, 0x00, 0x1A, 0x00, 0x00, 0x00, 0x03, 0x00, 0x00, 0x00, 0x03, 0x00, 0x00,
    0x00, 0x03, 0x00, 0x00, 0x00, 0x00, 0x00, 0x00, 0x00, 0x00, 0x00, 0x03, 0x00, 0x0C, 0x00, 0x0F,
    0x00, 0x00, 0x00, 0x01, 0x00, 0x01, 0x00, 0x00, 0x00, 0x00, 0x00, 0x00, 0x00, 0x00, 0x00, 0x17,
    0x00, 0x00, 0x00, 0x00, 0x00, 0x00, 0x00, 0x02, 0x00, 0x01, 0x00, 0x00, 0x00, 0x00, 0x00, 0x00,
    0x00, 0x17, 0x00, 0x1A, 0x00, 0x00, 0x00, 0x00, 0x00, 0x00, 0x00, 0x00, 0x00, 0x00, 0x00, 0x00,
    0x00, 0x00, 0x00, 0x00, 0x00, 0x00, 0x00, 0x00, 0x00, 0x00, 0x00, 0x00, 0x00, 0x00, 0x00, 0x00,
    0x00, 0x00, 0x00, 0x00, 0x00, 0x00, 0x00, 0x15, 0x00, 0x15, 0x00, 0x00, 0x00, 0x0E, 0x00, 0x0E,
    0x00, 0x13, 0x00, 0x0E, 0x00, 0x0E, 0x00, 0x0E, 0x00, 0x13, 0x00, 0x00, 0x00, 0x00, 0x00, 0x00,
    0x00, 0x13, 0x00, 0x13, 0x00, 0x00, 0x00, 0x00, 0x00, 0x00, 0x00, 0x00, 0x00, 0x00, 0x00, 0x00,
    0x00, 0x00, 0x00, 0x00, 0x00, 0x00, 0x00, 0x00, 0x00, 0x00, 0x00, 0x00, 0x00, 0x00, 0x00, 0x00,
    0x00, 0x00, 0x00, 0x00, 0x00, 0x00, 0x00, 0x00, 0x00, 0x00, 0x00, 0x00, 0x00, 0x00, 0x00, 0x00,
    0x00, 0x00, 0x00, 0x00, 0x00, 0x00, 0x00, 0x00, 0x00, 0x00, 0x00, 0x00, 0x00, 0x00, 0x00, 0x00,
    0x00, 0x00, 0x00, 0x00, 0x00, 0x00, 0x00, 0x00, 0x00, 0x00, 0x00, 0x00, 0x00, 0x00, 0x00, 0x00,
    0x00, 0x00, 0x00, 0x00, 0x00, 0x00, 0x00, 0x00, 0x00, 0x00, 0x00, 0x00, 0x00, 0x00, 0x00, 0x00,
    0x00, 0x00, 0x00, 0x00, 0x00, 0x00, 0x00, 0x00, 0x00, 0x00, 0x00, 0x00, 0x00, 0x00, 0x00, 0x00,
    0x00, 0x00, 0x00, 0x00, 0x00, 0x00, 0x00, 0x00, 0x00, 0x00, 0x00, 0x00, 0x00, 0x00, 0x00, 0x00,
    0x00, 0x00, 0x00, 0x00, 0x00, 0x00, 0x00, 0x00, 0x00, 0x00, 0x00, 0x00, 0x00, 0x00, 0x00, 0x00,
    0x00, 0x00, 0x00, 0x00, 0x00, 0x00, 0x00, 0x00, 0x00, 0x00, 0x00, 0x00, 0x00, 0x00, 0x00, 0x00,
    0x00, 0x00, 0x00, 0x00, 0x00, 0x00, 0x00, 0x00, 0x00, 0x00, 0x00, 0x00, 0x00, 0x00, 0x00, 0x00,
    0x00, 0x00, 0x00, 0x00, 0x00, 0x00, 0x00, 0x00, 0x00, 0x00, 0x00, 0x00, 0x00, 0x00, 0x00, 0x00,
    0x00, 0x00, 0x00, 0x00, 0x00, 0x00, 0x00, 0x00, 0x00, 0x00, 0x00, 0x00, 0x00, 0x00, 0x00, 0x00,
    0x00, 0x00, 0x00, 0x00, 0x00, 0x00, 0x00, 0x00, 0x00, 0x00, 0x00, 0x00, 0x00, 0x00, 0x00, 0x00,
    0x00, 0x00, 0x00, 0x00, 0x00, 0x00, 0x00, 0x00, 0x00, 0x00, 0x00, 0x00, 0x00, 0x00, 0x00, 0x00,
    0x00, 0x00, 0x00, 0x15, 0x00, 0x00, 0x00, 0x00, 0x00, 0x00, 0x00, 0x00, 0x00, 0x00, 0x00, 0x04,
    0x00, 0x04, 0x00, 0x04, 0x00, 0x04, 0x00, 0x04, 0x00, 0x04, 0x00, 0x04, 0x00, 0x02, 0x00, 0x00,
    0x00, 0x00, 0x00, 0x00, 0x00, 0x00, 0x00, 0x00, 0x00, 0x00, 0x00, 0x00, 0x00, 0x00, 0x00, 0x00,
    0x00, 0x02, 0x00, 0x02, 0x00, 0x02, 0x00, 0x02, 0x00, 0x02, 0x00, 0x09, 0x00, 0x09, 0x00, 0x09,
    0x00, 0x09, 0x00, 0x0A, 0x00, 0x05, 0x00, 0x05, 0x00, 0x05, 0x00, 0x05, 0x00, 0x05, 0x00, 0x05,
    0x00, 0x05, 0x00, 0x01, 0x00, 0x01, 0x00, 0x01, 0x00, 0x01, 0x00, 0x01, 0x00, 0x00, 0x00, 0x00,
    0x00, 0x00, 0x00, 0x00, 0x00, 0x03, 0x00, 0x06, 0x00, 0x06, 0x00, 0x06, 0x00, 0x06, 0x00, 0x06,
    0x00, 0x07, 0x00, 0x07, 0x00, 0x07, 0x00, 0x07, 0x00, 0x08, 0x00, 0x08, 0x00, 0x04, 0x00, 0x05,
    0x00, 0x04, 0x00, 0x05, 0x00, 0x04, 0x00, 0x05, 0x00, 0x02, 0x00, 0x01, 0x00, 0x02, 0x00, 0x01,
    0x00, 0x02, 0x00, 0x01, 0x00, 0x02, 0x00, 0x01, 0x00, 0x00, 0x00, 0x01, 0x00, 0x00, 0x00, 0x01,
    0x00, 0x00, 0x00, 0x01, 0x00, 0x00, 0x00, 0x01, 0x00, 0x00, 0x00, 0x01, 0x00, 0x00, 0x00, 0x01,
    0x00, 0x02, 0x00, 0x01, 0x00, 0x02, 0x00, 0x01, 0x00, 0x02, 0x00, 0x01, 0x00, 0x02, 0x00, 0x01,
    0x00, 0x00, 0x00, 0x00, 0x00, 0x00, 0x00, 0x00, 0x00, 0x00, 0x00, 0x00, 0x00, 0x00, 0x00, 0x00,
    0x00, 0x00, 0x00, 0x00, 0x00, 0x00, 0x00, 0x00, 0x00, 0x00, 0x00, 0x1C, 0x00, 0x00, 0x00, 0x00,
    0x00, 0x00, 0x00, 0x00, 0x00, 0x00, 0x00, 0x00, 0x00, 0x00, 0x00, 0x00, 0x00, 0x00, 0x00, 0x00,
    0x00, 0x00, 0x00, 0x00, 0x00, 0x03, 0x00, 0x00, 0x00, 0x03, 0x00, 0x00, 0x00, 0x03, 0x00, 0x03,
    0x00, 0x02, 0x00, 0x06, 0x00, 0x02, 0x00, 0x06, 0x00, 0x02, 0x00, 0x06, 0x00, 0x00, 0x00, 0x00,
    0x00, 0x00, 0x00, 0x00, 0x00, 0x00, 0x00, 0x00, 0x00, 0x10, 0x00, 0x0D, 0x00, 0x10, 0x00, 0x0D,
    0x00, 0x10, 0x00, 0x0D, 0x00, 0x10, 0x00, 0x0D, 0x00, 0x10, 0x00, 0x0D, 0x00, 0x0B, 0x00, 0x00,
    0x00, 0x0B, 0x00, 0x00, 0x00, 0x0B, 0x00, 0x00, 0x00, 0x09, 0x00, 0x07, 0x00, 0x09, 0x00, 0x07,
    0x00, 0x09, 0x00, 0x07, 0x00, 0x09, 0x00, 0x07, 0x00, 0x09, 0x00, 0x07, 0x00, 0x09, 0x00, 0x07,
    0x00, 0x11, 0x00, 0x00, 0x00, 0x0A, 0x00, 0x08, 0x00, 0x0A, 0x00, 0x12, 0x00, 0x16, 0x00, 0x12,
    0x00, 0x16, 0x00, 0x12, 0x00, 0x16, 0x00, 0x00, 0x00, 0x00, 0x00, 0x02, 0x00, 0x00, 0x00, 0x04,
    0x00, 0x00, 0x00, 0x00, 0x00, 0x00, 0x00, 0x02, 0x00, 0x0A, 0x00, 0x00, 0x00, 0x00, 0x00, 0x04,
    0x00, 0x00, 0x00, 0x00, 0x00, 0x12, 0x00, 0x00, 0x00, 0x00, 0x00, 0x00, 0x00, 0x00, 0x00, 0x00,
    0x00, 0x02, 0x00, 0x00, 0x00, 0x00, 0x00, 0x0A, 0x00, 0x0C, 0x00, 0x00, 0x00, 0x0A, 0x00, 0x01,
    0x00, 0x00, 0x00, 0x03, 0x00, 0x00, 0x00, 0x07, 0x00, 0x00, 0x00, 0x06, 0x00, 0x00, 0x00, 0x08,
    0x00, 0x00, 0x00, 0x00, 0x00, 0x07, 0x00, 0x06, 0x00, 0x07, 0x00, 0x00, 0x00, 0x00, 0x00, 0x00,
    0x00, 0x00, 0x00, 0x00, 0x00, 0x00, 0x00, 0x1C, 0x00, 0x00, 0x00, 0x00, 0x00, 0x18, 0x00, 0x04,
    0x00, 0x00, 0x00, 0x00, 0x00, 0x00, 0x00, 0x00, 0x00, 0x00, 0x00, 0x00, 0x00, 0x02, 0x00, 0x00,
    0x00, 0x00, 0x00, 0x02, 0x00, 0x0B, 0x00, 0x0C, 0x00, 0x05, 0x00, 0x01, 0x00, 0x03, 0x00, 0x06,
    0x00, 0x03, 0x00, 0x01, 0x00, 0x08, 0x00, 0x0F, 0x00, 0x01, 0x00, 0x03, 0x00, 0x0D, 0x00, 0x00,
    0x00, 0x00, 0x00, 0x00, 0x00, 0x03, 0x00, 0x08, 0x00, 0x11, 0x00, 0x00, 0x00, 0x11, 0x00, 0x00,
    0x00, 0x11, 0x00, 0x00, 0x00, 0x0A, 0x00, 0x08, 0x00, 0x0E, 0x00, 0x0E, 0x00, 0x00, 0x00, 0x00,
    0x00, 0x1D, 0x00, 0x00, 0x00, 0x03, 0x00, 0x04, 0x00, 0x05, 0x00, 0x00, 0x00, 0x00, 0x00, 0x01,
    0x00, 0x03, 0x00, 0x00, 0x00, 0x00, 0x00, 0x14, 0x00, 0x08, 0x00, 0x01, 0x00, 0x02, 0x00, 0x00,
    0x00, 0x00, 0x00, 0x02, 0x00, 0x01, 0x00, 0x0A, 0x00, 0x08, 0x00, 0x00, 0x00, 0x0C, 0x00, 0x0F,
    0x00, 0x00, 0x00, 0x04, 0x00, 0x05, 0x00, 0x04, 0x00, 0x05, 0x00, 0x00, 0x00, 0x00, 0x00, 0x00,
    0x00, 0x01, 0x00, 0x00, 0x00, 0x01, 0x00, 0x01, 0x00, 0x0C, 0x00, 0x0F, 0x00, 0x00, 0x00, 0x00,
    0x00, 0x00, 0x00, 0x03, 0x00, 0x00, 0x00, 0x03, 0x00, 0x02, 0x00, 0x06, 0x00, 0x02, 0x00, 0x01,
    0x00, 0x02, 0x00, 0x06, 0x00, 0x00, 0x00, 0x00, 0x00, 0x18, 0x00, 0x08, 0x00, 0x18, 0x00, 0x08,
    0x00, 0x18, 0x00, 0x08, 0x00, 0x19, 0x00, 0x1B, 0x00, 0x00, 0x00, 0x03, 0x00, 0x01, 0x00, 0x04,
    0x00, 0x05, 0x00, 0x04, 0x00, 0x05, 0x00, 0x04, 0x00, 0x05, 0x00, 0x04, 0x00, 0x05, 0x00, 0x04,
    0x00, 0x05, 0x00, 0x04, 0x00, 0x05, 0x00, 0x04, 0x00, 0x05, 0x00, 0x04, 0x00, 0x05, 0x00, 0x04,
    0x00, 0x05, 0x00, 0x04, 0x00, 0x05, 0x00, 0x04, 0x00, 0x05, 0x00, 0x04, 0x00, 0x05, 0x00, 0x00,
    0x00, 0x01, 0x00, 0x00, 0x00, 0x01, 0x00, 0x00, 0x00, 0x01, 0x00, 0x00, 0x00, 0x01, 0x00, 0x00,
    0x00, 0x01, 0x00, 0x00, 0x00, 0x01, 0x00, 0x00, 0x00, 0x01, 0x00, 0x00, 0x00, 0x01, 0x00, 0x00,
    0x00, 0x00, 0x00, 0x00, 0x00, 0x00, 0x00, 0x02, 0x00, 0x06, 0x00, 0x02, 0x00, 0x06, 0x00, 0x02,
    0x00, 0x06, 0x00, 0x02, 0x00, 0x06, 0x00, 0x02, 0x00, 0x06, 0x00, 0x02, 0x00, 0x06, 0x00, 0x02,
    0x00, 0x06, 0x00, 0x02, 0x00, 0x01, 0x00, 0x02, 0x00, 0x01, 0x00, 0x02, 0x00, 0x01, 0x00, 0x02,
    0x00, 0x06, 0x00, 0x02, 0x00, 0x01, 0x00, 0x09, 0x00, 0x07, 0x00, 0x09, 0x00, 0x07, 0x00, 0x00,
    0x00, 0x07, 0x00, 0x00, 0x00, 0x07, 0x00, 0x00, 0x00, 0x07, 0x00, 0x00, 0x00, 0x07, 0x00, 0x00,
    0x00, 0x07, 0x00, 0x0A, 0x00, 0x08, 0x00, 0x0A, 0x00, 0x08, 0x00, 0x0A, 0x00, 0x08, 0x00, 0x00,
    0x00, 0x0B, 0x00, 0x00, 0x00, 0x19, 0x00, 0x1B, 0x00, 0x00, 0x00, 0x03, 0x00, 0x00, 0x00, 0x00,
    0x00, 0x00, 0x00, 0x00, 0x00, 0x00, 0x00, 0x00, 0x00, 0x00, 0x00, 0x00, 0x00, 0x00, 0x00, 0x0A,
    0x00, 0x00, 0x00, 0x00, 0x00, 0x00, 0x00, 0x00, 0x00, 0x00, 0x00, 0x15, 0x00, 0x00, 0x00, 0x00,
    0x00, 0x00, 0x00, 0x00, 0x00, 0x00, 0x00, 0x00, 0x00, 0x00, 0x00, 0x00, 0x00, 0x00, 0x00, 0x00,
    0x00, 0x00, 0x00, 0x03, 0x00, 0x04, 0x00, 0x05, 0x00, 0x00, 0x00, 0x01, 0x00, 0x00, 0x00, 0x00,
    0x00, 0x02, 0x00, 0x06, 0x00, 0x00, 0x00, 0x00, 0x00, 0x00, 0x00, 0x07, 0x00, 0x00, 0x00, 0x00,
    0x00, 0x00, 0x00, 0x00, 0x00, 0x01, 0x00, 0x00, 0x00, 0x01, 0x00, 0x00, 0x00, 0x00, 0x00, 0x00,
    0x00, 0x00, 0x00, 0x00, 0x00, 0x00, 0x00, 0x00, 0x00, 0x00, 0x00, 0x00, 0x00, 0x03, 0x00, 0x00,
    0x00, 0x03, 0x00, 0x02, 0x00, 0x00, 0x00, 0x00, 0x00, 0x00, 0x00, 0x00, 0x00, 0x10, 0x00, 0x0D,
    0x00, 0x0B, 0x00, 0x00, 0x00, 0x09, 0x00, 0x14, 0x00, 0x08, 0x00, 0x14, 0x00, 0x08, 0x00, 0x11,
    0x00, 0x00, 0x00, 0x12, 0x00, 0x16, 0x00, 0x02, 0x01, 0x54, 0x00, 0x06, 0x00, 0x06, 0x00, 0x10,
    0x00, 0x0B, 0x00, 0x0B, 0x00, 0x10, 0x00, 0x10, 0x00, 0x10, 0x00, 0x17, 0x00, 0x12, 0x00, 0x12,
    0x00, 0x17, 0x00, 0x25, 0x00, 0x25, 0x00, 0x02, 0x00, 0x26, 0x00, 0x26, 0x00, 0x1F, 0x00, 0x27,
    0x00, 0x27, 0x00, 0x0D, 0x00, 0x28, 0x00, 0x28, 0x00, 0x01, 0x00, 0x29, 0x00, 0x29, 0x00, 0x04,
    0x00, 0x2E, 0x00, 0x2E, 0x00, 0x08, 0x00, 0x2F, 0x00, 0x2F, 0x00, 0x0B, 0x00, 0x30, 0x00, 0x30,
    0x00, 0x14, 0x00, 0x33, 0x00, 0x33, 0x00, 0x01, 0x00, 0x34, 0x00, 0x34, 0x00, 0x20, 0x00, 0x38,
    0x00, 0x38, 0x00, 0x0F, 0x00, 0x39, 0x00, 0x39, 0x00, 0x08, 0x00, 0x3A, 0x00, 0x3A, 0x00, 0x19,
    0x00, 0x3B, 0x00, 0x3B, 0x00, 0x15, 0x00, 0x3C, 0x00, 0x3C, 0x00, 0x0E, 0x00, 0x3D, 0x00, 0x3D,
    0x00, 0x0A, 0x00, 0x3E, 0x00, 0x3E, 0x00, 0x16, 0x00, 0x45, 0x00, 0x45, 0x00, 0x03, 0x00, 0x46,
    0x00, 0x46, 0x00, 0x0C, 0x00, 0x47, 0x00, 0x47, 0x00, 0x11, 0x00, 0x49, 0x00, 0x49, 0x00, 0x05,
    0x00, 0x4C, 0x00, 0x4C, 0x00, 0x09, 0x00, 0x51, 0x00, 0x52, 0x00, 0x09, 0x00, 0x53, 0x00, 0x53,
    0x00, 0x06, 0x00, 0x54, 0x00, 0x54, 0x00, 0x0C, 0x00, 0x56, 0x00, 0x56, 0x00, 0x18, 0x00, 0x5A,
    0x00, 0x5A, 0x00, 0x07, 0x00, 0x5C, 0x00, 0x5C, 0x00, 0x12, 0x00, 0x5D, 0x00, 0x5D, 0x00, 0x07,
    0x00, 0x5E, 0x00, 0x5E, 0x00, 0x1A, 0x00, 0x8A, 0x00, 0x8A, 0x00, 0x0C, 0x00, 0x96, 0x00, 0x96,
    0x00, 0x01, 0x00, 0xB1, 0x00, 0xB1, 0x00, 0x13, 0x00, 0xB2, 0x00, 0xB2, 0x00, 0x22, 0x00, 0xB3,
    0x00, 0xB3, 0x00, 0x01, 0x00, 0xB4, 0x00, 0xB4, 0x00, 0x02, 0x00, 0xBD, 0x00, 0xBD, 0x00, 0x07,
    0x00, 0xC1, 0x00, 0xC1, 0x00, 0x09, 0x00, 0xC7, 0x00, 0xC7, 0x00, 0x0C, 0x00, 0xD4, 0x00, 0xD5,
    0x00, 0x1B, 0x00, 0xDA, 0x00, 0xDA, 0x00, 0x0E, 0x00, 0xDE, 0x00, 0xDE, 0x00, 0x1C, 0x00, 0xE4,
    0x00, 0xE4, 0x00, 0x1B, 0x00, 0xE6, 0x00, 0xE6, 0x00, 0x1B, 0x00, 0xEC, 0x00, 0xEC, 0x00, 0x1D,
    0x00, 0xEE, 0x00, 0xEE, 0x00, 0x12, 0x00, 0xF7, 0x00, 0xF7, 0x00, 0x0C, 0x00, 0xFC, 0x00, 0xFC,
    0x00, 0x1E, 0x00, 0xFE, 0x00, 0xFE, 0x00, 0x1E, 0x00, 0xFF, 0x00, 0xFF, 0x00, 0x0C, 0x01, 0x04,
    0x01, 0x05, 0x00, 0x1E, 0x01, 0x0A, 0x01, 0x0A, 0x00, 0x1E, 0x01, 0x0D, 0x01, 0x0D, 0x00, 0x02,
    0x01, 0x18, 0x01, 0x18, 0x00, 0x06, 0x01, 0x19, 0x01, 0x19, 0x00, 0x19, 0x01, 0x1A, 0x01, 0x1A,
    0x00, 0x07, 0x01, 0x2E, 0x01, 0x2E, 0x00, 0x0C, 0x01, 0x2F, 0x01, 0x2F, 0x00, 0x13, 0x01, 0x30,
    0x01, 0x30, 0x00, 0x1D, 0x01, 0x33, 0x01, 0x33, 0x00, 0x0E, 0x01, 0x34, 0x01, 0x34, 0x00, 0x12,
    0x01, 0x35, 0x01, 0x35, 0x00, 0x0B, 0x01, 0x37, 0x01, 0x37, 0x00, 0x0B, 0x01, 0x39, 0x01, 0x39,
    0x00, 0x0B, 0x01, 0x43, 0x01, 0x43, 0x00, 0x0E, 0x01, 0x44, 0x01, 0x44, 0x00, 0x12, 0x01, 0x58,
    0x01, 0x58, 0x00, 0x01, 0x01, 0x5C, 0x01, 0x5C, 0x00, 0x1D, 0x01, 0x5D, 0x01, 0x5D, 0x00, 0x0E,
    0x01, 0x5E, 0x01, 0x5E, 0x00, 0x12, 0x01, 0x85, 0x01, 0x86, 0x00, 0x10, 0x01, 0x87, 0x01, 0x87,
    0x00, 0x17, 0x01, 0x88, 0x01, 0x8A, 0x00, 0x10, 0x01, 0x8B, 0x01, 0x8B, 0x00, 0x17, 0x01, 0x8F,
    0x01, 0x90, 0x00, 0x17, 0x02, 0x09, 0x02, 0x0A, 0x00, 0x01, 0x02, 0x0C, 0x02, 0x0C, 0x00, 0x0F,
    0x02, 0x0E, 0x02, 0x14, 0x00, 0x02, 0x02, 0x15, 0x02, 0x15, 0x00, 0x0D, 0x02, 0x16, 0x02, 0x19,
    0x00, 0x04, 0x02, 0x1F, 0x02, 0x23, 0x00, 0x01, 0x02, 0x24, 0x02, 0x27, 0x00, 0x08, 0x02, 0x28,
    0x02, 0x28, 0x00, 0x0A, 0x02, 0x29, 0x02, 0x2F, 0x00, 0x03, 0x02, 0x30, 0x02, 0x30, 0x00, 0x11,
    0x02, 0x31, 0x02, 0x34, 0x00, 0x05, 0x02, 0x39, 0x02, 0x39, 0x00, 0x09, 0x02, 0x3A, 0x02, 0x3E,
    0x00, 0x06, 0x02, 0x43, 0x02, 0x44, 0x00, 0x07, 0x02, 0x45, 0x02, 0x45, 0x00, 0x02, 0x02, 0x46,
    0x02, 0x46, 0x00, 0x03, 0x02, 0x47, 0x02, 0x47, 0x00, 0x02, 0x02, 0x48, 0x02, 0x48, 0x00, 0x03,
    0x02, 0x49, 0x02, 0x49, 0x00, 0x02, 0x02, 0x4A, 0x02, 0x4A, 0x00, 0x03, 0x02, 0x4B, 0x02, 0x4B,
    0x00, 0x0D, 0x02, 0x4C, 0x02, 0x4C, 0x00, 0x11, 0x02, 0x4D, 0x02, 0x4D, 0x00, 0x0D, 0x02, 0x4E,
    0x02, 0x4E, 0x00, 0x11, 0x02, 0x4F, 0x02, 0x4F, 0x00, 0x0D, 0x02, 0x50, 0x02, 0x50, 0x00, 0x11,
    0x02, 0x51, 0x02, 0x51, 0x00, 0x0D, 0x02, 0x52, 0x02, 0x52, 0x00, 0x11, 0x02, 0x53, 0x02, 0x53,
    0x00, 0x01, 0x02, 0x55, 0x02, 0x55, 0x00, 0x04, 0x02, 0x56, 0x02, 0x56, 0x00, 0x05, 0x02, 0x57,
    0x02, 0x57, 0x00, 0x04, 0x02, 0x58, 0x02, 0x58, 0x00, 0x05, 0x02, 0x59, 0x02, 0x59, 0x00, 0x04,
    0x02, 0x5A, 0x02, 0x5A, 0x00, 0x05, 0x02, 0x5B, 0x02, 0x5B, 0x00, 0x04, 0x02, 0x5C, 0x02, 0x5C,
    0x00, 0x05, 0x02, 0x5D, 0x02, 0x5D, 0x00, 0x04, 0x02, 0x5E, 0x02, 0x5E, 0x00, 0x05, 0x02, 0x68,
    0x02, 0x68, 0x00, 0x09, 0x02, 0x74, 0x02, 0x74, 0x00, 0x08, 0x02, 0x76, 0x02, 0x76, 0x00, 0x0B,
    0x02, 0x78, 0x02, 0x78, 0x00, 0x14, 0x02, 0x7A, 0x02, 0x7A, 0x00, 0x14, 0x02, 0x7C, 0x02, 0x7C,
    0x00, 0x14, 0x02, 0x7E, 0x02, 0x7E, 0x00, 0x14, 0x02, 0x81, 0x02, 0x81, 0x00, 0x09, 0x02, 0x83,
    0x02, 0x83, 0x00, 0x09, 0x02, 0x85, 0x02, 0x86, 0x00, 0x09, 0x02, 0x87, 0x02, 0x87, 0x00, 0x01,
    0x02, 0x88, 0x02, 0x88, 0x00, 0x06, 0x02, 0x89, 0x02, 0x89, 0x00, 0x01, 0x02, 0x8A, 0x02, 0x8A,
    0x00, 0x06, 0x02, 0x8B, 0x02, 0x8B, 0x00, 0x01, 0x02, 0x8C, 0x02, 0x8C, 0x00, 0x06, 0x02, 0x8E,
    0x02, 0x8E, 0x00, 0x18, 0x02, 0x90, 0x02, 0x90, 0x00, 0x18, 0x02, 0x92, 0x02, 0x92, 0x00, 0x18,
    0x02, 0x9D, 0x02, 0x9D, 0x00, 0x0F, 0x02, 0x9F, 0x02, 0x9F, 0x00, 0x0F, 0x02, 0xA1, 0x02, 0xA1,
    0x00, 0x0F, 0x02, 0xA3, 0x02, 0xA3, 0x00, 0x08, 0x02, 0xA5, 0x02, 0xA5, 0x00, 0x08, 0x02, 0xA7,
    0x02, 0xA7, 0x00, 0x08, 0x02, 0xA9, 0x02, 0xA9, 0x00, 0x08, 0x02, 0xAB, 0x02, 0xAB, 0x00, 0x08,
    0x02, 0xAD, 0x02, 0xAD, 0x00, 0x08, 0x02, 0xAF, 0x02, 0xAF, 0x00, 0x15, 0x02, 0xB1, 0x02, 0xB1,
    0x00, 0x0A, 0x02, 0xB2, 0x02, 0xB2, 0x00, 0x07, 0x02, 0xB3, 0x02, 0xB3, 0x00, 0x0A, 0x02, 0xB4,
    0x02, 0xB4, 0x00, 0x16, 0x02, 0xB5, 0x02, 0xB5, 0x00, 0x1A, 0x02, 0xB6, 0x02, 0xB6, 0x00, 0x16,
    0x02, 0xB7, 0x02, 0xB7, 0x00, 0x1A, 0x02, 0xB8, 0x02, 0xB8, 0x00, 0x16, 0x02, 0xB9, 0x02, 0xB9,
    0x00, 0x1A, 0x02, 0xBE, 0x02, 0xBE, 0x00, 0x02, 0x02, 0xBF, 0x02, 0xBF, 0x00, 0x04, 0x02, 0xC2,
    0x02, 0xC2, 0x00, 0x01, 0x02, 0xC3, 0x02, 0xC3, 0x00, 0x0A, 0x02, 0xC6, 0x02, 0xC6, 0x00, 0x02,
    0x02, 0xC7, 0x02, 0xC7, 0x00, 0x1F, 0x02, 0xC8, 0x02, 0xC8, 0x00, 0x04, 0x02, 0xC9, 0x02, 0xC9,
    0x00, 0x16, 0x02, 0xCC, 0x02, 0xCC, 0x00, 0x0B, 0x02, 0xCF, 0x02, 0xCF, 0x00, 0x01, 0x02, 0xD0,
    0x02, 0xD0, 0x00, 0x20, 0x02, 0xD1, 0x02, 0xD1, 0x00, 0x0F, 0x02, 0xD2, 0x02, 0xD2, 0x00, 0x0A,
    0x02, 0xD3, 0x02, 0xD3, 0x00, 0x0E, 0x02, 0xD5, 0x02, 0xD5, 0x00, 0x0A, 0x02, 0xD8, 0x02, 0xD8,
    0x00, 0x09, 0x02, 0xDC, 0x02, 0xDC, 0x00, 0x06, 0x02, 0xDE, 0x02, 0xDE, 0x00, 0x07, 0x02, 0xE2,
    0x02, 0xE2, 0x00, 0x06, 0x02, 0xE5, 0x02, 0xE5, 0x00, 0x04, 0x02, 0xE6, 0x02, 0xE6, 0x00, 0x13,
    0x02, 0xEA, 0x02, 0xEA, 0x00, 0x08, 0x02, 0xEB, 0x02, 0xEC, 0x00, 0x0B, 0x02, 0xED, 0x02, 0xED,
    0x00, 0x1C, 0x02, 0xEE, 0x02, 0xEE, 0x00, 0x02, 0x02, 0xEF, 0x02, 0xEF, 0x00, 0x1F, 0x02, 0xF0,
    0x02, 0xF0, 0x00, 0x13, 0x02, 0xF1, 0x02, 0xF1, 0x00, 0x04, 0x02, 0xF5, 0x02, 0xF5, 0x00, 0x01,
    0x02, 0xF7, 0x02, 0xF7, 0x00, 0x20, 0x02, 0xF8, 0x02, 0xF8, 0x00, 0x0D, 0x02, 0xF9, 0x02, 0xF9,
    0x00, 0x0F, 0x02, 0xFA, 0x02, 0xFA, 0x00, 0x0E, 0x02, 0xFB, 0x02, 0xFB, 0x00, 0x03, 0x02, 0xFC,
    0x02, 0xFC, 0x00, 0x05, 0x02, 0xFE, 0x02, 0xFE, 0x00, 0x06, 0x02, 0xFF, 0x02, 0xFF, 0x00, 0x0C,
    0x03, 0x00, 0x03, 0x00, 0x00, 0x11, 0x03, 0x01, 0x03, 0x01, 0x00, 0x07, 0x03, 0x02, 0x03, 0x02,
    0x00, 0x12, 0x03, 0x03, 0x03, 0x03, 0x00, 0x05, 0x03, 0x04, 0x03, 0x04, 0x00, 0x1D, 0x03, 0x0A,
    0x03, 0x0A, 0x00, 0x07, 0x03, 0x0B, 0x03, 0x0B, 0x00, 0x15, 0x03, 0x0D, 0x03, 0x0D, 0x00, 0x15,
    0x03, 0x0F, 0x03, 0x0F, 0x00, 0x15, 0x03, 0x11, 0x03, 0x11, 0x00, 0x0A, 0x03, 0x12, 0x03, 0x12,
    0x00, 0x07, 0x03, 0x13, 0x03, 0x14, 0x00, 0x10, 0x03, 0x17, 0x03, 0x17, 0x00, 0x21, 0x03, 0x19,
    0x03, 0x19, 0x00, 0x09, 0x03, 0x1A, 0x03, 0x1A, 0x00, 0x02, 0x03, 0x1B, 0x03, 0x1B, 0x00, 0x03,
    0x03, 0x1C, 0x03, 0x1C, 0x00, 0x04, 0x03, 0x1E, 0x03, 0x1E, 0x00, 0x05, 0x03, 0x22, 0x03, 0x22,
    0x00, 0x19, 0x03, 0x23, 0x03, 0x23, 0x00, 0x07, 0x03, 0x28, 0x03, 0x28, 0x00, 0x0D, 0x03, 0x29,
    0x03, 0x29, 0x00, 0x11, 0x03, 0x2A, 0x03, 0x2A, 0x00, 0x0A, 0x03, 0x2B, 0x03, 0x2B, 0x00, 0x07,
    0x03, 0x2D, 0x03, 0x2D, 0x00, 0x0E, 0x03, 0x2E, 0x03, 0x2E, 0x00, 0x12, 0x03, 0x30, 0x03, 0x30,
    0x00, 0x02, 0x03, 0x31, 0x03, 0x31, 0x00, 0x03, 0x03, 0x32, 0x03, 0x32, 0x00, 0x02, 0x03, 0x33,
    0x03, 0x33, 0x00, 0x03, 0x03, 0x36, 0x03, 0x36, 0x00, 0x04, 0x03, 0x37, 0x03, 0x37, 0x00, 0x05,
    0x03, 0x39, 0x03, 0x3A, 0x00, 0x05, 0x03, 0x3B, 0x03, 0x3B, 0x00, 0x0E, 0x03, 0x3C, 0x03, 0x3C,
    0x00, 0x12, 0x03, 0x43, 0x03, 0x43, 0x00, 0x01, 0x03, 0x44, 0x03, 0x44, 0x00, 0x06, 0x03, 0x48,
    0x03, 0x48, 0x00, 0x06, 0x03, 0x4A, 0x03, 0x4A, 0x00, 0x0C, 0x03, 0x4B, 0x03, 0x4B, 0x00, 0x1C,
    0x03, 0x4C, 0x03, 0x4C, 0x00, 0x07, 0x03, 0x4D, 0x03, 0x4D, 0x00, 0x1C, 0x03, 0x4E, 0x03, 0x4E,
    0x00, 0x07, 0x03, 0x4F, 0x03, 0x4F, 0x00, 0x1C, 0x03, 0x50, 0x03, 0x50, 0x00, 0x07, 0x03, 0x56,
    0x03, 0x56, 0x00, 0x02, 0x03, 0x57, 0x03, 0x57, 0x00, 0x03, 0x03, 0x58, 0x03, 0x58, 0x00, 0x02,
    0x03, 0x59, 0x03, 0x59, 0x00, 0x03, 0x03, 0x5A, 0x03, 0x5A, 0x00, 0x02, 0x03, 0x5B, 0x03, 0x5B,
    0x00, 0x03, 0x03, 0x5C, 0x03, 0x5C, 0x00, 0x02, 0x03, 0x5D, 0x03, 0x5D, 0x00, 0x03, 0x03, 0x5E,
    0x03, 0x5E, 0x00, 0x02, 0x03, 0x5F, 0x03, 0x5F, 0x00, 0x03, 0x03, 0x60, 0x03, 0x60, 0x00, 0x02,
    0x03, 0x61, 0x03, 0x61, 0x00, 0x03, 0x03, 0x62, 0x03, 0x62, 0x00, 0x02, 0x03, 0x63, 0x03, 0x63,
    0x00, 0x03, 0x03, 0x64, 0x03, 0x64, 0x00, 0x02, 0x03, 0x65, 0x03, 0x65, 0x00, 0x03, 0x03, 0x66,
    0x03, 0x66, 0x00, 0x02, 0x03, 0x67, 0x03, 0x67, 0x00, 0x03, 0x03, 0x68, 0x03, 0x68, 0x00, 0x02,
    0x03, 0x69, 0x03, 0x69, 0x00, 0x03, 0x03, 0x6A, 0x03, 0x6A, 0x00, 0x02, 0x03, 0x6B, 0x03, 0x6B,
    0x00, 0x03, 0x03, 0x6C, 0x03, 0x6C, 0x00, 0x02, 0x03, 0x6D, 0x03, 0x6D, 0x00, 0x03, 0x03, 0x6E,
    0x03, 0x6E, 0x00, 0x04, 0x03, 0x6F, 0x03, 0x6F, 0x00, 0x05, 0x03, 0x70, 0x03, 0x70, 0x00, 0x04,
    0x03, 0x71, 0x03, 0x71, 0x00, 0x05, 0x03, 0x72, 0x03, 0x72, 0x00, 0x04, 0x03, 0x73, 0x03, 0x73,
    0x00, 0x05, 0x03, 0x74, 0x03, 0x74, 0x00, 0x04, 0x03, 0x75, 0x03, 0x75, 0x00, 0x05, 0x03, 0x76,
    0x03, 0x76, 0x00, 0x04, 0x03, 0x77, 0x03, 0x77, 0x00, 0x05, 0x03, 0x78, 0x03, 0x78, 0x00, 0x04,
    0x03, 0x79, 0x03, 0x79, 0x00, 0x05, 0x03, 0x7A, 0x03, 0x7A, 0x00, 0x04, 0x03, 0x7B, 0x03, 0x7B,
    0x00, 0x05, 0x03, 0x7C, 0x03, 0x7C, 0x00, 0x04, 0x03, 0x7D, 0x03, 0x7D, 0x00, 0x05, 0x03, 0x82,
    0x03, 0x82, 0x00, 0x01, 0x03, 0x83, 0x03, 0x83, 0x00, 0x06, 0x03, 0x84, 0x03, 0x84, 0x00, 0x01,
    0x03, 0x85, 0x03, 0x85, 0x00, 0x06, 0x03, 0x86, 0x03, 0x86, 0x00, 0x01, 0x03, 0x87, 0x03, 0x87,
    0x00, 0x06, 0x03, 0x88, 0x03, 0x88, 0x00, 0x01, 0x03, 0x89, 0x03, 0x89, 0x00, 0x06, 0x03, 0x8A,
    0x03, 0x8A, 0x00, 0x01, 0x03, 0x8B, 0x03, 0x8B, 0x00, 0x06, 0x03, 0x8C, 0x03, 0x8C, 0x00, 0x01,
    0x03, 0x8D, 0x03, 0x8D, 0x00, 0x06, 0x03, 0x8E, 0x03, 0x8E, 0x00, 0x01, 0x03, 0x8F, 0x03, 0x8F,
    0x00, 0x06, 0x03, 0x97, 0x03, 0x97, 0x00, 0x06, 0x03, 0x9A, 0x03, 0x9A, 0x00, 0x08, 0x03, 0x9C,
    0x03, 0x9C, 0x00, 0x08, 0x03, 0xA8, 0x03, 0xA8, 0x00, 0x0A, 0x03, 0xA9, 0x03, 0xA9, 0x00, 0x07,
    0x03, 0xAA, 0x03, 0xAA, 0x00, 0x0A, 0x03, 0xAB, 0x03, 0xAB, 0x00, 0x07, 0x03, 0xAC, 0x03, 0xAC,
    0x00, 0x0A, 0x03, 0xAD, 0x03, 0xAD, 0x00, 0x07, 0x03, 0xAF, 0x03, 0xAF, 0x00, 0x0F, 0x03, 0xB3,
    0x03, 0xB3, 0x00, 0x13, 0x03, 0xB4, 0x03, 0xB4, 0x00, 0x1D, 0x03, 0xB7, 0x03, 0xB7, 0x00, 0x09,
    0x03, 0xB9, 0x03, 0xB9, 0x00, 0x1B, 0x03, 0xBA, 0x03, 0xBA, 0x00, 0x13, 0x03, 0xBC, 0x03, 0xBC,
    0x00, 0x0B, 0x03, 0xBE, 0x03, 0xBE, 0x00, 0x0A, 0x03, 0xD0, 0x03, 0xD0, 0x00, 0x09, 0x03, 0xD1,
    0x03, 0xD1, 0x00, 0x02, 0x03, 0xD2, 0x03, 0xD2, 0x00, 0x03, 0x03, 0xD3, 0x03, 0xD3, 0x00, 0x04,
    0x03, 0xD7, 0x03, 0xD7, 0x00, 0x01, 0x03, 0xD8, 0x03, 0xD8, 0x00, 0x06, 0x03, 0xDA, 0x03, 0xDA,
    0x00, 0x18, 0x03, 0xDE, 0x03, 0xDE, 0x00, 0x1F, 0x03, 0xDF, 0x03, 0xDF, 0x00, 0x0C, 0x03, 0xE0,
    0x03, 0xE0, 0x00, 0x01, 0x03, 0xE2, 0x03, 0xE2, 0x00, 0x01, 0x03, 0xE5, 0x03, 0xE5, 0x00, 0x09,
    0x03, 0xE6, 0x03, 0xE6, 0x00, 0x0B, 0x03, 0xE8, 0x03, 0xE8, 0x00, 0x0B, 0x03, 0xEA, 0x03, 0xEA,
    0x00, 0x14, 0x03, 0xED, 0x03, 0xED, 0x00, 0x09, 0x03, 0xEF, 0x03, 0xEF, 0x00, 0x09, 0x03, 0xF0,
    0x03, 0xF0, 0x00, 0x01, 0x03, 0xF1, 0x03, 0xF1, 0x00, 0x20, 0x03, 0xF2, 0x03, 0xF2, 0x00, 0x0C,
    0x03, 0xF4, 0x03, 0xF4, 0x00, 0x18, 0x03, 0xF7, 0x03, 0xF7, 0x00, 0x0F, 0x03, 0xF9, 0x03, 0xF9,
    0x00, 0x08, 0x03, 0xFA, 0x03, 0xFA, 0x00, 0x19, 0x03, 0xFB, 0x03, 0xFB, 0x00, 0x07, 0x03, 0xFC,
    0x03, 0xFC, 0x00, 0x19, 0x03, 0xFD, 0x03, 0xFD, 0x00, 0x07, 0x03, 0xFE, 0x03, 0xFE, 0x00, 0x15,
    0x04, 0x00, 0x04, 0x00, 0x00, 0x16, 0x04, 0x01, 0x04, 0x01, 0x00, 0x1A, 0x04, 0x02, 0x04, 0x02,
    0x00, 0x01, 0x00, 0x01, 0x03, 0x82, 0x00, 0x04, 0x00, 0x00, 0x01, 0xBC, 0x3D, 0x42, 0x3D, 0x3C,
    0x3D, 0x3C, 0x3C, 0xDA, 0x3C, 0x84, 0x3C, 0x7A, 0x3C, 0x68, 0x3C, 0x4A, 0x3C, 0x40, 0x38, 0xE2,
    0x38, 0xC0, 0x38, 0xC0, 0x38, 0x7E, 0x38, 0x78, 0x38, 0xC0, 0x38, 0xC0, 0x3C, 0x4A, 0x38, 0x56,
    0x37, 0xC8, 0x37, 0x52, 0x36, 0x88, 0x36, 0x76, 0x36, 0x64, 0x36, 0x12, 0x35, 0xA4, 0x35, 0x96,
    0x35, 0x50, 0x35, 0x2E, 0x35, 0x14, 0x35, 0x0A, 0x33, 0xD4, 0x33, 0xCA, 0x32, 0xC8, 0x32, 0xBE,
    0x32, 0xBE, 0x32, 0x98, 0x35, 0x14, 0x32, 0x8A, 0x32, 0x24, 0x32, 0x06, 0x31, 0xEC, 0x31, 0xE6,
    0x32, 0x06, 0x31, 0xA0, 0x35, 0x14, 0x3C, 0x4A, 0x31, 0x1E, 0x30, 0x58, 0x30, 0x06, 0x3C, 0x4A,
    0x3C, 0x84, 0x2F, 0x18, 0x2E, 0x26, 0x2D, 0x44, 0x2C, 0xA2, 0x2C, 0x9C, 0x32, 0x06, 0x2C, 0x92,
    0x29, 0xA8, 0x32, 0xBE, 0x27, 0xB6, 0x26, 0xC4, 0x25, 0xA6, 0x25, 0x8C, 0x25, 0x86, 0x25, 0x80,
    0x23, 0x8E, 0x23, 0x88, 0x23, 0x4E, 0x23, 0x18, 0x22, 0x8E, 0x20, 0x5C, 0x1E, 0xBA, 0x1C, 0xE4,
    0x1B, 0x96, 0x38, 0xC0, 0x19, 0xEC, 0x17, 0x9A, 0x36, 0x12, 0x16, 0xC4, 0x38, 0xC0, 0x38, 0xC0,
    0x16, 0x7A, 0x38, 0xC0, 0x38, 0xC0, 0x38, 0xC0, 0x14, 0xCC, 0x14, 0x42, 0x38, 0xC0, 0x14, 0x18,
    0x13, 0x52, 0x12, 0xC0, 0x12, 0x5E, 0x11, 0x78, 0x10, 0xE6, 0x10, 0xDC, 0x10, 0x06, 0x31, 0xE6,
    0x0F, 0xDC, 0x0E, 0x76, 0x0B, 0xF4, 0x35, 0x14, 0x0B, 0xB6, 0x0A, 0x78, 0x09, 0xEE, 0x09, 0xC8,
    0x35, 0x14, 0x09, 0x3A, 0x09, 0x10, 0x08, 0xBA, 0x08, 0x84, 0x09, 0xC8, 0x3C, 0x84, 0x32, 0x98,
    0x36, 0x76, 0x32, 0x06, 0x08, 0x5A, 0x35, 0x14, 0x30, 0x58, 0x10, 0xDC, 0x36, 0x12, 0x31, 0xE6,
    0x38, 0x7E, 0x38, 0x7E, 0x38, 0x7E, 0x38, 0xC0, 0x36, 0x12, 0x31, 0xE6, 0x38, 0xC0, 0x38, 0xC0,
    0x3C, 0x4A, 0x10, 0xDC, 0x36, 0x12, 0x31, 0xE6, 0x3D, 0x3C, 0x06, 0xBC, 0x3D, 0x3C, 0x3D, 0x3C,
    0x3D, 0x3C, 0x3C, 0x4A, 0x3C, 0x4A, 0x36, 0x88, 0x3C, 0x84, 0x3C, 0x84, 0x3C, 0x84, 0x3C, 0x84,
    0x3C, 0x84, 0x3C, 0x84, 0x3C, 0x84, 0x3C, 0x68, 0x3C, 0x40, 0x3C, 0x40, 0x3C, 0x40, 0x3C, 0x40,
    0x38, 0xC0, 0x38, 0xC0, 0x38, 0xC0, 0x38, 0xC0, 0x38, 0xC0, 0x3C, 0x4A, 0x3C, 0x4A, 0x3C, 0x4A,
    0x3C, 0x4A, 0x3C, 0x4A, 0x35, 0xA4, 0x35, 0x2E, 0x35, 0x2E, 0x35, 0x2E, 0x35, 0x2E, 0x35, 0x2E,
    0x35, 0x2E, 0x35, 0x2E, 0x35, 0x0A, 0x35, 0x0A, 0x35, 0x0A, 0x35, 0x0A, 0x32, 0xBE, 0x32, 0x98,
    0x32, 0x98, 0x32, 0x98, 0x32, 0x98, 0x32, 0x98, 0x32, 0x06, 0x32, 0x06, 0x3C, 0x84, 0x35, 0x2E,
    0x3C, 0x84, 0x35, 0x2E, 0x3C, 0x84, 0x35, 0x2E, 0x3C, 0x68, 0x3C, 0x68, 0x3C, 0x68, 0x3C, 0x68,
    0x3C, 0x4A, 0x3C, 0x40, 0x35, 0x0A, 0x3C, 0x40, 0x35, 0x0A, 0x3C, 0x40, 0x35, 0x0A, 0x3C, 0x40,
    0x35, 0x0A, 0x3C, 0x40, 0x35, 0x0A, 0x38, 0xC0, 0x32, 0xBE, 0x38, 0xC0, 0x38, 0xC0, 0x38, 0xC0,
    0x38, 0xC0, 0x38, 0xC0, 0x38, 0x7E, 0x38, 0x78, 0x38, 0x78, 0x38, 0x78, 0x38, 0x78, 0x38, 0xC0,
    0x32, 0xBE, 0x38, 0xC0, 0x32, 0xBE, 0x38, 0xC0, 0x32, 0xBE, 0x32, 0xBE, 0x3C, 0x4A, 0x32, 0x98,
    0x3C, 0x4A, 0x32, 0x98, 0x3C, 0x4A, 0x32, 0x98, 0x32, 0x8A, 0x32, 0x8A, 0x32, 0x8A, 0x36, 0x88,
    0x36, 0x88, 0x36, 0x88, 0x36, 0x64, 0x35, 0xA4, 0x32, 0x06, 0x35, 0xA4, 0x35, 0x96, 0x35, 0x96,
    0x35, 0x96, 0x3C, 0x84, 0x3C, 0x40, 0x38, 0xC0, 0x38, 0xC0, 0x3C, 0x4A, 0x35, 0xA4, 0x3C, 0x84,
    0x3C, 0x7A, 0x3C, 0x40, 0x35, 0x96, 0x38, 0xC0, 0x38, 0xC0, 0x38, 0x7E, 0x38, 0xC0, 0x38, 0xC0,
    0x3C, 0x4A, 0x38, 0x56, 0x36, 0x88, 0x35, 0xA4, 0x36, 0x12, 0x38, 0xC0, 0x35, 0xA4, 0x32, 0xBE,
    0x32, 0x98, 0x32, 0x06, 0x32, 0x98, 0x3C, 0x40, 0x30, 0x58, 0x38, 0xC0, 0x38, 0xC0, 0x38, 0x7E,
    0x38, 0x7E, 0x16, 0x7A, 0x3C, 0x84, 0x3C, 0x7A, 0x30, 0x58, 0x3C, 0x40, 0x38, 0xC0, 0x38, 0xC0,
    0x3C, 0x4A, 0x38, 0x56, 0x3C, 0x68, 0x36, 0x88, 0x36, 0x12, 0x35, 0x2E, 0x35, 0x0A, 0x32, 0x98,
    0x35, 0x14, 0x32, 0x06, 0x31, 0xE6, 0x35, 0x0A, 0x10, 0xDC, 0x32, 0x06, 0x36, 0x64, 0x36, 0x64,
    0x36, 0x64, 0x35, 0xA4, 0x32, 0x06, 0x3D, 0x3C, 0x3D, 0x3C, 0x3D, 0x3C, 0x38, 0xC0, 0x32, 0xBE,
    0x3C, 0x84, 0x35, 0x2E, 0x3C, 0x40, 0x35, 0x0A, 0x36, 0x76, 0x32, 0x06, 0x3C, 0x68, 0x35, 0xA4,
    0x32, 0x06, 0x38, 0xC0, 0x36, 0x12, 0x31, 0xE6, 0x38, 0xC0, 0x3C, 0x84, 0x35, 0x2E, 0x3C, 0x84,
    0x35, 0x2E, 0x3C, 0x40, 0x35, 0x0A, 0x35, 0x0A, 0x35, 0x0A, 0x36, 0x12, 0x31, 0xE6, 0x3C, 0x4A,
    0x32, 0x98, 0x32, 0x98, 0x35, 0x14, 0x16, 0x7A, 0x32, 0x06, 0x16, 0x7A, 0x32, 0x06, 0x16, 0x7A,
    0x32, 0x06, 0x3C, 0x84, 0x35, 0x2E, 0x3C, 0x84, 0x35, 0x2E, 0x3C, 0x84, 0x35, 0x2E, 0x3C, 0x84,
    0x35, 0x2E, 0x3C, 0x84, 0x35, 0x2E, 0x3C, 0x84, 0x35, 0x2E, 0x3C, 0x84, 0x35, 0x2E, 0x3C, 0x84,
    0x35, 0x2E, 0x3C, 0x84, 0x35, 0x2E, 0x3C, 0x84, 0x35, 0x2E, 0x3C, 0x84, 0x35, 0x2E, 0x3C, 0x84,
    0x35, 0x2E, 0x3C, 0x40, 0x35, 0x0A, 0x3C, 0x40, 0x35, 0x0A, 0x3C, 0x40, 0x35, 0x0A, 0x3C, 0x40,
    0x35, 0x0A, 0x3C, 0x40, 0x35, 0x0A, 0x3C, 0x40, 0x35, 0x0A, 0x3C, 0x40, 0x35, 0x0A, 0x3C, 0x40,
    0x35, 0x0A, 0x38, 0xC0, 0x38, 0xC0, 0x3C, 0x4A, 0x32, 0x98, 0x3C, 0x4A, 0x32, 0x98, 0x3C, 0x4A,
    0x32, 0x98, 0x3C, 0x4A, 0x32, 0x98, 0x3C, 0x4A, 0x32, 0x98, 0x3C, 0x4A, 0x32, 0x98, 0x3C, 0x4A,
    0x32, 0x98, 0x32, 0x98, 0x35, 0xA4, 0x32, 0x06, 0x35, 0xA4, 0x32, 0x06, 0x35, 0xA4, 0x32, 0x06,
    0x36, 0x88, 0x30, 0x58, 0x10, 0xDC, 0x32, 0xBE, 0x14, 0x18, 0x30, 0x58, 0x38, 0x7E, 0x35, 0xA4,
    0x38, 0xC0, 0x32, 0xBE, 0x3C, 0x84, 0x35, 0x2E, 0x3C, 0x40, 0x38, 0xC0, 0x3C, 0x4A, 0x32, 0x98,
    0x32, 0x8A, 0x3C, 0x7A, 0x35, 0x14, 0x3C, 0x4A, 0x3C, 0x4A, 0x38, 0xC0, 0x32, 0xBE, 0x38, 0x7E,
    0x38, 0x7E, 0x38, 0x78, 0x38, 0xC0, 0x32, 0xBE, 0x38, 0xC0, 0x32, 0xBE, 0x3C, 0x4A, 0x38, 0x56,
    0x35, 0x14, 0x32, 0x8A, 0x36, 0x88, 0x36, 0x76, 0x32, 0x06, 0x36, 0x76, 0x32, 0x06, 0x36, 0x64,
    0x35, 0x96, 0x3C, 0x4A, 0x00, 0x02, 0x00, 0x89, 0x00, 0x04, 0x00, 0x04, 0x00, 0x00, 0x00, 0x06,
    0x00, 0x06, 0x00, 0x01, 0x00, 0x0B, 0x00, 0x0C, 0x00, 0x02, 0x00, 0x25, 0x00, 0x2A, 0x00, 0x04,
    0x00, 0x2C, 0x00, 0x2D, 0x00, 0x0A, 0x00, 0x2F, 0x00, 0x36, 0x00, 0x0C, 0x00, 0x38, 0x00, 0x38,
    0x00, 0x14, 0x00, 0x3A, 0x00, 0x3F, 0x00, 0x15, 0x00, 0x45, 0x00, 0x46, 0x00, 0x1B, 0x00, 0x49,
    0x00, 0x4A, 0x00, 0x1D, 0x00, 0x4C, 0x00, 0x4C, 0x00, 0x1F, 0x00, 0x4F, 0x00, 0x4F, 0x00, 0x20,
    0x00, 0x51, 0x00, 0x54, 0x00, 0x21, 0x00, 0x56, 0x00, 0x56, 0x00, 0x25, 0x00, 0x58, 0x00, 0x58,
    0x00, 0x26, 0x00, 0x5A, 0x00, 0x5D, 0x00, 0x27, 0x00, 0x5F, 0x00, 0x5F, 0x00, 0x2B, 0x00, 0x8A,
    0x00, 0x8A, 0x00, 0x2C, 0x00, 0x96, 0x00, 0x96, 0x00, 0x2D, 0x00, 0x9D, 0x00, 0x9D, 0x00, 0x2E,
    0x00, 0xB1, 0x00, 0xB5, 0x00, 0x2F, 0x00, 0xB7, 0x00, 0xB9, 0x00, 0x34, 0x00, 0xBB, 0x00, 0xBB,
    0x00, 0x37, 0x00, 0xBD, 0x00, 0xBE, 0x00, 0x38, 0x00, 0xC0, 0x00, 0xC1, 0x00, 0x3A, 0x00, 0xC3,
    0x00, 0xC5, 0x00, 0x3C, 0x00, 0xC7, 0x00, 0xCE, 0x00, 0x3F, 0x00, 0xD2, 0x00, 0xD2, 0x00, 0x47,
    0x00, 0xD4, 0x00, 0xDE, 0x00, 0x48, 0x00, 0xE0, 0x00, 0xEF, 0x00, 0x53, 0x00, 0xF1, 0x00, 0xF1,
    0x00, 0x63, 0x00, 0xF6, 0x00, 0xF8, 0x00, 0x64, 0x00, 0xFB, 0x00, 0xFC, 0x00, 0x67, 0x00, 0xFE,
    0x01, 0x00, 0x00, 0x69, 0x01, 0x03, 0x01, 0x05, 0x00, 0x6C, 0x01, 0x0A, 0x01, 0x0A, 0x00, 0x6F,
    0x01, 0x0D, 0x01, 0x0D, 0x00, 0x70, 0x01, 0x18, 0x01, 0x1A, 0x00, 0x71, 0x01, 0x22, 0x01, 0x22,
    0x00, 0x74, 0x01, 0x2E, 0x01, 0x30, 0x00, 0x75, 0x01, 0x33, 0x01, 0x35, 0x00, 0x78, 0x01, 0x37,
    0x01, 0x37, 0x00, 0x7B, 0x01, 0x39, 0x01, 0x39, 0x00, 0x7C, 0x01, 0x3B, 0x01, 0x3B, 0x00, 0x7D,
    0x01, 0x43, 0x01, 0x44, 0x00, 0x7E, 0x01, 0x54, 0x01, 0x54, 0x00, 0x80, 0x01, 0x56, 0x01, 0x56,
    0x00, 0x81, 0x01, 0x58, 0x01, 0x58, 0x00, 0x82, 0x01, 0x5C, 0x01, 0x5E, 0x00, 0x83, 0x01, 0x85,
    0x01, 0x86, 0x00, 0x86, 0x01, 0x88, 0x01, 0x8A, 0x00, 0x88, 0x02, 0x09, 0x02, 0x0A, 0x00, 0x8B,
    0x02, 0x0C, 0x02, 0x0C, 0x00, 0x8D, 0x02, 0x0E, 0x02, 0x23, 0x00, 0x8E, 0x02, 0x28, 0x02, 0x2F,
    0x00, 0xA4, 0x02, 0x31, 0x02, 0x34, 0x00, 0xAC, 0x02, 0x39, 0x02, 0x3E, 0x00, 0xB0, 0x02, 0x43,
    0x02, 0x4B, 0x00, 0xB6, 0x02, 0x4D, 0x02, 0x4D, 0x00, 0xBF, 0x02, 0x4F, 0x02, 0x4F, 0x00, 0xC0,
    0x02, 0x51, 0x02, 0x51, 0x00, 0xC1, 0x02, 0x53, 0x02, 0x53, 0x00, 0xC2, 0x02, 0x55, 0x02, 0x5E,
    0x00, 0xC3, 0x02, 0x67, 0x02, 0x69, 0x00, 0xCD, 0x02, 0x6B, 0x02, 0x6B, 0x00, 0xD0, 0x02, 0x6D,
    0x02, 0x6D, 0x00, 0xD1, 0x02, 0x6F, 0x02, 0x6F, 0x00, 0xD2, 0x02, 0x71, 0x02, 0x71, 0x00, 0xD3,
    0x02, 0x76, 0x02, 0x76, 0x00, 0xD4, 0x02, 0x78, 0x02, 0x78, 0x00, 0xD5, 0x02, 0x7A, 0x02, 0x7A,
    0x00, 0xD6, 0x02, 0x7C, 0x02, 0x7C, 0x00, 0xD7, 0x02, 0x7E, 0x02, 0x7E, 0x00, 0xD8, 0x02, 0x80,
    0x02, 0x8C, 0x00, 0xD9, 0x02, 0x8E, 0x02, 0x8E, 0x00, 0xE6, 0x02, 0x90, 0x02, 0x90, 0x00, 0xE7,
    0x02, 0x92, 0x02, 0x92, 0x00, 0xE8, 0x02, 0x9D, 0x02, 0x9D, 0x00, 0xE9, 0x02, 0x9F, 0x02, 0x9F,
    0x00, 0xEA, 0x02, 0xA1, 0x02, 0xA1, 0x00, 0xEB, 0x02, 0xAF, 0x02, 0xAF, 0x00, 0xEC, 0x02, 0xB1,
    0x02, 0xB4, 0x00, 0xED, 0x02, 0xB6, 0x02, 0xB6, 0x00, 0xF1, 0x02, 0xB8, 0x02, 0xB8, 0x00, 0xF2,
    0x02, 0xBE, 0x02, 0xC3, 0x00, 0xF3, 0x02, 0xC6, 0x02, 0xD5, 0x00, 0xF9, 0x02, 0xD8, 0x02, 0xD8,
    0x01, 0x09, 0x02, 0xDC, 0x02, 0xDC, 0x01, 0x0A, 0x02, 0xDE, 0x02, 0xDE, 0x01, 0x0B, 0x02, 0xE2,
    0x02, 0xE2, 0x01, 0x0C, 0x02, 0xE5, 0x02, 0xE6, 0x01, 0x0D, 0x02, 0xE8, 0x02, 0xE9, 0x01, 0x0F,
    0x02, 0xEB, 0x02, 0xF1, 0x01, 0x11, 0x02, 0xF3, 0x02, 0xF5, 0x01, 0x18, 0x02, 0xF7, 0x02, 0xFC,
    0x01, 0x1B, 0x02, 0xFE, 0x02, 0xFF, 0x01, 0x21, 0x03, 0x01, 0x03, 0x04, 0x01, 0x23, 0x03, 0x0A,
    0x03, 0x0B, 0x01, 0x27, 0x03, 0x0D, 0x03, 0x0D, 0x01, 0x29, 0x03, 0x0F, 0x03, 0x0F, 0x01, 0x2A,
    0x03, 0x11, 0x03, 0x14, 0x01, 0x2B, 0x03, 0x17, 0x03, 0x1C, 0x01, 0x2F, 0x03, 0x1E, 0x03, 0x1E,
    0x01, 0x35, 0x03, 0x22, 0x03, 0x23, 0x01, 0x36, 0x03, 0x28, 0x03, 0x28, 0x01, 0x38, 0x03, 0x2A,
    0x03, 0x33, 0x01, 0x39, 0x03, 0x36, 0x03, 0x37, 0x01, 0x43, 0x03, 0x39, 0x03, 0x3C, 0x01, 0x45,
    0x03, 0x43, 0x03, 0x44, 0x01, 0x49, 0x03, 0x48, 0x03, 0x48, 0x01, 0x4B, 0x03, 0x4A, 0x03, 0x50,
    0x01, 0x4C, 0x03, 0x56, 0x03, 0x7E, 0x01, 0x53, 0x03, 0x80, 0x03, 0x80, 0x01, 0x7C, 0x03, 0x82,
    0x03, 0x8F, 0x01, 0x7D, 0x03, 0x97, 0x03, 0x97, 0x01, 0x8B, 0x03, 0xA8, 0x03, 0xAD, 0x01, 0x8C,
    0x03, 0xAF, 0x03, 0xAF, 0x01, 0x92, 0x03, 0xB3, 0x03, 0xB4, 0x01, 0x93, 0x03, 0xB7, 0x03, 0xB7,
    0x01, 0x95, 0x03, 0xB9, 0x03, 0xBA, 0x01, 0x96, 0x03, 0xBC, 0x03, 0xBC, 0x01, 0x98, 0x03, 0xBE,
    0x03, 0xBE, 0x01, 0x99, 0x03, 0xCF, 0x03, 0xD3, 0x01, 0x9A, 0x03, 0xD5, 0x03, 0xD5, 0x01, 0x9F,
    0x03, 0xD7, 0x03, 0xD8, 0x01, 0xA0, 0x03, 0xDA, 0x03, 0xDA, 0x01, 0xA2, 0x03, 0xDE, 0x03, 0xE0,
    0x01, 0xA3, 0x03, 0xE2, 0x03, 0xE2, 0x01, 0xA6, 0x03, 0xE4, 0x03, 0xE6, 0x01, 0xA7, 0x03, 0xE8,
    0x03, 0xE8, 0x01, 0xAA, 0x03, 0xEA, 0x03, 0xEA, 0x01, 0xAB, 0x03, 0xEC, 0x03, 0xF2, 0x01, 0xAC,
    0x03, 0xF4, 0x03, 0xF4, 0x01, 0xB3, 0x03, 0xF7, 0x03, 0xF7, 0x01, 0xB4, 0x03, 0xFA, 0x03, 0xFE,
    0x01, 0xB5, 0x04, 0x00, 0x04, 0x00, 0x01, 0xBA, 0x04, 0x02, 0x04, 0x02, 0x01, 0xBB, 0x00, 0x67,
    0x00, 0x47, 0xFF, 0xA7, 0x00, 0x48, 0xFF, 0xA7, 0x00, 0x49, 0xFF, 0xA7, 0x00, 0x4B, 0xFF, 0xA7,
    0x00, 0x4C, 0x00, 0x0A, 0x00, 0x4F, 0x00, 0x0A, 0x00, 0x50, 0x00, 0x0A, 0x00, 0x53, 0xFF, 0x75,
    0x00, 0x55, 0xFF, 0xA7, 0x00, 0x57, 0xFF, 0x3F, 0x00, 0x5B, 0x00, 0x0B, 0x00, 0x94, 0xFF, 0xA7,
    0x00, 0x99, 0xFF, 0xA7, 0x00, 0xBB, 0xFF, 0xA7, 0x00, 0xC8, 0xFF, 0xA7, 0x00, 0xC9, 0xFF, 0xA7,
    0x00, 0xF7, 0xFF, 0xA7, 0x01, 0x03, 0xFF, 0xA7, 0x01, 0x18, 0xFF, 0x75, 0x01, 0x1E, 0xFF, 0xA7,
    0x01, 0x22, 0xFF, 0xA7, 0x01, 0x42, 0xFF, 0xA7, 0x01, 0x60, 0xFF, 0xA7, 0x01, 0x61, 0xFF, 0xA7,
    0x01, 0x6B, 0xFF, 0xA7, 0x02, 0x30, 0xFF, 0xA7, 0x02, 0x31, 0xFF, 0xA7, 0x02, 0x32, 0xFF, 0xA7,
    0x02, 0x33, 0xFF, 0xA7, 0x02, 0x34, 0xFF, 0xA7, 0x02, 0x3A, 0xFF, 0x75, 0x02, 0x3B, 0xFF, 0x75,
    0x02, 0x3C, 0xFF, 0x75, 0x02, 0x3D, 0xFF, 0x75, 0x02, 0x3E, 0xFF, 0x75, 0x02, 0x4C, 0xFF, 0xA7,
    0x02, 0x4E, 0xFF, 0xA7, 0x02, 0x50, 0xFF, 0xA7, 0x02, 0x52, 0xFF, 0xA7, 0x02, 0x54, 0xFF, 0xA7,
    0x02, 0x56, 0xFF, 0xA7, 0x02, 0x58, 0xFF, 0xA7, 0x02, 0x5A, 0xFF, 0xA7, 0x02, 0x5C, 0xFF, 0xA7,
    0x02, 0x5E, 0xFF, 0xA7, 0x02, 0x60, 0xFF, 0xA7, 0x02, 0x62, 0xFF, 0xA7, 0x02, 0x64, 0xFF, 0xA7,
    0x02, 0x66, 0xFF, 0xA7, 0x02, 0x88, 0xFF, 0x75, 0x02, 0x8A, 0xFF, 0x75, 0x02, 0x8C, 0xFF, 0x75,
    0x02, 0x94, 0xFF, 0x3F, 0x02, 0x96, 0xFF, 0x3F, 0x02, 0x98, 0xFF, 0x3F, 0x02, 0x9A, 0xFF, 0x3F,
    0x02, 0x9C, 0xFF, 0x3F, 0x02, 0xD6, 0xFF, 0xA7, 0x02, 0xDC, 0xFF, 0x75, 0x02, 0xE2, 0xFF, 0x75,
    0x02, 0xFC, 0xFF, 0xA7, 0x02, 0xFE, 0xFF, 0x75, 0x03, 0x00, 0xFF, 0xA7, 0x03, 0x03, 0xFF, 0xA7,
    0x03, 0x05, 0xFF, 0x3F, 0x03, 0x1E, 0xFF, 0xA7, 0x03, 0x24, 0xFF, 0xA7, 0x03, 0x29, 0xFF, 0xA7,
    0x03, 0x37, 0xFF, 0xA7, 0x03, 0x39, 0xFF, 0xA7, 0x03, 0x3A, 0xFF, 0xA7, 0x03, 0x44, 0xFF, 0x75,
    0x03, 0x46, 0xFF, 0xA7, 0x03, 0x48, 0xFF, 0x75, 0x03, 0x55, 0xFF, 0xA7, 0x03, 0x6F, 0xFF, 0xA7,
    0x03, 0x71, 0xFF, 0xA7, 0x03, 0x73, 0xFF, 0xA7, 0x03, 0x75, 0xFF, 0xA7, 0x03, 0x77, 0xFF, 0xA7,
    0x03, 0x79, 0xFF, 0xA7, 0x03, 0x7B, 0xFF, 0xA7, 0x03, 0x7D, 0xFF, 0xA7, 0x03, 0x83, 0xFF, 0x75,
    0x03, 0x85, 0xFF, 0x75, 0x03, 0x87, 0xFF, 0x75, 0x03, 0x89, 0xFF, 0x75, 0x03, 0x8B, 0xFF, 0x75,
    0x03, 0x8D, 0xFF, 0x75, 0x03, 0x8F, 0xFF, 0x75, 0x03, 0x91, 0xFF, 0xA7, 0x03, 0x93, 0xFF, 0xA7,
    0x03, 0x95, 0xFF, 0xA7, 0x03, 0x97, 0xFF, 0x75, 0x03, 0x99, 0xFF, 0xA7, 0x03, 0xD4, 0xFF, 0xA7,
    0x03, 0xD8, 0xFF, 0x75, 0x03, 0xE1, 0xFF, 0xA7, 0x03, 0xE3, 0xFF, 0xA7, 0x03, 0xE5, 0x00, 0x0A,
    0x03, 0xE7, 0x00, 0x0A, 0x03, 0xE9, 0x00, 0x0A, 0x03, 0xF6, 0xFF, 0x3F, 0x00, 0x0A, 0x00, 0x06,
    0xFF, 0xE1, 0x00, 0x0B, 0xFF, 0xE1, 0x01, 0x85, 0xFF, 0xE1, 0x01, 0x86, 0xFF, 0xE1, 0x01, 0x88,
    0xFF, 0xE1, 0x01, 0x89, 0xFF, 0xE1, 0x01, 0x8A, 0xFF, 0xE1, 0x03, 0x13, 0xFF, 0xE1, 0x03, 0x14,
    0xFF, 0xE1, 0x03, 0x17, 0xFF, 0xE1, 0x00, 0x0D, 0x00, 0xF6, 0xFF, 0x80, 0x00, 0xF9, 0xFF, 0xD4,
    0x00, 0xFE, 0xFF, 0xE6, 0x01, 0x09, 0xFF, 0xD6, 0x01, 0x20, 0xFF, 0xDB, 0x01, 0x3A, 0xFF, 0x2E,
    0x01, 0x48, 0xFF, 0xD4, 0x01, 0x4A, 0xFF, 0xD3, 0x01, 0x63, 0xFF, 0xF0, 0x01, 0x65, 0xFF, 0xF2,
    0x01, 0x6D, 0xFF, 0x53, 0x03, 0x52, 0xFF, 0xD4, 0x03, 0xB2, 0xFF, 0xD4, 0x00, 0x15, 0x00, 0x5C,
    0xFF, 0xE7, 0x00, 0xEE, 0xFF, 0xE7, 0x00, 0xF6, 0xFF, 0x8C, 0x00, 0xF9, 0xFF, 0xC9, 0x00, 0xFE,
    0xFF, 0xE2, 0x01, 0x09, 0xFF, 0xD6, 0x01, 0x20, 0xFF, 0xDB, 0x01, 0x34, 0xFF, 0xE7, 0x01, 0x3A,
    0xFF, 0x2E, 0x01, 0x44, 0xFF, 0xE7, 0x01, 0x48, 0xFF, 0xC9, 0x01, 0x4A, 0xFF, 0xD3, 0x01, 0x5E,
    0xFF, 0xE7, 0x01, 0x63, 0xFF, 0xF0, 0x01, 0x65, 0xFF, 0xF2, 0x01, 0x6D, 0xFF, 0x53, 0x03, 0x02,
    0xFF, 0xE7, 0x03, 0x2E, 0xFF, 0xE7, 0x03, 0x3C, 0xFF, 0xE7, 0x03, 0x52, 0xFF, 0xC9, 0x03, 0xB2,
    0xFF, 0xC9, 0x00, 0x0A, 0x00, 0x06, 0xFF, 0xD6, 0x00, 0x0B, 0xFF, 0xD6, 0x01, 0x85, 0xFF, 0xD6,
    0x01, 0x86, 0xFF, 0xD6, 0x01, 0x88, 0xFF, 0xD6, 0x01, 0x89, 0xFF, 0xD6, 0x01, 0x8A, 0xFF, 0xD6,
    0x03, 0x13, 0xFF, 0xD6, 0x03, 0x14, 0xFF, 0xD6, 0x03, 0x17, 0xFF, 0xD6, 0x00, 0x23, 0x00, 0x5A,
    0xFF, 0xF4, 0x00, 0x5C, 0xFF, 0xF0, 0x00, 0x5D, 0xFF, 0xF4, 0x00, 0xBD, 0xFF, 0xF4, 0x00, 0xED,
    0xFF, 0xEF, 0x00, 0xEE, 0xFF, 0xF0, 0x00, 0xF2, 0xFF, 0xF3, 0x00, 0xFE, 0xFF, 0xF4, 0x01, 0x04,
    0xFF, 0xF3, 0x01, 0x1A, 0xFF, 0xF4, 0x01, 0x34, 0xFF, 0xF0, 0x01, 0x44, 0xFF, 0xF0, 0x01, 0x51,
    0xFF, 0xF3, 0x01, 0x5E, 0xFF, 0xF0, 0x01, 0x70, 0xFF, 0xF3, 0x02, 0x43, 0xFF, 0xF4, 0x02, 0x44,
    0xFF, 0xF4, 0x02, 0xB2, 0xFF, 0xF4, 0x02, 0xDE, 0xFF, 0xF4, 0x03, 0x01, 0xFF, 0xF4, 0x03, 0x02,
    0xFF, 0xF0, 0x03, 0x0A, 0xFF, 0xF4, 0x03, 0x12, 0xFF, 0xF4, 0x03, 0x23, 0xFF, 0xF4, 0x03, 0x2B,
    0xFF, 0xF4, 0x03, 0x2E, 0xFF, 0xF0, 0x03, 0x3C, 0xFF, 0xF0, 0x03, 0x4C, 0xFF, 0xF4, 0x03, 0x4E,
    0xFF, 0xF4, 0x03, 0x50, 0xFF, 0xF4, 0x03, 0xA9, 0xFF, 0xF4, 0x03, 0xAB, 0xFF, 0xF4, 0x03, 0xAD,
    0xFF, 0xF4, 0x03, 0xFB, 0xFF, 0xF4, 0x03, 0xFD, 0xFF, 0xF4, 0x00, 0x09, 0x00, 0xF6, 0xFF, 0x84,
    0x00, 0xFE, 0xFF, 0xD9, 0x01, 0x09, 0xFF, 0xD6, 0x01, 0x20, 0xFF, 0xDB, 0x01, 0x3A, 0xFF, 0x2E,
    0x01, 0x4A, 0xFF, 0xD3, 0x01, 0x63, 0xFF, 0xF0, 0x01, 0x65, 0xFF, 0xF2, 0x01, 0x6D, 0xFF, 0x53,
    0x00, 0x22, 0x00, 0x5A, 0xFF, 0xC9, 0x00, 0x5D, 0xFF, 0xC9, 0x00, 0xBD, 0xFF, 0xC9, 0x00, 0xF6,
    0xFF, 0x93, 0x00, 0xF9, 0xFF, 0xE7, 0x00, 0xFE, 0xFF, 0xF5, 0x01, 0x09, 0xFF, 0xD7, 0x01, 0x1A,
    0xFF, 0xC9, 0x01, 0x20, 0xFF, 0xDC, 0x01, 0x3A, 0xFF, 0x4A, 0x01, 0x48, 0xFF, 0xE7, 0x01, 0x4A,
    0xFF, 0xD4, 0x01, 0x63, 0x00, 0x00, 0x01, 0x65, 0xFF, 0xF3, 0x01, 0x6D, 0xFF, 0x6F, 0x02, 0x43,
    0xFF, 0xC9, 0x02, 0x44, 0xFF, 0xC9, 0x02, 0xB2, 0xFF, 0xC9, 0x02, 0xDE, 0xFF, 0xC9, 0x03, 0x01,
    0xFF, 0xC9, 0x03, 0x0A, 0xFF, 0xC9, 0x03, 0x12, 0xFF, 0xC9, 0x03, 0x23, 0xFF, 0xC9, 0x03, 0x2B,
    0xFF, 0xC9, 0x03, 0x4C, 0xFF, 0xC9, 0x03, 0x4E, 0xFF, 0xC9, 0x03, 0x50, 0xFF, 0xC9, 0x03, 0x52,
    0xFF, 0xE7, 0x03, 0xA9, 0xFF, 0xC9, 0x03, 0xAB, 0xFF, 0xC9, 0x03, 0xAD, 0xFF, 0xC9, 0x03, 0xB2,
    0xFF, 0xE7, 0x03, 0xFB, 0xFF, 0xC9, 0x03, 0xFD, 0xFF, 0xC9, 0x00, 0x4F, 0x00, 0x47, 0xFF, 0xF8,
    0x00, 0x48, 0xFF, 0xF8, 0x00, 0x49, 0xFF, 0xF8, 0x00, 0x4B, 0xFF, 0xF8, 0x00, 0x55, 0xFF, 0xF8,
    0x00, 0x94, 0xFF, 0xF8, 0x00, 0x99, 0xFF, 0xF8, 0x00, 0xBB, 0xFF, 0xF8, 0x00, 0xC8, 0xFF, 0xF8,
    0x00, 0xC9, 0xFF, 0xF8, 0x00, 0xED, 0x00, 0x1F, 0x00, 0xF2, 0x00, 0x11, 0x00, 0xF6, 0xFF, 0xE3,
    0x00, 0xF7, 0xFF, 0xF8, 0x00, 0xF9, 0xFF, 0xE9, 0x00, 0xFC, 0xFF, 0xCF, 0x00, 0xFE, 0xFF, 0xEC,
    0x01, 0x03, 0xFF, 0xF8, 0x01, 0x04, 0x00, 0x11, 0x01, 0x1E, 0xFF, 0xF8, 0x01, 0x22, 0xFF, 0xF8,
    0x01, 0x3A, 0xFF, 0xC7, 0x01, 0x42, 0xFF, 0xF8, 0x01, 0x48, 0xFF, 0xE9, 0x01, 0x4A, 0xFF, 0xDC,
    0x01, 0x51, 0x00, 0x11, 0x01, 0x60, 0xFF, 0xF8, 0x01, 0x61, 0xFF, 0xF8, 0x01, 0x6B, 0xFF, 0xF8,
    0x01, 0x6D, 0xFF, 0xE3, 0x01, 0x70, 0x00, 0x11, 0x02, 0x30, 0xFF, 0xF8, 0x02, 0x31, 0xFF, 0xF8,
    0x02, 0x32, 0xFF, 0xF8, 0x02, 0x33, 0xFF, 0xF8, 0x02, 0x34, 0xFF, 0xF8, 0x02, 0x4C, 0xFF, 0xF8,
    0x02, 0x4E, 0xFF, 0xF8, 0x02, 0x50, 0xFF, 0xF8, 0x02, 0x52, 0xFF, 0xF8, 0x02, 0x54, 0xFF, 0xF8,
    0x02, 0x56, 0xFF, 0xF8, 0x02, 0x58, 0xFF, 0xF8, 0x02, 0x5A, 0xFF, 0xF8, 0x02, 0x5C, 0xFF, 0xF8,
    0x02, 0x5E, 0xFF, 0xF8, 0x02, 0x60, 0xFF, 0xF8, 0x02, 0x62, 0xFF, 0xF8, 0x02, 0x64, 0xFF, 0xF8,
    0x02, 0x66, 0xFF, 0xF8, 0x02, 0xD6, 0xFF, 0xF8, 0x02, 0xFC, 0xFF, 0xF8, 0x03, 0x00, 0xFF, 0xF8,
    0x03, 0x03, 0xFF, 0xF8, 0x03, 0x1E, 0xFF, 0xF8, 0x03, 0x24, 0xFF, 0xF8, 0x03, 0x29, 0xFF, 0xF8,
    0x03, 0x37, 0xFF, 0xF8, 0x03, 0x39, 0xFF, 0xF8, 0x03, 0x3A, 0xFF, 0xF8, 0x03, 0x46, 0xFF, 0xF8,
    0x03, 0x52, 0xFF, 0xE9, 0x03, 0x55, 0xFF, 0xF8, 0x03, 0x6F, 0xFF, 0xF8, 0x03, 0x71, 0xFF, 0xF8,
    0x03, 0x73, 0xFF, 0xF8, 0x03, 0x75, 0xFF, 0xF8, 0x03, 0x77, 0xFF, 0xF8, 0x03, 0x79, 0xFF, 0xF8,
    0x03, 0x7B, 0xFF, 0xF8, 0x03, 0x7D, 0xFF, 0xF8, 0x03, 0x91, 0xFF, 0xF8, 0x03, 0x93, 0xFF, 0xF8,
    0x03, 0x95, 0xFF, 0xF8, 0x03, 0x99, 0xFF, 0xF8, 0x03, 0xB2, 0xFF, 0xE9, 0x03, 0xD4, 0xFF, 0xF8,
    0x03, 0xE1, 0xFF, 0xF8, 0x03, 0xE3, 0xFF, 0xF8, 0x00, 0x0F, 0x00, 0xED, 0x00, 0x14, 0x00, 0xF2,
    0x00, 0x10, 0x00, 0xF6, 0xFF, 0xF0, 0x00, 0xF9, 0xFF, 0xF0, 0x00, 0xFE, 0xFF, 0xF5, 0x01, 0x01,
    0x00, 0x13, 0x01, 0x04, 0x00, 0x10, 0x01, 0x3A, 0xFF, 0xE9, 0x01, 0x48, 0xFF, 0xF0, 0x01, 0x4A,
    0xFF, 0xDF, 0x01, 0x51, 0x00, 0x10, 0x01, 0x6D, 0xFF, 0xF0, 0x01, 0x70, 0x00, 0x10, 0x03, 0x52,
    0xFF, 0xF0, 0x03, 0xB2, 0xFF, 0xF0, 0x00, 0xA0, 0x00, 0x06, 0x00, 0x0D, 0x00, 0x0B, 0x00, 0x0D,
    0x00, 0x45, 0xFF, 0xF0, 0x00, 0x47, 0xFF, 0xBB, 0x00, 0x48, 0xFF, 0xBB, 0x00, 0x49, 0xFF, 0xBB,
    0x00, 0x4A, 0x00, 0x0D, 0x00, 0x4B, 0xFF, 0xBB, 0x00, 0x53, 0xFF, 0xDE, 0x00, 0x55, 0xFF, 0xBB,
    0x00, 0x5A, 0x00, 0x0B, 0x00, 0x5D, 0x00, 0x0B, 0x00, 0x94, 0xFF, 0xBB, 0x00, 0x99, 0xFF, 0xBB,
    0x00, 0xBB, 0xFF, 0xBB, 0x00, 0xBD, 0x00, 0x0B, 0x00, 0xBE, 0xFF, 0xE6, 0x00, 0xC7, 0xFF, 0xC8,
    0x00, 0xC8, 0xFF, 0xC0, 0x00, 0xC9, 0xFF, 0xBB, 0x00, 0xCC, 0xFF, 0xD5, 0x00, 0xED, 0xFF, 0xBE,
    0x00, 0xF2, 0xFF, 0xCA, 0x00, 0xF7, 0xFF, 0xBB, 0x01, 0x03, 0xFF, 0xBB, 0x01, 0x04, 0xFF, 0xCA,
    0x01, 0x18, 0xFF, 0xDE, 0x01, 0x1A, 0x00, 0x0B, 0x01, 0x1C, 0xFF, 0xE9, 0x01, 0x1E, 0xFF, 0xBB,
    0x01, 0x20, 0x00, 0x0C, 0x01, 0x22, 0xFF, 0xBB, 0x01, 0x42, 0xFF, 0xBB, 0x01, 0x51, 0xFF, 0xCA,
    0x01, 0x60, 0xFF, 0xBB, 0x01, 0x61, 0xFF, 0xBB, 0x01, 0x63, 0x00, 0x0B, 0x01, 0x65, 0x00, 0x0B,
    0x01, 0x6B, 0xFF, 0xBB, 0x01, 0x70, 0xFF, 0xCA, 0x01, 0x85, 0x00, 0x0D, 0x01, 0x86, 0x00, 0x0D,
    0x01, 0x88, 0x00, 0x0D, 0x01, 0x89, 0x00, 0x0D, 0x01, 0x8A, 0x00, 0x0D, 0x02, 0x29, 0xFF, 0xF0,
    0x02, 0x2A, 0xFF, 0xF0, 0x02, 0x2B, 0xFF, 0xF0, 0x02, 0x2C, 0xFF, 0xF0, 0x02, 0x2D, 0xFF, 0xF0,
    0x02, 0x2E, 0xFF, 0xF0, 0x02, 0x2F, 0xFF, 0xF0, 0x02, 0x30, 0xFF, 0xBB, 0x02, 0x31, 0xFF, 0xBB,
    0x02, 0x32, 0xFF, 0xBB, 0x02, 0x33, 0xFF, 0xBB, 0x02, 0x34, 0xFF, 0xBB, 0x02, 0x3A, 0xFF, 0xDE,
    0x02, 0x3B, 0xFF, 0xDE, 0x02, 0x3C, 0xFF, 0xDE, 0x02, 0x3D, 0xFF, 0xDE, 0x02, 0x3E, 0xFF, 0xDE,
    0x02, 0x43, 0x00, 0x0B, 0x02, 0x44, 0x00, 0x0B, 0x02, 0x46, 0xFF, 0xF0, 0x02, 0x48, 0xFF, 0xF0,
    0x02, 0x4A, 0xFF, 0xF0, 0x02, 0x4C, 0xFF, 0xBB, 0x02, 0x4E, 0xFF, 0xBB, 0x02, 0x50, 0xFF, 0xBB,
    0x02, 0x52, 0xFF, 0xBB, 0x02, 0x54, 0xFF, 0xBB, 0x02, 0x56, 0xFF, 0xBB, 0x02, 0x58, 0xFF, 0xBB,
    0x02, 0x5A, 0xFF, 0xBB, 0x02, 0x5C, 0xFF, 0xBB, 0x02, 0x5E, 0xFF, 0xBB, 0x02, 0x60, 0xFF, 0xBB,
    0x02, 0x62, 0xFF, 0xBB, 0x02, 0x64, 0xFF, 0xBB, 0x02, 0x66, 0xFF, 0xBB, 0x02, 0x88, 0xFF, 0xDE,
    0x02, 0x8A, 0xFF, 0xDE, 0x02, 0x8C, 0xFF, 0xDE, 0x02, 0xB2, 0x00, 0x0B, 0x02, 0xD6, 0xFF, 0xBB,
    0x02, 0xDC, 0xFF, 0xDE, 0x02, 0xDE, 0x00, 0x0B, 0x02, 0xE2, 0xFF, 0xDE, 0x02, 0xFB, 0xFF, 0xF0,
    0x02, 0xFC, 0xFF, 0xBB, 0x02, 0xFE, 0xFF, 0xDE, 0x03, 0x00, 0xFF, 0xBB, 0x03, 0x01, 0x00, 0x0B,
    0x03, 0x03, 0xFF, 0xBB, 0x03, 0x0A, 0x00, 0x0B, 0x03, 0x12, 0x00, 0x0B, 0x03, 0x13, 0x00, 0x0D,
    0x03, 0x14, 0x00, 0x0D, 0x03, 0x17, 0x00, 0x0D, 0x03, 0x1B, 0xFF, 0xF0, 0x03, 0x1E, 0xFF, 0xBB,
    0x03, 0x23, 0x00, 0x0B, 0x03, 0x24, 0xFF, 0xBB, 0x03, 0x29, 0xFF, 0xBB, 0x03, 0x2B, 0x00, 0x0B,
    0x03, 0x31, 0xFF, 0xF0, 0x03, 0x33, 0xFF, 0xF0, 0x03, 0x37, 0xFF, 0xBB, 0x03, 0x39, 0xFF, 0xBB,
    0x03, 0x3A, 0xFF, 0xBB, 0x03, 0x44, 0xFF, 0xDE, 0x03, 0x46, 0xFF, 0xBB, 0x03, 0x48, 0xFF, 0xDE,
    0x03, 0x4C, 0x00, 0x0B, 0x03, 0x4E, 0x00, 0x0B, 0x03, 0x50, 0x00, 0x0B, 0x03, 0x55, 0xFF, 0xBB,
    0x03, 0x57, 0xFF, 0xF0, 0x03, 0x59, 0xFF, 0xF0, 0x03, 0x5B, 0xFF, 0xF0, 0x03, 0x5D, 0xFF, 0xF0,
    0x03, 0x5F, 0xFF, 0xF0, 0x03, 0x61, 0xFF, 0xF0, 0x03, 0x63, 0xFF, 0xF0, 0x03, 0x65, 0xFF, 0xF0,
    0x03, 0x67, 0xFF, 0xF0, 0x03, 0x69, 0xFF, 0xF0, 0x03, 0x6B, 0xFF, 0xF0, 0x03, 0x6D, 0xFF, 0xF0,
    0x03, 0x6F, 0xFF, 0xBB, 0x03, 0x71, 0xFF, 0xBB, 0x03, 0x73, 0xFF, 0xBB, 0x03, 0x75, 0xFF, 0xBB,
    0x03, 0x77, 0xFF, 0xBB, 0x03, 0x79, 0xFF, 0xBB, 0x03, 0x7B, 0xFF, 0xBB, 0x03, 0x7D, 0xFF, 0xBB,
    0x03, 0x83, 0xFF, 0xDE, 0x03, 0x85, 0xFF, 0xDE, 0x03, 0x87, 0xFF, 0xDE, 0x03, 0x89, 0xFF, 0xDE,
    0x03, 0x8B, 0xFF, 0xDE, 0x03, 0x8D, 0xFF, 0xDE, 0x03, 0x8F, 0xFF, 0xDE, 0x03, 0x91, 0xFF, 0xBB,
    0x03, 0x93, 0xFF, 0xBB, 0x03, 0x95, 0xFF, 0xBB, 0x03, 0x97, 0xFF, 0xDE, 0x03, 0x99, 0xFF, 0xBB,
    0x03, 0xA9, 0x00, 0x0B, 0x03, 0xAB, 0x00, 0x0B, 0x03, 0xAD, 0x00, 0x0B, 0x03, 0xD2, 0xFF, 0xF0,
    0x03, 0xD4, 0xFF, 0xBB, 0x03, 0xD8, 0xFF, 0xDE, 0x03, 0xE1, 0xFF, 0xBB, 0x03, 0xE3, 0xFF, 0xBB,
    0x03, 0xFB, 0x00, 0x0B, 0x03, 0xFD, 0x00, 0x0B, 0x00, 0x59, 0x00, 0x47, 0xFF, 0xF0, 0x00, 0x48,
    0xFF, 0xF0, 0x00, 0x49, 0xFF, 0xF0, 0x00, 0x4B, 0xFF, 0xF0, 0x00, 0x53, 0xFF, 0xD3, 0x00, 0x55,
    0xFF, 0xF0, 0x00, 0x94, 0xFF, 0xF0, 0x00, 0x99, 0xFF, 0xF0, 0x00, 0xBB, 0xFF, 0xF0, 0x00, 0xC8,
    0xFF, 0xF0, 0x00, 0xC9, 0xFF, 0xF0, 0x00, 0xF7, 0xFF, 0xF0, 0x01, 0x03, 0xFF, 0xF0, 0x01, 0x18,
    0xFF, 0xD3, 0x01, 0x1C, 0xFF, 0xEB, 0x01, 0x1E, 0xFF, 0xF0, 0x01, 0x22, 0xFF, 0xF0, 0x01, 0x42,
    0xFF, 0xF0, 0x01, 0x60, 0xFF, 0xF0, 0x01, 0x61, 0xFF, 0xF0, 0x01, 0x6B, 0xFF, 0xF0, 0x02, 0x30,
    0xFF, 0xF0, 0x02, 0x31, 0xFF, 0xF0, 0x02, 0x32, 0xFF, 0xF0, 0x02, 0x33, 0xFF, 0xF0, 0x02, 0x34,
    0xFF, 0xF0, 0x02, 0x3A, 0xFF, 0xD3, 0x02, 0x3B, 0xFF, 0xD3, 0x02, 0x3C, 0xFF, 0xD3, 0x02, 0x3D,
    0xFF, 0xD3, 0x02, 0x3E, 0xFF, 0xD3, 0x02, 0x4C, 0xFF, 0xF0, 0x02, 0x4E, 0xFF, 0xF0, 0x02, 0x50,
    0xFF, 0xF0, 0x02, 0x52, 0xFF, 0xF0, 0x02, 0x54, 0xFF, 0xF0, 0x02, 0x56, 0xFF, 0xF0, 0x02, 0x58,
    0xFF, 0xF0, 0x02, 0x5A, 0xFF, 0xF0, 0x02, 0x5C, 0xFF, 0xF0, 0x02, 0x5E, 0xFF, 0xF0, 0x02, 0x60,
    0xFF, 0xF0, 0x02, 0x62, 0xFF, 0xF0, 0x02, 0x64, 0xFF, 0xF0, 0x02, 0x66, 0xFF, 0xF0, 0x02, 0x88,
    0xFF, 0xD3, 0x02, 0x8A, 0xFF, 0xD3, 0x02, 0x8C, 0xFF, 0xD3, 0x02, 0xD6, 0xFF, 0xF0, 0x02, 0xDC,
    0xFF, 0xD3, 0x02, 0xE2, 0xFF, 0xD3, 0x02, 0xFC, 0xFF, 0xF0, 0x02, 0xFE, 0xFF, 0xD3, 0x03, 0x00,
    0xFF, 0xF0, 0x03, 0x03, 0xFF, 0xF0, 0x03, 0x1E, 0xFF, 0xF0, 0x03, 0x24, 0xFF, 0xF0, 0x03, 0x29,
    0xFF, 0xF0, 0x03, 0x37, 0xFF, 0xF0, 0x03, 0x39, 0xFF, 0xF0, 0x03, 0x3A, 0xFF, 0xF0, 0x03, 0x44,
    0xFF, 0xD3, 0x03, 0x46, 0xFF, 0xF0, 0x03, 0x48, 0xFF, 0xD3, 0x03, 0x55, 0xFF, 0xF0, 0x03, 0x6F,
    0xFF, 0xF0, 0x03, 0x71, 0xFF, 0xF0, 0x03, 0x73, 0xFF, 0xF0, 0x03, 0x75, 0xFF, 0xF0, 0x03, 0x77,
    0xFF, 0xF0, 0x03, 0x79, 0xFF, 0xF0, 0x03, 0x7B, 0xFF, 0xF0, 0x03, 0x7D, 0xFF, 0xF0, 0x03, 0x83,
    0xFF, 0xD3, 0x03, 0x85, 0xFF, 0xD3, 0x03, 0x87, 0xFF, 0xD3, 0x03, 0x89, 0xFF, 0xD3, 0x03, 0x8B,
    0xFF, 0xD3, 0x03, 0x8D, 0xFF, 0xD3, 0x03, 0x8F, 0xFF, 0xD3, 0x03, 0x91, 0xFF, 0xF0, 0x03, 0x93,
    0xFF, 0xF0, 0x03, 0x95, 0xFF, 0xF0, 0x03, 0x97, 0xFF, 0xD3, 0x03, 0x99, 0xFF, 0xF0, 0x03, 0xD4,
    0xFF, 0xF0, 0x03, 0xD8, 0xFF, 0xD3, 0x03, 0xE1, 0xFF, 0xF0, 0x03, 0xE3, 0xFF, 0xF0, 0x00, 0x0A,
    0x00, 0x06, 0xFF, 0xF5, 0x00, 0x0B, 0xFF, 0xF5, 0x01, 0x85, 0xFF, 0xF5, 0x01, 0x86, 0xFF, 0xF5,
    0x01, 0x88, 0xFF, 0xF5, 0x01, 0x89, 0xFF, 0xF5, 0x01, 0x8A, 0xFF, 0xF5, 0x03, 0x13, 0xFF, 0xF5,
    0x03, 0x14, 0xFF, 0xF5, 0x03, 0x17, 0xFF, 0xF5, 0x00, 0x35, 0x00, 0x51, 0xFF, 0xF4, 0x00, 0x52,
    0xFF, 0xF4, 0x00, 0x54, 0xFF, 0xF4, 0x00, 0xC1, 0xFF, 0xF4, 0x00, 0xEC, 0xFF, 0xF4, 0x00, 0xED,
    0x00, 0x14, 0x00, 0xF0, 0xFF, 0xF4, 0x00, 0xF1, 0xFF, 0xF4, 0x00, 0xF3, 0xFF, 0xF4, 0x00, 0xF4,
    0xFF, 0xF4, 0x00, 0xF5, 0xFF, 0xF4, 0x00, 0xF6, 0xFF, 0xED, 0x00, 0xF8, 0xFF, 0xF4, 0x00, 0xF9,
    0xFF, 0xED, 0x00, 0xFA, 0xFF, 0xF4, 0x00, 0xFB, 0xFF, 0xF4, 0x00, 0xFC, 0xFF, 0xD6, 0x00, 0xFE,
    0xFF, 0xF4, 0x01, 0x00, 0xFF, 0xF4, 0x01, 0x05, 0xFF, 0xF4, 0x01, 0x2B, 0xFF, 0xF4, 0x01, 0x36,
    0xFF, 0xF4, 0x01, 0x3A, 0xFF, 0xED, 0x01, 0x3C, 0xFF, 0xF4, 0x01, 0x3E, 0xFF, 0xF4, 0x01, 0x48,
    0xFF, 0xED, 0x01, 0x4A, 0xFF, 0xED, 0x01, 0x53, 0xFF, 0xF4, 0x01, 0x55, 0xFF, 0xF4, 0x01, 0x57,
    0xFF, 0xF4, 0x01, 0x5C, 0xFF, 0xF4, 0x01, 0x6D, 0xFF, 0xED, 0x02, 0x39, 0xFF, 0xF4, 0x02, 0x81,
    0xFF, 0xF4, 0x02, 0x83, 0xFF, 0xF4, 0x02, 0x85, 0xFF, 0xF4, 0x02, 0x86, 0xFF, 0xF4, 0x02, 0xD8,
    0xFF, 0xF4, 0x02, 0xFD, 0xFF, 0xF4, 0x02, 0xFF, 0xFF, 0xF4, 0x03, 0x04, 0xFF, 0xF4, 0x03, 0x09,
    0xFF, 0xF4, 0x03, 0x19, 0xFF, 0xF4, 0x03, 0x1F, 0xFF, 0xF4, 0x03, 0x40, 0xFF, 0xF4, 0x03, 0x42,
    0xFF, 0xF4, 0x03, 0x52, 0xFF, 0xED, 0x03, 0x54, 0xFF, 0xF4, 0x03, 0xB2, 0xFF, 0xED, 0x03, 0xB4,
    0xFF, 0xF4, 0x03, 0xD0, 0xFF, 0xF4, 0x03, 0xED, 0xFF, 0xF4, 0x03, 0xEF, 0xFF, 0xF4, 0x00, 0x02,
    0x00, 0xED, 0xFF, 0x87, 0x01, 0x1C, 0xFF, 0xEE, 0x00, 0x24, 0x00, 0x06, 0xFF, 0xF2, 0x00, 0x0B,
    0xFF, 0xF2, 0x00, 0x5A, 0xFF, 0xF5, 0x00, 0x5D, 0xFF, 0xF5, 0x00, 0xBD, 0xFF, 0xF5, 0x00, 0xF6,
    0xFF, 0xF4, 0x00, 0xFE, 0xFF, 0xF8, 0x01, 0x09, 0xFF, 0xF5, 0x01, 0x1A, 0xFF, 0xF5, 0x01, 0x3A,
    0xFF, 0xF5, 0x01, 0x6D, 0xFF, 0xF5, 0x01, 0x85, 0xFF, 0xF2, 0x01, 0x86, 0xFF, 0xF2, 0x01, 0x88,
    0xFF, 0xF2, 0x01, 0x89, 0xFF, 0xF2, 0x01, 0x8A, 0xFF, 0xF2, 0x02, 0x43, 0xFF, 0xF5, 0x02, 0x44,
    0xFF, 0xF5, 0x02, 0xB2, 0xFF, 0xF5, 0x02, 0xDE, 0xFF, 0xF5, 0x03, 0x01, 0xFF, 0xF5, 0x03, 0x0A,
    0xFF, 0xF5, 0x03, 0x12, 0xFF, 0xF5, 0x03, 0x13, 0xFF, 0xF2, 0x03, 0x14, 0xFF, 0xF2, 0x03, 0x17,
    0xFF, 0xF2, 0x03, 0x23, 0xFF, 0xF5, 0x03, 0x2B, 0xFF, 0xF5, 0x03, 0x4C, 0xFF, 0xF5, 0x03, 0x4E,
    0xFF, 0xF5, 0x03, 0x50, 0xFF, 0xF5, 0x03, 0xA9, 0xFF, 0xF5, 0x03, 0xAB, 0xFF, 0xF5, 0x03, 0xAD,
    0xFF, 0xF5, 0x03, 0xFB, 0xFF, 0xF5, 0x03, 0xFD, 0xFF, 0xF5, 0x00, 0x39, 0x00, 0x51, 0xFF, 0xEF,
    0x00, 0x52, 0xFF, 0xEF, 0x00, 0x54, 0xFF, 0xEF, 0x00, 0x5C, 0xFF, 0xF0, 0x00, 0xC1, 0xFF, 0xEF,
    0x00, 0xEC, 0xFF, 0xEF, 0x00, 0xED, 0xFF, 0xEE, 0x00, 0xEE, 0xFF, 0xF0, 0x00, 0xF0, 0xFF, 0xEF,
    0x00, 0xF1, 0xFF, 0xEF, 0x00, 0xF3, 0xFF, 0xEF, 0x00, 0xF4, 0xFF, 0xEF, 0x00, 0xF5, 0xFF, 0xEF,
    0x00, 0xF6, 0xFF, 0xEE, 0x00, 0xF8, 0xFF, 0xEF, 0x00, 0xFA, 0xFF, 0xEF, 0x00, 0xFB, 0xFF, 0xEF,
    0x00, 0xFE, 0xFF, 0xEF, 0x01, 0x00, 0xFF, 0xEF, 0x01, 0x05, 0xFF, 0xEF, 0x01, 0x09, 0xFF, 0xF4,
    0x01, 0x20, 0xFF, 0xF1, 0x01, 0x2B, 0xFF, 0xEF, 0x01, 0x34, 0xFF, 0xF0, 0x01, 0x36, 0xFF, 0xEF,
    0x01, 0x3A, 0xFF, 0xEF, 0x01, 0x3C, 0xFF, 0xEF, 0x01, 0x3E, 0xFF, 0xEF, 0x01, 0x44, 0xFF, 0xF0,
    0x01, 0x53, 0xFF, 0xEF, 0x01, 0x55, 0xFF, 0xEF, 0x01, 0x57, 0xFF, 0xEF, 0x01, 0x5C, 0xFF, 0xEF,
    0x01, 0x5E, 0xFF, 0xF0, 0x01, 0x6D, 0xFF, 0xEF, 0x02, 0x39, 0xFF, 0xEF, 0x02, 0x81, 0xFF, 0xEF,
    0x02, 0x83, 0xFF, 0xEF, 0x02, 0x85, 0xFF, 0xEF, 0x02, 0x86, 0xFF, 0xEF, 0x02, 0xD8, 0xFF, 0xEF,
    0x02, 0xFD, 0xFF, 0xEF, 0x02, 0xFF, 0xFF, 0xEF, 0x03, 0x02, 0xFF, 0xF0, 0x03, 0x04, 0xFF, 0xEF,
    0x03, 0x09, 0xFF, 0xEF, 0x03, 0x19, 0xFF, 0xEF, 0x03, 0x1F, 0xFF, 0xEF, 0x03, 0x2E, 0xFF, 0xF0,
    0x03, 0x3C, 0xFF, 0xF0, 0x03, 0x40, 0xFF, 0xEF, 0x03, 0x42, 0xFF, 0xEF, 0x03, 0x54, 0xFF, 0xEF,
    0x03, 0xB4, 0xFF, 0xEF, 0x03, 0xD0, 0xFF, 0xEF, 0x03, 0xED, 0xFF, 0xEF, 0x03, 0xEF, 0xFF, 0xEF,
    0x00, 0x18, 0x00, 0x38, 0xFF, 0xEB, 0x00, 0x3D, 0xFF, 0xF3, 0x00, 0xD2, 0xFF, 0xEB, 0x00, 0xD6,
    0xFF, 0xEB, 0x01, 0x39, 0xFF, 0xEB, 0x01, 0x45, 0xFF, 0xEB, 0x02, 0x28, 0xFF, 0xF3, 0x02, 0x9D,
    0xFF, 0xEB, 0x02, 0x9F, 0xFF, 0xEB, 0x02, 0xA1, 0xFF, 0xEB, 0x02, 0xB1, 0xFF, 0xF3, 0x02, 0xB3,
    0xFF, 0xF3, 0x02, 0xC3, 0xFF, 0xF3, 0x02, 0xD2, 0xFF, 0xF3, 0x02, 0xD5, 0xFF, 0xF3, 0x02, 0xF9,
    0xFF, 0xEB, 0x03, 0x11, 0xFF, 0xF3, 0x03, 0x2A, 0xFF, 0xF3, 0x03, 0xA8, 0xFF, 0xF3, 0x03, 0xAA,
    0xFF, 0xF3, 0x03, 0xAC, 0xFF, 0xF3, 0x03, 0xAF, 0xFF, 0xEB, 0x03, 0xBE, 0xFF, 0xF3, 0x03, 0xF7,
    0xFF, 0xEB, 0x00, 0x24, 0x00, 0x38, 0xFF, 0xE2, 0x00, 0x3C, 0xFF, 0xE4, 0x00, 0xD2, 0xFF, 0xE2,
    0x00, 0xD4, 0xFF, 0xE4, 0x00, 0xD6, 0xFF, 0xE2, 0x00, 0xD9, 0xFF, 0xE1, 0x00, 0xDA, 0xFF, 0xE4,
    0x00, 0xDD, 0xFF, 0xE4, 0x00, 0xDE, 0xFF, 0xE9, 0x00, 0xED, 0xFF, 0xE4, 0x00, 0xF2, 0xFF, 0xEB,
    0x01, 0x04, 0xFF, 0xEB, 0x01, 0x33, 0xFF, 0xE4, 0x01, 0x39, 0xFF, 0xE2, 0x01, 0x43, 0xFF, 0xE4,
    0x01, 0x45, 0xFF, 0xE2, 0x01, 0x50, 0xFF, 0xE4, 0x01, 0x51, 0xFF, 0xEB, 0x01, 0x5D, 0xFF, 0xE4,
    0x01, 0x66, 0xFF, 0xE4, 0x01, 0x6F, 0xFF, 0xE4, 0x01, 0x70, 0xFF, 0xEB, 0x02, 0x9D, 0xFF, 0xE2,
    0x02, 0x9F, 0xFF, 0xE2, 0x02, 0xA1, 0xFF, 0xE2, 0x02, 0xD3, 0xFF, 0xE4, 0x02, 0xED, 0xFF, 0xE9,
    0x02, 0xF9, 0xFF, 0xE2, 0x02, 0xFA, 0xFF, 0xE4, 0x03, 0x2D, 0xFF, 0xE4, 0x03, 0x3B, 0xFF, 0xE4,
    0x03, 0x4B, 0xFF, 0xE9, 0x03, 0x4D, 0xFF, 0xE9, 0x03, 0x4F, 0xFF, 0xE9, 0x03, 0xAF, 0xFF, 0xE2,
    0x03, 0xF7, 0xFF, 0xE2, 0x00, 0x31, 0x00, 0x38, 0xFF, 0xE3, 0x00, 0x3C, 0xFF, 0xE5, 0x00, 0x3D,
    0xFF, 0xE4, 0x00, 0xD2, 0xFF, 0xE3, 0x00, 0xD4, 0xFF, 0xE5, 0x00, 0xD6, 0xFF, 0xE3, 0x00, 0xD9,
    0xFF, 0xE2, 0x00, 0xDA, 0xFF, 0xE5, 0x00, 0xDD, 0xFF, 0xE5, 0x00, 0xDE, 0xFF, 0xE9, 0x00, 0xF2,
    0xFF, 0xEA, 0x01, 0x04, 0xFF, 0xEA, 0x01, 0x33, 0xFF, 0xE5, 0x01, 0x39, 0xFF, 0xE3, 0x01, 0x43,
    0xFF, 0xE5, 0x01, 0x45, 0xFF, 0xE3, 0x01, 0x50, 0xFF, 0xE5, 0x01, 0x51, 0xFF, 0xEA, 0x01, 0x5D,
    0xFF, 0xE5, 0x01, 0x66, 0xFF, 0xE5, 0x01, 0x6C, 0xFF, 0xE4, 0x01, 0x6F, 0xFF, 0xE5, 0x01, 0x70,
    0xFF, 0xEA, 0x02, 0x28, 0xFF, 0xE4, 0x02, 0x9D, 0xFF, 0xE3, 0x02, 0x9F, 0xFF, 0xE3, 0x02, 0xA1,
    0xFF, 0xE3, 0x02, 0xB1, 0xFF, 0xE4, 0x02, 0xB3, 0xFF, 0xE4, 0x02, 0xC3, 0xFF, 0xE4, 0x02, 0xD2,
    0xFF, 0xE4, 0x02, 0xD3, 0xFF, 0xE5, 0x02, 0xD5, 0xFF, 0xE4, 0x02, 0xED, 0xFF, 0xE9, 0x02, 0xF9,
    0xFF, 0xE3, 0x02, 0xFA, 0xFF, 0xE5, 0x03, 0x11, 0xFF, 0xE4, 0x03, 0x2A, 0xFF, 0xE4, 0x03, 0x2D,
    0xFF, 0xE5, 0x03, 0x3B, 0xFF, 0xE5, 0x03, 0x4B, 0xFF, 0xE9, 0x03, 0x4D, 0xFF, 0xE9, 0x03, 0x4F,
    0xFF, 0xE9, 0x03, 0xA8, 0xFF, 0xE4, 0x03, 0xAA, 0xFF, 0xE4, 0x03, 0xAC, 0xFF, 0xE4, 0x03, 0xAF,
    0xFF, 0xE3, 0x03, 0xBE, 0xFF, 0xE4, 0x03, 0xF7, 0xFF, 0xE3, 0x00, 0x0A, 0x00, 0xE6, 0xFF, 0xC3,
    0x00, 0xF6, 0xFF, 0xCF, 0x00, 0xFE, 0xFF, 0xE2, 0x01, 0x3A, 0xFF, 0xCE, 0x01, 0x49, 0xFF, 0xE7,
    0x01, 0x4C, 0xFF, 0xDF, 0x01, 0x62, 0xFF, 0xD1, 0x01, 0x64, 0xFF, 0xEC, 0x01, 0x6C, 0xFF, 0xA0,
    0x01, 0x6D, 0xFF, 0xD1, 0x00, 0x22, 0x00, 0x06, 0xFF, 0xBF, 0x00, 0x0B, 0xFF, 0xBF, 0x00, 0x3A,
    0xFF, 0xC9, 0x00, 0xDE, 0xFF, 0xEC, 0x00, 0xE1, 0xFF, 0xE6, 0x00, 0xE6, 0xFF, 0xC4, 0x00, 0xF6,
    0xFF, 0xCE, 0x00, 0xFE, 0xFF, 0xE3, 0x01, 0x19, 0xFF, 0xC9, 0x01, 0x3A, 0xFF, 0xCD, 0x01, 0x47,
    0xFF, 0xE6, 0x01, 0x49, 0xFF, 0xE6, 0x01, 0x4C, 0xFF, 0xDF, 0x01, 0x62, 0xFF, 0xD1, 0x01, 0x64,
    0xFF, 0xEC, 0x01, 0x6C, 0xFF, 0xA1, 0x01, 0x6D, 0xFF, 0xD0, 0x01, 0x85, 0xFF, 0xBF, 0x01, 0x86,
    0xFF, 0xBF, 0x01, 0x88, 0xFF, 0xBF, 0x01, 0x89, 0xFF, 0xBF, 0x01, 0x8A, 0xFF, 0xBF, 0x02, 0xED,
    0xFF, 0xEC, 0x03, 0x13, 0xFF, 0xBF, 0x03, 0x14, 0xFF, 0xBF, 0x03, 0x17, 0xFF, 0xBF, 0x03, 0x22,
    0xFF, 0xC9, 0x03, 0x4B, 0xFF, 0xEC, 0x03, 0x4D, 0xFF, 0xEC, 0x03, 0x4F, 0xFF, 0xEC, 0x03, 0x51,
    0xFF, 0xE6, 0x03, 0xB1, 0xFF, 0xE6, 0x03, 0xFA, 0xFF, 0xC9, 0x03, 0xFC, 0xFF, 0xC9, 0x00, 0x6B,
    0x00, 0x25, 0x00, 0x0F, 0x00, 0x38, 0xFF, 0xE6, 0x00, 0x3A, 0xFF, 0xE6, 0x00, 0x3C, 0x00, 0x0E,
    0x00, 0x3D, 0xFF, 0xE6, 0x00, 0xB2, 0x00, 0x0F, 0x00, 0xB4, 0x00, 0x0F, 0x00, 0xD2, 0xFF, 0xE6,
    0x00, 0xD4, 0x00, 0x0E, 0x00, 0xD6, 0xFF, 0xE6, 0x00, 0xD9, 0x00, 0x13, 0x00, 0xDA, 0x00, 0x0E,
    0x00, 0xDD, 0x00, 0x0E, 0x00, 0xDE, 0x00, 0x0B, 0x00, 0xE1, 0xFF, 0xE5, 0x00, 0xE6, 0xFF, 0xE6,
    0x00, 0xE7, 0xFF, 0xF4, 0x00, 0xED, 0x00, 0x12, 0x00, 0xF2, 0x00, 0x0F, 0x00, 0xF6, 0xFF, 0xE7,
    0x00, 0xF9, 0xFF, 0xE8, 0x00, 0xFE, 0xFF, 0xEF, 0x01, 0x04, 0x00, 0x0F, 0x01, 0x0D, 0x00, 0x0F,
    0x01, 0x19, 0xFF, 0xE6, 0x01, 0x33, 0x00, 0x0E, 0x01, 0x39, 0xFF, 0xE6, 0x01, 0x3A, 0xFF, 0xE7,
    0x01, 0x43, 0x00, 0x0E, 0x01, 0x45, 0xFF, 0xE6, 0x01, 0x47, 0xFF, 0xE5, 0x01, 0x48, 0xFF, 0xE8,
    0x01, 0x49, 0xFF, 0xE5, 0x01, 0x4A, 0xFF, 0xE8, 0x01, 0x4C, 0xFF, 0xE4, 0x01, 0x50, 0x00, 0x0E,
    0x01, 0x51, 0x00, 0x0F, 0x01, 0x5D, 0x00, 0x0E, 0x01, 0x62, 0xFF, 0xE6, 0x01, 0x64, 0xFF, 0xE6,
    0x01, 0x66, 0x00, 0x0E, 0x01, 0x6C, 0xFF, 0xE6, 0x01, 0x6D, 0xFF, 0xE7, 0x01, 0x6F, 0x00, 0x0E,
    0x01, 0x70, 0x00, 0x0F, 0x02, 0x0E, 0x00, 0x0F, 0x02, 0x0F, 0x00, 0x0F, 0x02, 0x10, 0x00, 0x0F,
    0x02, 0x11, 0x00, 0x0F, 0x02, 0x12, 0x00, 0x0F, 0x02, 0x13, 0x00, 0x0F, 0x02, 0x14, 0x00, 0x0F,
    0x02, 0x28, 0xFF, 0xE6, 0x02, 0x45, 0x00, 0x0F, 0x02, 0x47, 0x00, 0x0F, 0x02, 0x49, 0x00, 0x0F,
    0x02, 0x9D, 0xFF, 0xE6, 0x02, 0x9F, 0xFF, 0xE6, 0x02, 0xA1, 0xFF, 0xE6, 0x02, 0xB1, 0xFF, 0xE6,
    0x02, 0xB3, 0xFF, 0xE6, 0x02, 0xBE, 0x00, 0x0F, 0x02, 0xC3, 0xFF, 0xE6, 0x02, 0xC6, 0x00, 0x0F,
    0x02, 0xD2, 0xFF, 0xE6, 0x02, 0xD3, 0x00, 0x0E, 0x02, 0xD5, 0xFF, 0xE6, 0x02, 0xED, 0x00, 0x0B,
    0x02, 0xEE, 0x00, 0x0F, 0x02, 0xF9, 0xFF, 0xE6, 0x02, 0xFA, 0x00, 0x0E, 0x03, 0x11, 0xFF, 0xE6,
    0x03, 0x1A, 0x00, 0x0F, 0x03, 0x22, 0xFF, 0xE6, 0x03, 0x2A, 0xFF, 0xE6, 0x03, 0x2D, 0x00, 0x0E,
    0x03, 0x30, 0x00, 0x0F, 0x03, 0x32, 0x00, 0x0F, 0x03, 0x3B, 0x00, 0x0E, 0x03, 0x4B, 0x00, 0x0B,
    0x03, 0x4D, 0x00, 0x0B, 0x03, 0x4F, 0x00, 0x0B, 0x03, 0x51, 0xFF, 0xE5, 0x03, 0x52, 0xFF, 0xE8,
    0x03, 0x56, 0x00, 0x0F, 0x03, 0x58, 0x00, 0x0F, 0x03, 0x5A, 0x00, 0x0F, 0x03, 0x5C, 0x00, 0x0F,
    0x03, 0x5E, 0x00, 0x0F, 0x03, 0x60, 0x00, 0x0F, 0x03, 0x62, 0x00, 0x0F, 0x03, 0x64, 0x00, 0x0F,
    0x03, 0x66, 0x00, 0x0F, 0x03, 0x68, 0x00, 0x0F, 0x03, 0x6A, 0x00, 0x0F, 0x03, 0x6C, 0x00, 0x0F,
    0x03, 0xA8, 0xFF, 0xE6, 0x03, 0xAA, 0xFF, 0xE6, 0x03, 0xAC, 0xFF, 0xE6, 0x03, 0xAF, 0xFF, 0xE6,
    0x03, 0xB1, 0xFF, 0xE5, 0x03, 0xB2, 0xFF, 0xE8, 0x03, 0xBE, 0xFF, 0xE6, 0x03, 0xD1, 0x00, 0x0F,
    0x03, 0xF7, 0xFF, 0xE6, 0x03, 0xFA, 0xFF, 0xE6, 0x03, 0xFC, 0xFF, 0xE6, 0x00, 0x12, 0x00, 0xD9,
    0xFF, 0xAE, 0x00, 0xE6, 0x00, 0x12, 0x00, 0xEB, 0xFF, 0xE0, 0x00, 0xED, 0xFF, 0xAD, 0x00, 0xEF,
    0xFF, 0xD6, 0x00, 0xFD, 0xFF, 0xDF, 0x01, 0x01, 0xFF, 0xD2, 0x01, 0x07, 0xFF, 0xE0, 0x01, 0x1C,
    0xFF, 0xCE, 0x01, 0x2E, 0xFF, 0xDD, 0x01, 0x30, 0xFF, 0xE2, 0x01, 0x38, 0xFF, 0xE0, 0x01, 0x40,
    0xFF, 0xE0, 0x01, 0x4A, 0xFF, 0xE9, 0x01, 0x4D, 0xFF, 0xDA, 0x01, 0x5F, 0xFF, 0xBD, 0x01, 0x69,
    0xFF, 0xDF, 0x01, 0x6C, 0x00, 0x11, 0x00, 0x35, 0x00, 0x1B, 0xFF, 0xF2, 0x00, 0x38, 0xFF, 0xF1,
    0x00, 0x3A, 0xFF, 0xF4, 0x00, 0x3C, 0xFF, 0xF4, 0x00, 0x3D, 0xFF, 0xF0, 0x00, 0xD2, 0xFF, 0xF1,
    0x00, 0xD4, 0xFF, 0xF5, 0x00, 0xD6, 0xFF, 0xF1, 0x00, 0xDA, 0xFF, 0xF4, 0x00, 0xDD, 0xFF, 0xF5,
    0x00, 0xDE, 0xFF, 0xF3, 0x00, 0xE6, 0xFF, 0xF1, 0x01, 0x19, 0xFF, 0xF4, 0x01, 0x33, 0xFF, 0xF4,
    0x01, 0x39, 0xFF, 0xF1, 0x01, 0x43, 0xFF, 0xF4, 0x01, 0x45, 0xFF, 0xF1, 0x01, 0x50, 0xFF, 0xF5,
    0x01, 0x5D, 0xFF, 0xF4, 0x01, 0x62, 0xFF, 0xF2, 0x01, 0x64, 0xFF, 0xF2, 0x01, 0x66, 0xFF, 0xF5,
    0x01, 0x6C, 0xFF, 0xF2, 0x01, 0x6F, 0xFF, 0xF5, 0x02, 0x28, 0xFF, 0xF0, 0x02, 0x9D, 0xFF, 0xF1,
    0x02, 0x9F, 0xFF, 0xF1, 0x02, 0xA1, 0xFF, 0xF1, 0x02, 0xB1, 0xFF, 0xF0, 0x02, 0xB3, 0xFF, 0xF0,
    0x02, 0xC3, 0xFF, 0xF0, 0x02, 0xD2, 0xFF, 0xF0, 0x02, 0xD3, 0xFF, 0xF4, 0x02, 0xD5, 0xFF, 0xF0,
    0x02, 0xED, 0xFF, 0xF3, 0x02, 0xF9, 0xFF, 0xF1, 0x02, 0xFA, 0xFF, 0xF4, 0x03, 0x11, 0xFF, 0xF0,
    0x03, 0x22, 0xFF, 0xF4, 0x03, 0x2A, 0xFF, 0xF0, 0x03, 0x2D, 0xFF, 0xF4, 0x03, 0x3B, 0xFF, 0xF4,
    0x03, 0x4B, 0xFF, 0xF3, 0x03, 0x4D, 0xFF, 0xF3, 0x03, 0x4F, 0xFF, 0xF3, 0x03, 0xA8, 0xFF, 0xF0,
    0x03, 0xAA, 0xFF, 0xF0, 0x03, 0xAC, 0xFF, 0xF0, 0x03, 0xAF, 0xFF, 0xF1, 0x03, 0xBE, 0xFF, 0xF0,
    0x03, 0xF7, 0xFF, 0xF1, 0x03, 0xFA, 0xFF, 0xF4, 0x03, 0xFC, 0xFF, 0xF4, 0x00, 0x94, 0x00, 0x25,
    0x00, 0x10, 0x00, 0x27, 0xFF, 0xE8, 0x00, 0x2B, 0xFF, 0xE8, 0x00, 0x33, 0xFF, 0xE8, 0x00, 0x35,
    0xFF, 0xE8, 0x00, 0x38, 0xFF, 0xE0, 0x00, 0x3A, 0xFF, 0xE0, 0x00, 0x3D, 0xFF, 0xDF, 0x00, 0x83,
    0xFF, 0xE8, 0x00, 0x93, 0xFF, 0xE8, 0x00, 0x98, 0xFF, 0xE8, 0x00, 0xB2, 0x00, 0x10, 0x00, 0xB3,
    0xFF, 0xE8, 0x00, 0xB4, 0x00, 0x10, 0x00, 0xD2, 0xFF, 0xE0, 0x00, 0xD3, 0xFF, 0xE8, 0x00, 0xD4,
    0x00, 0x10, 0x00, 0xD6, 0xFF, 0xE0, 0x00, 0xD9, 0x00, 0x14, 0x00, 0xDD, 0x00, 0x10, 0x00, 0xE1,
    0xFF, 0xE1, 0x00, 0xE6, 0xFF, 0xE0, 0x00, 0xED, 0x00, 0x13, 0x00, 0xF2, 0x00, 0x10, 0x00, 0xF9,
    0xFF, 0xE0, 0x01, 0x04, 0x00, 0x10, 0x01, 0x08, 0xFF, 0xE8, 0x01, 0x0D, 0x00, 0x10, 0x01, 0x17,
    0xFF, 0xE8, 0x01, 0x19, 0xFF, 0xE0, 0x01, 0x1B, 0xFF, 0xE8, 0x01, 0x1D, 0xFF, 0xE8, 0x01, 0x1F,
    0xFF, 0xE8, 0x01, 0x21, 0xFF, 0xE8, 0x01, 0x39, 0xFF, 0xE0, 0x01, 0x41, 0xFF, 0xE8, 0x01, 0x45,
    0xFF, 0xE0, 0x01, 0x47, 0xFF, 0xE1, 0x01, 0x48, 0xFF, 0xE0, 0x01, 0x49, 0xFF, 0xE1, 0x01, 0x4A,
    0xFF, 0xE0, 0x01, 0x4D, 0xFF, 0xE1, 0x01, 0x50, 0x00, 0x10, 0x01, 0x51, 0x00, 0x10, 0x01, 0x58,
    0xFF, 0xE9, 0x01, 0x62, 0xFF, 0xDF, 0x01, 0x64, 0xFF, 0xDE, 0x01, 0x66, 0x00, 0x10, 0x01, 0x6A,
    0xFF, 0xE8, 0x01, 0x6C, 0xFF, 0xDF, 0x01, 0x6E, 0xFF, 0xF2, 0x01, 0x6F, 0x00, 0x10, 0x01, 0x70,
    0x00, 0x10, 0x02, 0x0E, 0x00, 0x10, 0x02, 0x0F, 0x00, 0x10, 0x02, 0x10, 0x00, 0x10, 0x02, 0x11,
    0x00, 0x10, 0x02, 0x12, 0x00, 0x10, 0x02, 0x13, 0x00, 0x10, 0x02, 0x14, 0x00, 0x10, 0x02, 0x15,
    0xFF, 0xE8, 0x02, 0x1F, 0xFF, 0xE8, 0x02, 0x20, 0xFF, 0xE8, 0x02, 0x21, 0xFF, 0xE8, 0x02, 0x22,
    0xFF, 0xE8, 0x02, 0x23, 0xFF, 0xE8, 0x02, 0x28, 0xFF, 0xDF, 0x02, 0x45, 0x00, 0x10, 0x02, 0x47,
    0x00, 0x10, 0x02, 0x49, 0x00, 0x10, 0x02, 0x4B, 0xFF, 0xE8, 0x02, 0x4D, 0xFF, 0xE8, 0x02, 0x4F,
    0xFF, 0xE8, 0x02, 0x51, 0xFF, 0xE8, 0x02, 0x5F, 0xFF, 0xE8, 0x02, 0x61, 0xFF, 0xE8, 0x02, 0x63,
    0xFF, 0xE8, 0x02, 0x65, 0xFF, 0xE8, 0x02, 0x87, 0xFF, 0xE8, 0x02, 0x89, 0xFF, 0xE8, 0x02, 0x8B,
    0xFF, 0xE8, 0x02, 0x9D, 0xFF, 0xE0, 0x02, 0x9F, 0xFF, 0xE0, 0x02, 0xA1, 0xFF, 0xE0, 0x02, 0xB1,
    0xFF, 0xDF, 0x02, 0xB3, 0xFF, 0xDF, 0x02, 0xBC, 0xFF, 0xE8, 0x02, 0xBE, 0x00, 0x10, 0x02, 0xC2,
    0xFF, 0xE8, 0x02, 0xC3, 0xFF, 0xDF, 0x02, 0xC6, 0x00, 0x10, 0x02, 0xCF, 0xFF, 0xE8, 0x02, 0xD2,
    0xFF, 0xDF, 0x02, 0xD5, 0xFF, 0xDF, 0x02, 0xEE, 0x00, 0x10, 0x02, 0xF5, 0xFF, 0xE8, 0x02, 0xF8,
    0xFF, 0xE8, 0x02, 0xF9, 0xFF, 0xE0, 0x03, 0x11, 0xFF, 0xDF, 0x03, 0x1A, 0x00, 0x10, 0x03, 0x22,
    0xFF, 0xE0, 0x03, 0x25, 0xFF, 0xE8, 0x03, 0x28, 0xFF, 0xE8, 0x03, 0x2A, 0xFF, 0xDF, 0x03, 0x30,
    0x00, 0x10, 0x03, 0x32, 0x00, 0x10, 0x03, 0x43, 0xFF, 0xE8, 0x03, 0x45, 0xFF, 0xE8, 0x03, 0x47,
    0xFF, 0xE8, 0x03, 0x51, 0xFF, 0xE1, 0x03, 0x52, 0xFF, 0xE0, 0x03, 0x56, 0x00, 0x10, 0x03, 0x58,
    0x00, 0x10, 0x03, 0x5A, 0x00, 0x10, 0x03, 0x5C, 0x00, 0x10, 0x03, 0x5E, 0x00, 0x10, 0x03, 0x60,
    0x00, 0x10, 0x03, 0x62, 0x00, 0x10, 0x03, 0x64, 0x00, 0x10, 0x03, 0x66, 0x00, 0x10, 0x03, 0x68,
    0x00, 0x10, 0x03, 0x6A, 0x00, 0x10, 0x03, 0x6C, 0x00, 0x10, 0x03, 0x82, 0xFF, 0xE8, 0x03, 0x84,
    0xFF, 0xE8, 0x03, 0x86, 0xFF, 0xE8, 0x03, 0x88, 0xFF, 0xE8, 0x03, 0x8A, 0xFF, 0xE8, 0x03, 0x8C,
    0xFF, 0xE8, 0x03, 0x8E, 0xFF, 0xE8, 0x03, 0x90, 0xFF, 0xE8, 0x03, 0x92, 0xFF, 0xE8, 0x03, 0x94,
    0xFF, 0xE8, 0x03, 0x96, 0xFF, 0xE8, 0x03, 0x98, 0xFF, 0xE8, 0x03, 0xA8, 0xFF, 0xDF, 0x03, 0xAA,
    0xFF, 0xDF, 0x03, 0xAC, 0xFF, 0xDF, 0x03, 0xAF, 0xFF, 0xE0, 0x03, 0xB1, 0xFF, 0xE1, 0x03, 0xB2,
    0xFF, 0xE0, 0x03, 0xBE, 0xFF, 0xDF, 0x03, 0xD1, 0x00, 0x10, 0x03, 0xD7, 0xFF, 0xE8, 0x03, 0xF0,
    0xFF, 0xE8, 0x03, 0xF7, 0xFF, 0xE0, 0x03, 0xFA, 0xFF, 0xE0, 0x03, 0xFC, 0xFF, 0xE0, 0x00, 0x6A,
    0x00, 0x38, 0xFF, 0xE6, 0x00, 0x3A, 0xFF, 0xE7, 0x00, 0x3C, 0xFF, 0xF2, 0x00, 0x3D, 0xFF, 0xE7,
    0x00, 0x51, 0xFF, 0xE4, 0x00, 0x52, 0xFF, 0xE4, 0x00, 0x54, 0xFF, 0xE4, 0x00, 0x5C, 0xFF, 0xF1,
    0x00, 0xC1, 0xFF, 0xE4, 0x00, 0xD2, 0xFF, 0xE6, 0x00, 0xD6, 0xFF, 0xE6, 0x00, 0xDA, 0xFF, 0xF2,
    0x00, 0xDE, 0xFF, 0xEE, 0x00, 0xE1, 0xFF, 0xE8, 0x00, 0xE6, 0xFF, 0xE6, 0x00, 0xEC, 0xFF, 0xE4,
    0x00, 0xEE, 0xFF, 0xF1, 0x00, 0xF0, 0xFF, 0xE4, 0x00, 0xF1, 0xFF, 0xE4, 0x00, 0xF3, 0xFF, 0xE4,
    0x00, 0xF4, 0xFF, 0xE4, 0x00, 0xF5, 0xFF, 0xE4, 0x00, 0xF6, 0xFF, 0xD0, 0x00, 0xF8, 0xFF, 0xE4,
    0x00, 0xFA, 0xFF, 0xE4, 0x00, 0xFB, 0xFF, 0xE4, 0x00, 0xFE, 0xFF, 0xE4, 0x01, 0x00, 0xFF, 0xE4,
    0x01, 0x05, 0xFF, 0xE4, 0x01, 0x19, 0xFF, 0xE7, 0x01, 0x2B, 0xFF, 0xE4, 0x01, 0x33, 0xFF, 0xF2,
    0x01, 0x34, 0xFF, 0xF1, 0x01, 0x36, 0xFF, 0xE4, 0x01, 0x39, 0xFF, 0xE6, 0x01, 0x3A, 0xFF, 0xCE,
    0x01, 0x3C, 0xFF, 0xE4, 0x01, 0x3E, 0xFF, 0xE4, 0x01, 0x43, 0xFF, 0xF2, 0x01, 0x44, 0xFF, 0xF1,
    0x01, 0x45, 0xFF, 0xE6, 0x01, 0x47, 0xFF, 0xE8, 0x01, 0x49, 0xFF, 0xE8, 0x01, 0x53, 0xFF, 0xE4,
    0x01, 0x55, 0xFF, 0xE4, 0x01, 0x57, 0xFF, 0xE4, 0x01, 0x5C, 0xFF, 0xE4, 0x01, 0x5D, 0xFF, 0xF2,
    0x01, 0x5E, 0xFF, 0xF1, 0x01, 0x62, 0xFF, 0xE7, 0x01, 0x64, 0xFF, 0xED, 0x01, 0x6C, 0xFF, 0xE6,
    0x01, 0x6D, 0xFF, 0xD0, 0x02, 0x28, 0xFF, 0xE7, 0x02, 0x39, 0xFF, 0xE4, 0x02, 0x81, 0xFF, 0xE4,
    0x02, 0x83, 0xFF, 0xE4, 0x02, 0x85, 0xFF, 0xE4, 0x02, 0x86, 0xFF, 0xE4, 0x02, 0x9D, 0xFF, 0xE6,
    0x02, 0x9F, 0xFF, 0xE6, 0x02, 0xA1, 0xFF, 0xE6, 0x02, 0xB1, 0xFF, 0xE7, 0x02, 0xB3, 0xFF, 0xE7,
    0x02, 0xC3, 0xFF, 0xE7, 0x02, 0xD2, 0xFF, 0xE7, 0x02, 0xD3, 0xFF, 0xF2, 0x02, 0xD5, 0xFF, 0xE7,
    0x02, 0xD8, 0xFF, 0xE4, 0x02, 0xED, 0xFF, 0xEE, 0x02, 0xF9, 0xFF, 0xE6, 0x02, 0xFA, 0xFF, 0xF2,
    0x02, 0xFD, 0xFF, 0xE4, 0x02, 0xFF, 0xFF, 0xE4, 0x03, 0x02, 0xFF, 0xF1, 0x03, 0x04, 0xFF, 0xE4,
    0x03, 0x09, 0xFF, 0xE4, 0x03, 0x11, 0xFF, 0xE7, 0x03, 0x19, 0xFF, 0xE4, 0x03, 0x1F, 0xFF, 0xE4,
    0x03, 0x22, 0xFF, 0xE7, 0x03, 0x2A, 0xFF, 0xE7, 0x03, 0x2D, 0xFF, 0xF2, 0x03, 0x2E, 0xFF, 0xF1,
    0x03, 0x3B, 0xFF, 0xF2, 0x03, 0x3C, 0xFF, 0xF1, 0x03, 0x40, 0xFF, 0xE4, 0x03, 0x42, 0xFF, 0xE4,
    0x03, 0x4B, 0xFF, 0xEE, 0x03, 0x4D, 0xFF, 0xEE, 0x03, 0x4F, 0xFF, 0xEE, 0x03, 0x51, 0xFF, 0xE8,
    0x03, 0x54, 0xFF, 0xE4, 0x03, 0xA8, 0xFF, 0xE7, 0x03, 0xAA, 0xFF, 0xE7, 0x03, 0xAC, 0xFF, 0xE7,
    0x03, 0xAF, 0xFF, 0xE6, 0x03, 0xB1, 0xFF, 0xE8, 0x03, 0xB4, 0xFF, 0xE4, 0x03, 0xBE, 0xFF, 0xE7,
    0x03, 0xD0, 0xFF, 0xE4, 0x03, 0xED, 0xFF, 0xE4, 0x03, 0xEF, 0xFF, 0xE4, 0x03, 0xF7, 0xFF, 0xE6,
    0x03, 0xFA, 0xFF, 0xE7, 0x03, 0xFC, 0xFF, 0xE7, 0x00, 0x53, 0x00, 0x38, 0xFF, 0xBE, 0x00, 0x51,
    0xFF, 0xEB, 0x00, 0x52, 0xFF, 0xEB, 0x00, 0x54, 0xFF, 0xEB, 0x00, 0x5A, 0xFF, 0xEF, 0x00, 0x5D,
    0xFF, 0xEF, 0x00, 0xBD, 0xFF, 0xEF, 0x00, 0xC1, 0xFF, 0xEB, 0x00, 0xD2, 0xFF, 0xBE, 0x00, 0xD6,
    0xFF, 0xBE, 0x00, 0xE6, 0xFF, 0xC9, 0x00, 0xEC, 0xFF, 0xEB, 0x00, 0xF0, 0xFF, 0xEB, 0x00, 0xF1,
    0xFF, 0xEB, 0x00, 0xF3, 0xFF, 0xEB, 0x00, 0xF4, 0xFF, 0xEB, 0x00, 0xF5, 0xFF, 0xEB, 0x00, 0xF6,
    0xFF, 0xDF, 0x00, 0xF8, 0xFF, 0xEB, 0x00, 0xFA, 0xFF, 0xEB, 0x00, 0xFB, 0xFF, 0xEB, 0x00, 0xFE,
    0xFF, 0xEB, 0x01, 0x00, 0xFF, 0xEB, 0x01, 0x05, 0xFF, 0xEB, 0x01, 0x09, 0xFF, 0xED, 0x01, 0x1A,
    0xFF, 0xEF, 0x01, 0x20, 0xFF, 0xEB, 0x01, 0x2B, 0xFF, 0xEB, 0x01, 0x36, 0xFF, 0xEB, 0x01, 0x39,
    0xFF, 0xBE, 0x01, 0x3A, 0xFF, 0xDF, 0x01, 0x3C, 0xFF, 0xEB, 0x01, 0x3E, 0xFF, 0xEB, 0x01, 0x45,
    0xFF, 0xBE, 0x01, 0x4C, 0xFF, 0xE9, 0x01, 0x53, 0xFF, 0xEB, 0x01, 0x55, 0xFF, 0xEB, 0x01, 0x57,
    0xFF, 0xEB, 0x01, 0x5C, 0xFF, 0xEB, 0x01, 0x63, 0xFF, 0xF5, 0x01, 0x6D, 0xFF, 0xE0, 0x02, 0x39,
    0xFF, 0xEB, 0x02, 0x43, 0xFF, 0xEF, 0x02, 0x44, 0xFF, 0xEF, 0x02, 0x81, 0xFF, 0xEB, 0x02, 0x83,
    0xFF, 0xEB, 0x02, 0x85, 0xFF, 0xEB, 0x02, 0x86, 0xFF, 0xEB, 0x02, 0x9D, 0xFF, 0xBE, 0x02, 0x9F,
    0xFF, 0xBE, 0x02, 0xA1, 0xFF, 0xBE, 0x02, 0xB2, 0xFF, 0xEF, 0x02, 0xD8, 0xFF, 0xEB, 0x02, 0xDE,
    0xFF, 0xEF, 0x02, 0xF9, 0xFF, 0xBE, 0x02, 0xFD, 0xFF, 0xEB, 0x02, 0xFF, 0xFF, 0xEB, 0x03, 0x01,
    0xFF, 0xEF, 0x03, 0x04, 0xFF, 0xEB, 0x03, 0x09, 0xFF, 0xEB, 0x03, 0x0A, 0xFF, 0xEF, 0x03, 0x12,
    0xFF, 0xEF, 0x03, 0x19, 0xFF, 0xEB, 0x03, 0x1F, 0xFF, 0xEB, 0x03, 0x23, 0xFF, 0xEF, 0x03, 0x2B,
    0xFF, 0xEF, 0x03, 0x40, 0xFF, 0xEB, 0x03, 0x42, 0xFF, 0xEB, 0x03, 0x4C, 0xFF, 0xEF, 0x03, 0x4E,
    0xFF, 0xEF, 0x03, 0x50, 0xFF, 0xEF, 0x03, 0x54, 0xFF, 0xEB, 0x03, 0xA9, 0xFF, 0xEF, 0x03, 0xAB,
    0xFF, 0xEF, 0x03, 0xAD, 0xFF, 0xEF, 0x03, 0xAF, 0xFF, 0xBE, 0x03, 0xB4, 0xFF, 0xEB, 0x03, 0xD0,
    0xFF, 0xEB, 0x03, 0xED, 0xFF, 0xEB, 0x03, 0xEF, 0xFF, 0xEB, 0x03, 0xF7, 0xFF, 0xBE, 0x03, 0xFB,
    0xFF, 0xEF, 0x03, 0xFD, 0xFF, 0xEF, 0x00, 0x75, 0x00, 0x06, 0xFF, 0xB6, 0x00, 0x0B, 0xFF, 0xB6,
    0x00, 0x38, 0xFF, 0x68, 0x00, 0x3A, 0xFF, 0xC6, 0x00, 0x3C, 0xFF, 0xF1, 0x00, 0x3D, 0xFF, 0xAA,
    0x00, 0x51, 0xFF, 0xDF, 0x00, 0x52, 0xFF, 0xDF, 0x00, 0x54, 0xFF, 0xDF, 0x00, 0x5C, 0xFF, 0xE3,
    0x00, 0xC1, 0xFF, 0xDF, 0x00, 0xD2, 0xFF, 0x68, 0x00, 0xD6, 0xFF, 0x68, 0x00, 0xDA, 0xFF, 0xF1,
    0x00, 0xDE, 0xFF, 0xEC, 0x00, 0xE1, 0xFF, 0xE3, 0x00, 0xE6, 0xFF, 0xC2, 0x00, 0xEC, 0xFF, 0xDF,
    0x00, 0xEE, 0xFF, 0xE3, 0x00, 0xF0, 0xFF, 0xDF, 0x00, 0xF1, 0xFF, 0xDF, 0x00, 0xF3, 0xFF, 0xDF,
    0x00, 0xF4, 0xFF, 0xDF, 0x00, 0xF5, 0xFF, 0xDF, 0x00, 0xF6, 0xFF, 0xC9, 0x00, 0xF8, 0xFF, 0xDF,
    0x00, 0xFA, 0xFF, 0xDF, 0x00, 0xFB, 0xFF, 0xDF, 0x00, 0xFE, 0xFF, 0xDF, 0x01, 0x00, 0xFF, 0xDF,
    0x01, 0x05, 0xFF, 0xDF, 0x01, 0x19, 0xFF, 0xC6, 0x01, 0x2B, 0xFF, 0xDF, 0x01, 0x33, 0xFF, 0xF1,
    0x01, 0x34, 0xFF, 0xE3, 0x01, 0x36, 0xFF, 0xDF, 0x01, 0x39, 0xFF, 0x68, 0x01, 0x3A, 0xFF, 0xC5,
    0x01, 0x3C, 0xFF, 0xDF, 0x01, 0x3E, 0xFF, 0xDF, 0x01, 0x43, 0xFF, 0xF1, 0x01, 0x44, 0xFF, 0xE3,
    0x01, 0x45, 0xFF, 0x68, 0x01, 0x47, 0xFF, 0xE3, 0x01, 0x49, 0xFF, 0xE3, 0x01, 0x4C, 0xFF, 0xDF,
    0x01, 0x53, 0xFF, 0xDF, 0x01, 0x55, 0xFF, 0xDF, 0x01, 0x57, 0xFF, 0xDF, 0x01, 0x5C, 0xFF, 0xDF,
    0x01, 0x5D, 0xFF, 0xF1, 0x01, 0x5E, 0xFF, 0xE3, 0x01, 0x62, 0xFF, 0xCE, 0x01, 0x64, 0xFF, 0xE9,
    0x01, 0x6C, 0xFF, 0x9F, 0x01, 0x6D, 0xFF, 0xCA, 0x01, 0x85, 0xFF, 0xB6, 0x01, 0x86, 0xFF, 0xB6,
    0x01, 0x88, 0xFF, 0xB6, 0x01, 0x89, 0xFF, 0xB6, 0x01, 0x8A, 0xFF, 0xB6, 0x02, 0x28, 0xFF, 0xAA,
    0x02, 0x39, 0xFF, 0xDF, 0x02, 0x81, 0xFF, 0xDF, 0x02, 0x83, 0xFF, 0xDF, 0x02, 0x85, 0xFF, 0xDF,
    0x02, 0x86, 0xFF, 0xDF, 0x02, 0x9D, 0xFF, 0x68, 0x02, 0x9F, 0xFF, 0x68, 0x02, 0xA1, 0xFF, 0x68,
    0x02, 0xB1, 0xFF, 0xAA, 0x02, 0xB3, 0xFF, 0xAA, 0x02, 0xC3, 0xFF, 0xAA, 0x02, 0xD2, 0xFF, 0xAA,
    0x02, 0xD3, 0xFF, 0xF1, 0x02, 0xD5, 0xFF, 0xAA, 0x02, 0xD8, 0xFF, 0xDF, 0x02, 0xED, 0xFF, 0xEC,
    0x02, 0xF9, 0xFF, 0x68, 0x02, 0xFA, 0xFF, 0xF1, 0x02, 0xFD, 0xFF, 0xDF, 0x02, 0xFF, 0xFF, 0xDF,
    0x03, 0x02, 0xFF, 0xE3, 0x03, 0x04, 0xFF, 0xDF, 0x03, 0x09, 0xFF, 0xDF, 0x03, 0x11, 0xFF, 0xAA,
    0x03, 0x13, 0xFF, 0xB6, 0x03, 0x14, 0xFF, 0xB6, 0x03, 0x17, 0xFF, 0xB6, 0x03, 0x19, 0xFF, 0xDF,
    0x03, 0x1F, 0xFF, 0xDF, 0x03, 0x22, 0xFF, 0xC6, 0x03, 0x2A, 0xFF, 0xAA, 0x03, 0x2D, 0xFF, 0xF1,
    0x03, 0x2E, 0xFF, 0xE3, 0x03, 0x3B, 0xFF, 0xF1, 0x03, 0x3C, 0xFF, 0xE3, 0x03, 0x40, 0xFF, 0xDF,
    0x03, 0x42, 0xFF, 0xDF, 0x03, 0x4B, 0xFF, 0xEC, 0x03, 0x4D, 0xFF, 0xEC, 0x03, 0x4F, 0xFF, 0xEC,
    0x03, 0x51, 0xFF, 0xE3, 0x03, 0x54, 0xFF, 0xDF, 0x03, 0xA8, 0xFF, 0xAA, 0x03, 0xAA, 0xFF, 0xAA,
    0x03, 0xAC, 0xFF, 0xAA, 0x03, 0xAF, 0xFF, 0x68, 0x03, 0xB1, 0xFF, 0xE3, 0x03, 0xB4, 0xFF, 0xDF,
    0x03, 0xBE, 0xFF, 0xAA, 0x03, 0xD0, 0xFF, 0xDF, 0x03, 0xED, 0xFF, 0xDF, 0x03, 0xEF, 0xFF, 0xDF,
    0x03, 0xF7, 0xFF, 0x68, 0x03, 0xFA, 0xFF, 0xC6, 0x03, 0xFC, 0xFF, 0xC6, 0x00, 0x68, 0x00, 0x38,
    0xFF, 0x67, 0x00, 0x3A, 0xFF, 0xC7, 0x00, 0x3C, 0xFF, 0xF0, 0x00, 0x3D, 0xFF, 0xAC, 0x00, 0x51,
    0xFF, 0xE1, 0x00, 0x52, 0xFF, 0xE1, 0x00, 0x54, 0xFF, 0xE1, 0x00, 0xC1, 0xFF, 0xE1, 0x00, 0xD2,
    0xFF, 0x67, 0x00, 0xD4, 0xFF, 0xF5, 0x00, 0xD6, 0xFF, 0x67, 0x00, 0xDA, 0xFF, 0xF0, 0x00, 0xDD,
    0xFF, 0xF5, 0x00, 0xDE, 0xFF, 0xEA, 0x00, 0xE1, 0xFF, 0xE6, 0x00, 0xE6, 0xFF, 0xC2, 0x00, 0xEC,
    0xFF, 0xE1, 0x00, 0xF0, 0xFF, 0xE1, 0x00, 0xF1, 0xFF, 0xE1, 0x00, 0xF3, 0xFF, 0xE1, 0x00, 0xF4,
    0xFF, 0xE1, 0x00, 0xF5, 0xFF, 0xE1, 0x00, 0xF6, 0xFF, 0xCE, 0x00, 0xF8, 0xFF, 0xE1, 0x00, 0xFA,
    0xFF, 0xE1, 0x00, 0xFB, 0xFF, 0xE1, 0x00, 0xFE, 0xFF, 0xE1, 0x01, 0x00, 0xFF, 0xE1, 0x01, 0x05,
    0xFF, 0xE1, 0x01, 0x19, 0xFF, 0xC7, 0x01, 0x2B, 0xFF, 0xE1, 0x01, 0x33, 0xFF, 0xF0, 0x01, 0x36,
    0xFF, 0xE1, 0x01, 0x39, 0xFF, 0x67, 0x01, 0x3A, 0xFF, 0xCD, 0x01, 0x3C, 0xFF, 0xE1, 0x01, 0x3E,
    0xFF, 0xE1, 0x01, 0x43, 0xFF, 0xF0, 0x01, 0x45, 0xFF, 0x67, 0x01, 0x47, 0xFF, 0xE6, 0x01, 0x49,
    0xFF, 0xE6, 0x01, 0x4C, 0xFF, 0xDF, 0x01, 0x50, 0xFF, 0xF5, 0x01, 0x53, 0xFF, 0xE1, 0x01, 0x55,
    0xFF, 0xE1, 0x01, 0x57, 0xFF, 0xE1, 0x01, 0x5C, 0xFF, 0xE1, 0x01, 0x5D, 0xFF, 0xF0, 0x01, 0x62,
    0xFF, 0xCF, 0x01, 0x64, 0xFF, 0xEB, 0x01, 0x66, 0xFF, 0xF5, 0x01, 0x6C, 0xFF, 0x9F, 0x01, 0x6D,
    0xFF, 0xCF, 0x01, 0x6F, 0xFF, 0xF5, 0x02, 0x28, 0xFF, 0xAC, 0x02, 0x39, 0xFF, 0xE1, 0x02, 0x81,
    0xFF, 0xE1, 0x02, 0x83, 0xFF, 0xE1, 0x02, 0x85, 0xFF, 0xE1, 0x02, 0x86, 0xFF, 0xE1, 0x02, 0x9D,
    0xFF, 0x67, 0x02, 0x9F, 0xFF, 0x67, 0x02, 0xA1, 0xFF, 0x67, 0x02, 0xB1, 0xFF, 0xAC, 0x02, 0xB3,
    0xFF, 0xAC, 0x02, 0xC3, 0xFF, 0xAC, 0x02, 0xD2, 0xFF, 0xAC, 0x02, 0xD3, 0xFF, 0xF0, 0x02, 0xD5,
    0xFF, 0xAC, 0x02, 0xD8, 0xFF, 0xE1, 0x02, 0xED, 0xFF, 0xEA, 0x02, 0xF9, 0xFF, 0x67, 0x02, 0xFA,
    0xFF, 0xF0, 0x02, 0xFD, 0xFF, 0xE1, 0x02, 0xFF, 0xFF, 0xE1, 0x03, 0x04, 0xFF, 0xE1, 0x03, 0x09,
    0xFF, 0xE1, 0x03, 0x11, 0xFF, 0xAC, 0x03, 0x19, 0xFF, 0xE1, 0x03, 0x1F, 0xFF, 0xE1, 0x03, 0x22,
    0xFF, 0xC7, 0x03, 0x2A, 0xFF, 0xAC, 0x03, 0x2D, 0xFF, 0xF0, 0x03, 0x3B, 0xFF, 0xF0, 0x03, 0x40,
    0xFF, 0xE1, 0x03, 0x42, 0xFF, 0xE1, 0x03, 0x4B, 0xFF, 0xEA, 0x03, 0x4D, 0xFF, 0xEA, 0x03, 0x4F,
    0xFF, 0xEA, 0x03, 0x51, 0xFF, 0xE6, 0x03, 0x54, 0xFF, 0xE1, 0x03, 0xA8, 0xFF, 0xAC, 0x03, 0xAA,
    0xFF, 0xAC, 0x03, 0xAC, 0xFF, 0xAC, 0x03, 0xAF, 0xFF, 0x67, 0x03, 0xB1, 0xFF, 0xE6, 0x03, 0xB4,
    0xFF, 0xE1, 0x03, 0xBE, 0xFF, 0xAC, 0x03, 0xD0, 0xFF, 0xE1, 0x03, 0xED, 0xFF, 0xE1, 0x03, 0xEF,
    0xFF, 0xE1, 0x03, 0xF7, 0xFF, 0x67, 0x03, 0xFA, 0xFF, 0xC7, 0x03, 0xFC, 0xFF, 0xC7, 0x00, 0x8C,
    0x00, 0x06, 0xFF, 0xCA, 0x00, 0x0B, 0xFF, 0xCA, 0x00, 0x38, 0xFF, 0xD2, 0x00, 0x3A, 0xFF, 0xD4,
    0x00, 0x3C, 0xFF, 0xF4, 0x00, 0x3D, 0xFF, 0xD3, 0x00, 0x51, 0xFF, 0xF1, 0x00, 0x52, 0xFF, 0xF1,
    0x00, 0x54, 0xFF, 0xF1, 0x00, 0x5A, 0xFF, 0xE6, 0x00, 0x5C, 0xFF, 0xEF, 0x00, 0x5D, 0xFF, 0xE6,
    0x00, 0xBD, 0xFF, 0xE6, 0x00, 0xC1, 0xFF, 0xF1, 0x00, 0xD2, 0xFF, 0xD2, 0x00, 0xD6, 0xFF, 0xD2,
    0x00, 0xDA, 0xFF, 0xF4, 0x00, 0xDE, 0xFF, 0xED, 0x00, 0xE1, 0xFF, 0xE1, 0x00, 0xE6, 0xFF, 0xD4,
    0x00, 0xEC, 0xFF, 0xF1, 0x00, 0xEE, 0xFF, 0xEF, 0x00, 0xF0, 0xFF, 0xF1, 0x00, 0xF1, 0xFF, 0xF1,
    0x00, 0xF3, 0xFF, 0xF1, 0x00, 0xF4, 0xFF, 0xF1, 0x00, 0xF5, 0xFF, 0xF1, 0x00, 0xF6, 0xFF, 0xC9,
    0x00, 0xF8, 0xFF, 0xF1, 0x00, 0xFA, 0xFF, 0xF1, 0x00, 0xFB, 0xFF, 0xF1, 0x00, 0xFE, 0xFF, 0xD1,
    0x01, 0x00, 0xFF, 0xF1, 0x01, 0x05, 0xFF, 0xF1, 0x01, 0x09, 0xFF, 0xE5, 0x01, 0x19, 0xFF, 0xD4,
    0x01, 0x1A, 0xFF, 0xE6, 0x01, 0x20, 0xFF, 0xE3, 0x01, 0x2B, 0xFF, 0xF1, 0x01, 0x33, 0xFF, 0xF4,
    0x01, 0x34, 0xFF, 0xEF, 0x01, 0x36, 0xFF, 0xF1, 0x01, 0x39, 0xFF, 0xD2, 0x01, 0x3A, 0xFF, 0xC4,
    0x01, 0x3C, 0xFF, 0xF1, 0x01, 0x3E, 0xFF, 0xF1, 0x01, 0x43, 0xFF, 0xF4, 0x01, 0x44, 0xFF, 0xEF,
    0x01, 0x45, 0xFF, 0xD2, 0x01, 0x47, 0xFF, 0xE1, 0x01, 0x49, 0xFF, 0xE1, 0x01, 0x53, 0xFF, 0xF1,
    0x01, 0x55, 0xFF, 0xF1, 0x01, 0x57, 0xFF, 0xF1, 0x01, 0x5C, 0xFF, 0xF1, 0x01, 0x5D, 0xFF, 0xF4,
    0x01, 0x5E, 0xFF, 0xEF, 0x01, 0x62, 0xFF, 0xD4, 0x01, 0x63, 0xFF, 0xF5, 0x01, 0x64, 0xFF, 0xE7,
    0x01, 0x6C, 0xFF, 0x87, 0x01, 0x6D, 0xFF, 0xC9, 0x01, 0x85, 0xFF, 0xCA, 0x01, 0x86, 0xFF, 0xCA,
    0x01, 0x88, 0xFF, 0xCA, 0x01, 0x89, 0xFF, 0xCA, 0x01, 0x8A, 0xFF, 0xCA, 0x02, 0x28, 0xFF, 0xD3,
    0x02, 0x39, 0xFF, 0xF1, 0x02, 0x43, 0xFF, 0xE6, 0x02, 0x44, 0xFF, 0xE6, 0x02, 0x81, 0xFF, 0xF1,
    0x02, 0x83, 0xFF, 0xF1, 0x02, 0x85, 0xFF, 0xF1, 0x02, 0x86, 0xFF, 0xF1, 0x02, 0x9D, 0xFF, 0xD2,
    0x02, 0x9F, 0xFF, 0xD2, 0x02, 0xA1, 0xFF, 0xD2, 0x02, 0xB1, 0xFF, 0xD3, 0x02, 0xB2, 0xFF, 0xE6,
    0x02, 0xB3, 0xFF, 0xD3, 0x02, 0xC3, 0xFF, 0xD3, 0x02, 0xD2, 0xFF, 0xD3, 0x02, 0xD3, 0xFF, 0xF4,
    0x02, 0xD5, 0xFF, 0xD3, 0x02, 0xD8, 0xFF, 0xF1, 0x02, 0xDE, 0xFF, 0xE6, 0x02, 0xED, 0xFF, 0xED,
    0x02, 0xF9, 0xFF, 0xD2, 0x02, 0xFA, 0xFF, 0xF4, 0x02, 0xFD, 0xFF, 0xF1, 0x02, 0xFF, 0xFF, 0xF1,
    0x03, 0x01, 0xFF, 0xE6, 0x03, 0x02, 0xFF, 0xEF, 0x03, 0x04, 0xFF, 0xF1, 0x03, 0x09, 0xFF, 0xF1,
    0x03, 0x0A, 0xFF, 0xE6, 0x03, 0x11, 0xFF, 0xD3, 0x03, 0x12, 0xFF, 0xE6, 0x03, 0x13, 0xFF, 0xCA,
    0x03, 0x14, 0xFF, 0xCA, 0x03, 0x17, 0xFF, 0xCA, 0x03, 0x19, 0xFF, 0xF1, 0x03, 0x1F, 0xFF, 0xF1,
    0x03, 0x22, 0xFF, 0xD4, 0x03, 0x23, 0xFF, 0xE6, 0x03, 0x2A, 0xFF, 0xD3, 0x03, 0x2B, 0xFF, 0xE6,
    0x03, 0x2D, 0xFF, 0xF4, 0x03, 0x2E, 0xFF, 0xEF, 0x03, 0x3B, 0xFF, 0xF4, 0x03, 0x3C, 0xFF, 0xEF,
    0x03, 0x40, 0xFF, 0xF1, 0x03, 0x42, 0xFF, 0xF1, 0x03, 0x4B, 0xFF, 0xED, 0x03, 0x4C, 0xFF, 0xE6,
    0x03, 0x4D, 0xFF, 0xED, 0x03, 0x4E, 0xFF, 0xE6, 0x03, 0x4F, 0xFF, 0xED, 0x03, 0x50, 0xFF, 0xE6,
    0x03, 0x51, 0xFF, 0xE1, 0x03, 0x54, 0xFF, 0xF1, 0x03, 0xA8, 0xFF, 0xD3, 0x03, 0xA9, 0xFF, 0xE6,
    0x03, 0xAA, 0xFF, 0xD3, 0x03, 0xAB, 0xFF, 0xE6, 0x03, 0xAC, 0xFF, 0xD3, 0x03, 0xAD, 0xFF, 0xE6,
    0x03, 0xAF, 0xFF, 0xD2, 0x03, 0xB1, 0xFF, 0xE1, 0x03, 0xB4, 0xFF, 0xF1, 0x03, 0xBE, 0xFF, 0xD3,
    0x03, 0xD0, 0xFF, 0xF1, 0x03, 0xED, 0xFF, 0xF1, 0x03, 0xEF, 0xFF, 0xF1, 0x03, 0xF7, 0xFF, 0xD2,
    0x03, 0xFA, 0xFF, 0xD4, 0x03, 0xFB, 0xFF, 0xE6, 0x03, 0xFC, 0xFF, 0xD4, 0x03, 0xFD, 0xFF, 0xE6,
    0x00, 0x22, 0x00, 0x5A, 0xFF, 0xF4, 0x00, 0x5C, 0xFF, 0xF2, 0x00, 0x5D, 0xFF, 0xF4, 0x00, 0x5E,
    0xFF, 0xF3, 0x00, 0xBD, 0xFF, 0xF4, 0x00, 0xEE, 0xFF, 0xF2, 0x01, 0x1A, 0xFF, 0xF4, 0x01, 0x34,
    0xFF, 0xF2, 0x01, 0x44, 0xFF, 0xF2, 0x01, 0x5E, 0xFF, 0xF2, 0x02, 0x43, 0xFF, 0xF4, 0x02, 0x44,
    0xFF, 0xF4, 0x02, 0xB2, 0xFF, 0xF4, 0x02, 0xB5, 0xFF, 0xF3, 0x02, 0xB7, 0xFF, 0xF3, 0x02, 0xB9,
    0xFF, 0xF3, 0x02, 0xDE, 0xFF, 0xF4, 0x03, 0x01, 0xFF, 0xF4, 0x03, 0x02, 0xFF, 0xF2, 0x03, 0x0A,
    0xFF, 0xF4, 0x03, 0x12, 0xFF, 0xF4, 0x03, 0x23, 0xFF, 0xF4, 0x03, 0x2B, 0xFF, 0xF4, 0x03, 0x2E,
    0xFF, 0xF2, 0x03, 0x3C, 0xFF, 0xF2, 0x03, 0x4C, 0xFF, 0xF4, 0x03, 0x4E, 0xFF, 0xF4, 0x03, 0x50,
    0xFF, 0xF4, 0x03, 0xA9, 0xFF, 0xF4, 0x03, 0xAB, 0xFF, 0xF4, 0x03, 0xAD, 0xFF, 0xF4, 0x03, 0xFB,
    0xFF, 0xF4, 0x03, 0xFD, 0xFF, 0xF4, 0x04, 0x01, 0xFF, 0xF3, 0x00, 0x0D, 0x00, 0x5C, 0xFF, 0xF2,
    0x00, 0x5E, 0xFF, 0xF2, 0x00, 0xEE, 0xFF, 0xF2, 0x01, 0x34, 0xFF, 0xF2, 0x01, 0x44, 0xFF, 0xF2,
    0x01, 0x5E, 0xFF, 0xF2, 0x02, 0xB5, 0xFF, 0xF2, 0x02, 0xB7, 0xFF, 0xF2, 0x02, 0xB9, 0xFF, 0xF2,
    0x03, 0x02, 0xFF, 0xF2, 0x03, 0x2E, 0xFF, 0xF2, 0x03, 0x3C, 0xFF, 0xF2, 0x04, 0x01, 0xFF, 0xF2,
    0x00, 0x0E, 0x00, 0x5C, 0xFF, 0xED, 0x00, 0x5E, 0xFF, 0xED, 0x00, 0xEE, 0xFF, 0xED, 0x00, 0xF6,
    0xFF, 0xB9, 0x01, 0x34, 0xFF, 0xED, 0x01, 0x44, 0xFF, 0xED, 0x01, 0x5E, 0xFF, 0xED, 0x02, 0xB5,
    0xFF, 0xED, 0x02, 0xB7, 0xFF, 0xED, 0x02, 0xB9, 0xFF, 0xED, 0x03, 0x02, 0xFF, 0xED, 0x03, 0x2E,
    0xFF, 0xED, 0x03, 0x3C, 0xFF, 0xED, 0x04, 0x01, 0xFF, 0xED, 0x00, 0x01, 0x00, 0xF6, 0xFF, 0xDF,
    0x00, 0x7C, 0x00, 0x06, 0x00, 0x0C, 0x00, 0x0B, 0x00, 0x0C, 0x00, 0x47, 0xFF, 0xE8, 0x00, 0x48,
    0xFF, 0xE8, 0x00, 0x49, 0xFF, 0xE8, 0x00, 0x4A, 0x00, 0x0C, 0x00, 0x4B, 0xFF, 0xE8, 0x00, 0x53,
    0xFF, 0xEA, 0x00, 0x55, 0xFF, 0xE8, 0x00, 0x5A, 0x00, 0x0B, 0x00, 0x5D, 0x00, 0x0B, 0x00, 0x94,
    0xFF, 0xE8, 0x00, 0x99, 0xFF, 0xE8, 0x00, 0xBB, 0xFF, 0xE8, 0x00, 0xBD, 0x00, 0x0B, 0x00, 0xBE,
    0xFF, 0xFA, 0x00, 0xC4, 0xFF, 0xB4, 0x00, 0xC6, 0x00, 0x0B, 0x00, 0xC8, 0xFF, 0xE8, 0x00, 0xC9,
    0xFF, 0xE8, 0x00, 0xCA, 0x00, 0x0C, 0x00, 0xF7, 0xFF, 0xE8, 0x01, 0x03, 0xFF, 0xE8, 0x01, 0x18,
    0xFF, 0xEA, 0x01, 0x1A, 0x00, 0x0B, 0x01, 0x1E, 0xFF, 0xE8, 0x01, 0x22, 0xFF, 0xE8, 0x01, 0x42,
    0xFF, 0xE8, 0x01, 0x60, 0xFF, 0xE8, 0x01, 0x61, 0xFF, 0xE8, 0x01, 0x6B, 0xFF, 0xE8, 0x01, 0x85,
    0x00, 0x0C, 0x01, 0x86, 0x00, 0x0C, 0x01, 0x88, 0x00, 0x0C, 0x01, 0x89, 0x00, 0x0C, 0x01, 0x8A,
    0x00, 0x0C, 0x02, 0x30, 0xFF, 0xE8, 0x02, 0x31, 0xFF, 0xE8, 0x02, 0x32, 0xFF, 0xE8, 0x02, 0x33,
    0xFF, 0xE8, 0x02, 0x34, 0xFF, 0xE8, 0x02, 0x3A, 0xFF, 0xEA, 0x02, 0x3B, 0xFF, 0xEA, 0x02, 0x3C,
    0xFF, 0xEA, 0x02, 0x3D, 0xFF, 0xEA, 0x02, 0x3E, 0xFF, 0xEA, 0x02, 0x43, 0x00, 0x0B, 0x02, 0x44,
    0x00, 0x0B, 0x02, 0x4C, 0xFF, 0xE8, 0x02, 0x4E, 0xFF, 0xE8, 0x02, 0x50, 0xFF, 0xE8, 0x02, 0x52,
    0xFF, 0xE8, 0x02, 0x54, 0xFF, 0xE8, 0x02, 0x56, 0xFF, 0xE8, 0x02, 0x58, 0xFF, 0xE8, 0x02, 0x5A,
    0xFF, 0xE8, 0x02, 0x5C, 0xFF, 0xE8, 0x02, 0x5E, 0xFF, 0xE8, 0x02, 0x60, 0xFF, 0xE8, 0x02, 0x62,
    0xFF, 0xE8, 0x02, 0x64, 0xFF, 0xE8, 0x02, 0x66, 0xFF, 0xE8, 0x02, 0x88, 0xFF, 0xEA, 0x02, 0x8A,
    0xFF, 0xEA, 0x02, 0x8C, 0xFF, 0xEA, 0x02, 0xB2, 0x00, 0x0B, 0x02, 0xD6, 0xFF, 0xE8, 0x02, 0xDC,
    0xFF, 0xEA, 0x02, 0xDE, 0x00, 0x0B, 0x02, 0xE2, 0xFF, 0xEA, 0x02, 0xFC, 0xFF, 0xE8, 0x02, 0xFE,
    0xFF, 0xEA, 0x03, 0x00, 0xFF, 0xE8, 0x03, 0x01, 0x00, 0x0B, 0x03, 0x03, 0xFF, 0xE8, 0x03, 0x0A,
    0x00, 0x0B, 0x03, 0x12, 0x00, 0x0B, 0x03, 0x13, 0x00, 0x0C, 0x03, 0x14, 0x00, 0x0C, 0x03, 0x17,
    0x00, 0x0C, 0x03, 0x1E, 0xFF, 0xE8, 0x03, 0x23, 0x00, 0x0B, 0x03, 0x24, 0xFF, 0xE8, 0x03, 0x29,
    0xFF, 0xE8, 0x03, 0x2B, 0x00, 0x0B, 0x03, 0x37, 0xFF, 0xE8, 0x03, 0x39, 0xFF, 0xE8, 0x03, 0x3A,
    0xFF, 0xE8, 0x03, 0x44, 0xFF, 0xEA, 0x03, 0x46, 0xFF, 0xE8, 0x03, 0x48, 0xFF, 0xEA, 0x03, 0x4C,
    0x00, 0x0B, 0x03, 0x4E, 0x00, 0x0B, 0x03, 0x50, 0x00, 0x0B, 0x03, 0x55, 0xFF, 0xE8, 0x03, 0x6F,
    0xFF, 0xE8, 0x03, 0x71, 0xFF, 0xE8, 0x03, 0x73, 0xFF, 0xE8, 0x03, 0x75, 0xFF, 0xE8, 0x03, 0x77,
    0xFF, 0xE8, 0x03, 0x79, 0xFF, 0xE8, 0x03, 0x7B, 0xFF, 0xE8, 0x03, 0x7D, 0xFF, 0xE8, 0x03, 0x83,
    0xFF, 0xEA, 0x03, 0x85, 0xFF, 0xEA, 0x03, 0x87, 0xFF, 0xEA, 0x03, 0x89, 0xFF, 0xEA, 0x03, 0x8B,
    0xFF, 0xEA, 0x03, 0x8D, 0xFF, 0xEA, 0x03, 0x8F, 0xFF, 0xEA, 0x03, 0x91, 0xFF, 0xE8, 0x03, 0x93,
    0xFF, 0xE8, 0x03, 0x95, 0xFF, 0xE8, 0x03, 0x97, 0xFF, 0xEA, 0x03, 0x99, 0xFF, 0xE8, 0x03, 0xA9,
    0x00, 0x0B, 0x03, 0xAB, 0x00, 0x0B, 0x03, 0xAD, 0x00, 0x0B, 0x03, 0xD4, 0xFF, 0xE8, 0x03, 0xD8,
    0xFF, 0xEA, 0x03, 0xE1, 0xFF, 0xE8, 0x03, 0xE3, 0xFF, 0xE8, 0x03, 0xFB, 0x00, 0x0B, 0x03, 0xFD,
    0x00, 0x0B, 0x00, 0x01, 0x00, 0xCA, 0x00, 0x19, 0x00, 0x01, 0x00, 0xF6, 0xFF, 0xC7, 0x00, 0x06,
    0x00, 0xCA, 0xFF, 0xEA, 0x00, 0xED, 0xFF, 0xEE, 0x00, 0xF6, 0xFF, 0xC7, 0x00, 0xFE, 0xFF, 0xF3,
    0x01, 0x3A, 0xFF, 0xEC, 0x01, 0x6D, 0xFF, 0xEC, 0x00, 0x47, 0x00, 0x10, 0x00, 0x08, 0x00, 0x12,
    0x00, 0x08, 0x00, 0x47, 0xFF, 0xE7, 0x00, 0x48, 0xFF, 0xE7, 0x00, 0x49, 0xFF, 0xE7, 0x00, 0x4B,
    0xFF, 0xE7, 0x00, 0x55, 0xFF, 0xE7, 0x00, 0x94, 0xFF, 0xE7, 0x00, 0x99, 0xFF, 0xE7, 0x00, 0xBB,
    0xFF, 0xE7, 0x00, 0xC4, 0x00, 0x0F, 0x00, 0xC8, 0xFF, 0xE7, 0x00, 0xC9, 0xFF, 0xE7, 0x00, 0xF7,
    0xFF, 0xE7, 0x01, 0x03, 0xFF, 0xE7, 0x01, 0x1E, 0xFF, 0xE7, 0x01, 0x22, 0xFF, 0xE7, 0x01, 0x42,
    0xFF, 0xE7, 0x01, 0x60, 0xFF, 0xE7, 0x01, 0x61, 0xFF, 0xE7, 0x01, 0x6B, 0xFF, 0xE7, 0x01, 0x87,
    0x00, 0x08, 0x01, 0x8B, 0x00, 0x08, 0x01, 0x8F, 0x00, 0x08, 0x01, 0x90, 0x00, 0x08, 0x02, 0x30,
    0xFF, 0xE7, 0x02, 0x31, 0xFF, 0xE7, 0x02, 0x32, 0xFF, 0xE7, 0x02, 0x33, 0xFF, 0xE7, 0x02, 0x34,
    0xFF, 0xE7, 0x02, 0x4C, 0xFF, 0xE7, 0x02, 0x4E, 0xFF, 0xE7, 0x02, 0x50, 0xFF, 0xE7, 0x02, 0x52,
    0xFF, 0xE7, 0x02, 0x54, 0xFF, 0xE7, 0x02, 0x56, 0xFF, 0xE7, 0x02, 0x58, 0xFF, 0xE7, 0x02, 0x5A,
    0xFF, 0xE7, 0x02, 0x5C, 0xFF, 0xE7, 0x02, 0x5E, 0xFF, 0xE7, 0x02, 0x60, 0xFF, 0xE7, 0x02, 0x62,
    0xFF, 0xE7, 0x02, 0x64, 0xFF, 0xE7, 0x02, 0x66, 0xFF, 0xE7, 0x02, 0xD6, 0xFF, 0xE7, 0x02, 0xFC,
    0xFF, 0xE7, 0x03, 0x00, 0xFF, 0xE7, 0x03, 0x03, 0xFF, 0xE7, 0x03, 0x1E, 0xFF, 0xE7, 0x03, 0x24,
    0xFF, 0xE7, 0x03, 0x29, 0xFF, 0xE7, 0x03, 0x37, 0xFF, 0xE7, 0x03, 0x39, 0xFF, 0xE7, 0x03, 0x3A,
    0xFF, 0xE7, 0x03, 0x46, 0xFF, 0xE7, 0x03, 0x55, 0xFF, 0xE7, 0x03, 0x6F, 0xFF, 0xE7, 0x03, 0x71,
    0xFF, 0xE7, 0x03, 0x73, 0xFF, 0xE7, 0x03, 0x75, 0xFF, 0xE7, 0x03, 0x77, 0xFF, 0xE7, 0x03, 0x79,
    0xFF, 0xE7, 0x03, 0x7B, 0xFF, 0xE7, 0x03, 0x7D, 0xFF, 0xE7, 0x03, 0x91, 0xFF, 0xE7, 0x03, 0x93,
    0xFF, 0xE7, 0x03, 0x95, 0xFF, 0xE7, 0x03, 0x99, 0xFF, 0xE7, 0x03, 0xD4, 0xFF, 0xE7, 0x03, 0xE1,
    0xFF, 0xE7, 0x03, 0xE3, 0xFF, 0xE7, 0x00, 0x3C, 0x00, 0x06, 0xFF, 0xE1, 0x00, 0x0B, 0xFF, 0xE1,
    0x00, 0x4A, 0xFF, 0xF9, 0x00, 0x59, 0xFF, 0xFB, 0x00, 0x5A, 0xFF, 0xED, 0x00, 0x5D, 0xFF, 0xED,
    0x00, 0x9B, 0xFF, 0xFB, 0x00, 0xBD, 0xFF, 0xED, 0x00, 0xC2, 0xFF, 0xFA, 0x00, 0xC4, 0x00, 0x05,
    0x00, 0xC6, 0xFF, 0xFA, 0x00, 0xCA, 0xFF, 0xB8, 0x00, 0xCB, 0xFF, 0xFB, 0x01, 0x1A, 0xFF, 0xED,
    0x01, 0x85, 0xFF, 0xE1, 0x01, 0x86, 0xFF, 0xE1, 0x01, 0x88, 0xFF, 0xE1, 0x01, 0x89, 0xFF, 0xE1,
    0x01, 0x8A, 0xFF, 0xE1, 0x02, 0x3F, 0xFF, 0xFB, 0x02, 0x40, 0xFF, 0xFB, 0x02, 0x41, 0xFF, 0xFB,
    0x02, 0x42, 0xFF, 0xFB, 0x02, 0x43, 0xFF, 0xED, 0x02, 0x44, 0xFF, 0xED, 0x02, 0xA4, 0xFF, 0xFB,
    0x02, 0xA6, 0xFF, 0xFB, 0x02, 0xA8, 0xFF, 0xFB, 0x02, 0xAA, 0xFF, 0xFB, 0x02, 0xAC, 0xFF, 0xFB,
    0x02, 0xAE, 0xFF, 0xFB, 0x02, 0xB2, 0xFF, 0xED, 0x02, 0xDA, 0xFF, 0xFB, 0x02, 0xDE, 0xFF, 0xED,
    0x02, 0xE1, 0xFF, 0xFB, 0x02, 0xE3, 0xFF, 0xFB, 0x03, 0x01, 0xFF, 0xED, 0x03, 0x0A, 0xFF, 0xED,
    0x03, 0x12, 0xFF, 0xED, 0x03, 0x13, 0xFF, 0xE1, 0x03, 0x14, 0xFF, 0xE1, 0x03, 0x17, 0xFF, 0xE1,
    0x03, 0x23, 0xFF, 0xED, 0x03, 0x2B, 0xFF, 0xED, 0x03, 0x4C, 0xFF, 0xED, 0x03, 0x4E, 0xFF, 0xED,
    0x03, 0x50, 0xFF, 0xED, 0x03, 0x9B, 0xFF, 0xFB, 0x03, 0x9D, 0xFF, 0xFB, 0x03, 0x9F, 0xFF, 0xFB,
    0x03, 0xA1, 0xFF, 0xFB, 0x03, 0xA3, 0xFF, 0xFB, 0x03, 0xA5, 0xFF, 0xFB, 0x03, 0xA7, 0xFF, 0xFB,
    0x03, 0xA9, 0xFF, 0xED, 0x03, 0xAB, 0xFF, 0xED, 0x03, 0xAD, 0xFF, 0xED, 0x03, 0xDC, 0xFF, 0xFB,
    0x03, 0xFB, 0xFF, 0xED, 0x03, 0xFD, 0xFF, 0xED, 0x00, 0x7C, 0x00, 0x06, 0xFF, 0xDA, 0x00, 0x0B,
    0xFF, 0xDA, 0x00, 0x47, 0xFF, 0xF0, 0x00, 0x48, 0xFF, 0xF0, 0x00, 0x49, 0xFF, 0xF0, 0x00, 0x4B,
    0xFF, 0xF0, 0x00, 0x55, 0xFF, 0xF0, 0x00, 0x59, 0xFF, 0xEF, 0x00, 0x5A, 0xFF, 0xDC, 0x00, 0x5D,
    0xFF, 0xDC, 0x00, 0x94, 0xFF, 0xF0, 0x00, 0x99, 0xFF, 0xF0, 0x00, 0x9B, 0xFF, 0xEF, 0x00, 0xBB,
    0xFF, 0xF0, 0x00, 0xBD, 0xFF, 0xDC, 0x00, 0xC2, 0xFF, 0xEC, 0x00, 0xC4, 0x00, 0x0F, 0x00, 0xC6,
    0xFF, 0xEA, 0x00, 0xC8, 0xFF, 0xF0, 0x00, 0xC9, 0xFF, 0xF0, 0x00, 0xCA, 0xFF, 0xCB, 0x00, 0xCB,
    0xFF, 0xEF, 0x00, 0xCC, 0xFF, 0xE7, 0x00, 0xF7, 0xFF, 0xF0, 0x01, 0x03, 0xFF, 0xF0, 0x01, 0x1A,
    0xFF, 0xDC, 0x01, 0x1E, 0xFF, 0xF0, 0x01, 0x22, 0xFF, 0xF0, 0x01, 0x42, 0xFF, 0xF0, 0x01, 0x60,
    0xFF, 0xF0, 0x01, 0x61, 0xFF, 0xF0, 0x01, 0x6B, 0xFF, 0xF0, 0x01, 0x85, 0xFF, 0xDA, 0x01, 0x86,
    0xFF, 0xDA, 0x01, 0x88, 0xFF, 0xDA, 0x01, 0x89, 0xFF, 0xDA, 0x01, 0x8A, 0xFF, 0xDA, 0x02, 0x30,
    0xFF, 0xF0, 0x02, 0x31, 0xFF, 0xF0, 0x02, 0x32, 0xFF, 0xF0, 0x02, 0x33, 0xFF, 0xF0, 0x02, 0x34,
    0xFF, 0xF0, 0x02, 0x3F, 0xFF, 0xEF, 0x02, 0x40, 0xFF, 0xEF, 0x02, 0x41, 0xFF, 0xEF, 0x02, 0x42,
    0xFF, 0xEF, 0x02, 0x43, 0xFF, 0xDC, 0x02, 0x44, 0xFF, 0xDC, 0x02, 0x4C, 0xFF, 0xF0, 0x02, 0x4E,
    0xFF, 0xF0, 0x02, 0x50, 0xFF, 0xF0, 0x02, 0x52, 0xFF, 0xF0, 0x02, 0x54, 0xFF, 0xF0, 0x02, 0x56,
    0xFF, 0xF0, 0x02, 0x58, 0xFF, 0xF0, 0x02, 0x5A, 0xFF, 0xF0, 0x02, 0x5C, 0xFF, 0xF0, 0x02, 0x5E,
    0xFF, 0xF0, 0x02, 0x60, 0xFF, 0xF0, 0x02, 0x62, 0xFF, 0xF0, 0x02, 0x64, 0xFF, 0xF0, 0x02, 0x66,
    0xFF, 0xF0, 0x02, 0xA4, 0xFF, 0xEF, 0x02, 0xA6, 0xFF, 0xEF, 0x02, 0xA8, 0xFF, 0xEF, 0x02, 0xAA,
    0xFF, 0xEF, 0x02, 0xAC, 0xFF, 0xEF, 0x02, 0xAE, 0xFF, 0xEF, 0x02, 0xB2, 0xFF, 0xDC, 0x02, 0xD6,
    0xFF, 0xF0, 0x02, 0xDA, 0xFF, 0xEF, 0x02, 0xDE, 0xFF, 0xDC, 0x02, 0xE1, 0xFF, 0xEF, 0x02, 0xE3,
    0xFF, 0xEF, 0x02, 0xFC, 0xFF, 0xF0, 0x03, 0x00, 0xFF, 0xF0, 0x03, 0x01, 0xFF, 0xDC, 0x03, 0x03,
    0xFF, 0xF0, 0x03, 0x0A, 0xFF, 0xDC, 0x03, 0x12, 0xFF, 0xDC, 0x03, 0x13, 0xFF, 0xDA, 0x03, 0x14,
    0xFF, 0xDA, 0x03, 0x17, 0xFF, 0xDA, 0x03, 0x1E, 0xFF, 0xF0, 0x03, 0x23, 0xFF, 0xDC, 0x03, 0x24,
    0xFF, 0xF0, 0x03, 0x29, 0xFF, 0xF0, 0x03, 0x2B, 0xFF, 0xDC, 0x03, 0x37, 0xFF, 0xF0, 0x03, 0x39,
    0xFF, 0xF0, 0x03, 0x3A, 0xFF, 0xF0, 0x03, 0x46, 0xFF, 0xF0, 0x03, 0x4C, 0xFF, 0xDC, 0x03, 0x4E,
    0xFF, 0xDC, 0x03, 0x50, 0xFF, 0xDC, 0x03, 0x55, 0xFF, 0xF0, 0x03, 0x6F, 0xFF, 0xF0, 0x03, 0x71,
    0xFF, 0xF0, 0x03, 0x73, 0xFF, 0xF0, 0x03, 0x75, 0xFF, 0xF0, 0x03, 0x77, 0xFF, 0xF0, 0x03, 0x79,
    0xFF, 0xF0, 0x03, 0x7B, 0xFF, 0xF0, 0x03, 0x7D, 0xFF, 0xF0, 0x03, 0x91, 0xFF, 0xF0, 0x03, 0x93,
    0xFF, 0xF0, 0x03, 0x95, 0xFF, 0xF0, 0x03, 0x99, 0xFF, 0xF0, 0x03, 0x9B, 0xFF, 0xEF, 0x03, 0x9D,
    0xFF, 0xEF, 0x03, 0x9F, 0xFF, 0xEF, 0x03, 0xA1, 0xFF, 0xEF, 0x03, 0xA3, 0xFF, 0xEF, 0x03, 0xA5,
    0xFF, 0xEF, 0x03, 0xA7, 0xFF, 0xEF, 0x03, 0xA9, 0xFF, 0xDC, 0x03, 0xAB, 0xFF, 0xDC, 0x03, 0xAD,
    0xFF, 0xDC, 0x03, 0xD4, 0xFF, 0xF0, 0x03, 0xDC, 0xFF, 0xEF, 0x03, 0xE1, 0xFF, 0xF0, 0x03, 0xE3,
    0xFF, 0xF0, 0x03, 0xFB, 0xFF, 0xDC, 0x03, 0xFD, 0xFF, 0xDC, 0x00, 0xBA, 0x00, 0x47, 0xFF, 0xDC,
    0x00, 0x48, 0xFF, 0xDC, 0x00, 0x49, 0xFF, 0xDC, 0x00, 0x4B, 0xFF, 0xDC, 0x00, 0x51, 0xFF, 0xD1,
    0x00, 0x52, 0xFF, 0xD1, 0x00, 0x53, 0xFF, 0xD6, 0x00, 0x54, 0xFF, 0xD1, 0x00, 0x55, 0xFF, 0xDC,
    0x00, 0x59, 0xFF, 0xDD, 0x00, 0x5A, 0xFF, 0xE1, 0x00, 0x5D, 0xFF, 0xE1, 0x00, 0x94, 0xFF, 0xDC,
    0x00, 0x99, 0xFF, 0xDC, 0x00, 0x9B, 0xFF, 0xDD, 0x00, 0xBB, 0xFF, 0xDC, 0x00, 0xBD, 0xFF, 0xE1,
    0x00, 0xBE, 0xFF, 0xFA, 0x00, 0xBF, 0xFF, 0xE6, 0x00, 0xC1, 0xFF, 0xD1, 0x00, 0xC2, 0xFF, 0xEB,
    0x00, 0xC3, 0xFF, 0xE9, 0x00, 0xC5, 0xFF, 0xF0, 0x00, 0xC6, 0xFF, 0xE7, 0x00, 0xC8, 0xFF, 0xDC,
    0x00, 0xC9, 0xFF, 0xDC, 0x00, 0xCA, 0xFF, 0xE3, 0x00, 0xCB, 0xFF, 0xDD, 0x00, 0xCC, 0xFF, 0xCE,
    0x00, 0xCD, 0xFF, 0xD4, 0x00, 0xCE, 0xFF, 0xDB, 0x00, 0xEC, 0xFF, 0xD1, 0x00, 0xF0, 0xFF, 0xD1,
    0x00, 0xF1, 0xFF, 0xD1, 0x00, 0xF3, 0xFF, 0xD1, 0x00, 0xF4, 0xFF, 0xD1, 0x00, 0xF5, 0xFF, 0xD1,
    0x00, 0xF7, 0xFF, 0xDC, 0x00, 0xF8, 0xFF, 0xD1, 0x00, 0xFA, 0xFF, 0xD1, 0x00, 0xFB, 0xFF, 0xD1,
    0x00, 0xFE, 0xFF, 0xD1, 0x01, 0x00, 0xFF, 0xD1, 0x01, 0x03, 0xFF, 0xDC, 0x01, 0x05, 0xFF, 0xD1,
    0x01, 0x18, 0xFF, 0xD6, 0x01, 0x1A, 0xFF, 0xE1, 0x01, 0x1E, 0xFF, 0xDC, 0x01, 0x22, 0xFF, 0xDC,
    0x01, 0x2B, 0xFF, 0xD1, 0x01, 0x36, 0xFF, 0xD1, 0x01, 0x3C, 0xFF, 0xD1, 0x01, 0x3E, 0xFF, 0xD1,
    0x01, 0x42, 0xFF, 0xDC, 0x01, 0x53, 0xFF, 0xD1, 0x01, 0x55, 0xFF, 0xD1, 0x01, 0x57, 0xFF, 0xD1,
    0x01, 0x5C, 0xFF, 0xD1, 0x01, 0x60, 0xFF, 0xDC, 0x01, 0x61, 0xFF, 0xDC, 0x01, 0x6B, 0xFF, 0xDC,
    0x02, 0x30, 0xFF, 0xDC, 0x02, 0x31, 0xFF, 0xDC, 0x02, 0x32, 0xFF, 0xDC, 0x02, 0x33, 0xFF, 0xDC,
    0x02, 0x34, 0xFF, 0xDC, 0x02, 0x39, 0xFF, 0xD1, 0x02, 0x3A, 0xFF, 0xD6, 0x02, 0x3B, 0xFF, 0xD6,
    0x02, 0x3C, 0xFF, 0xD6, 0x02, 0x3D, 0xFF, 0xD6, 0x02, 0x3E, 0xFF, 0xD6, 0x02, 0x3F, 0xFF, 0xDD,
    0x02, 0x40, 0xFF, 0xDD, 0x02, 0x41, 0xFF, 0xDD, 0x02, 0x42, 0xFF, 0xDD, 0x02, 0x43, 0xFF, 0xE1,
    0x02, 0x44, 0xFF, 0xE1, 0x02, 0x4C, 0xFF, 0xDC, 0x02, 0x4E, 0xFF, 0xDC, 0x02, 0x50, 0xFF, 0xDC,
    0x02, 0x52, 0xFF, 0xDC, 0x02, 0x54, 0xFF, 0xDC, 0x02, 0x56, 0xFF, 0xDC, 0x02, 0x58, 0xFF, 0xDC,
    0x02, 0x5A, 0xFF, 0xDC, 0x02, 0x5C, 0xFF, 0xDC, 0x02, 0x5E, 0xFF, 0xDC, 0x02, 0x60, 0xFF, 0xDC,
    0x02, 0x62, 0xFF, 0xDC, 0x02, 0x64, 0xFF, 0xDC, 0x02, 0x66, 0xFF, 0xDC, 0x02, 0x81, 0xFF, 0xD1,
    0x02, 0x83, 0xFF, 0xD1, 0x02, 0x85, 0xFF, 0xD1, 0x02, 0x86, 0xFF, 0xD1, 0x02, 0x88, 0xFF, 0xD6,
    0x02, 0x8A, 0xFF, 0xD6, 0x02, 0x8C, 0xFF, 0xD6, 0x02, 0xA4, 0xFF, 0xDD, 0x02, 0xA6, 0xFF, 0xDD,
    0x02, 0xA8, 0xFF, 0xDD, 0x02, 0xAA, 0xFF, 0xDD, 0x02, 0xAC, 0xFF, 0xDD, 0x02, 0xAE, 0xFF, 0xDD,
    0x02, 0xB2, 0xFF, 0xE1, 0x02, 0xD6, 0xFF, 0xDC, 0x02, 0xD8, 0xFF, 0xD1, 0x02, 0xDA, 0xFF, 0xDD,
    0x02, 0xDC, 0xFF, 0xD6, 0x02, 0xDE, 0xFF, 0xE1, 0x02, 0xE1, 0xFF, 0xDD, 0x02, 0xE2, 0xFF, 0xD6,
    0x02, 0xE3, 0xFF, 0xDD, 0x02, 0xFC, 0xFF, 0xDC, 0x02, 0xFD, 0xFF, 0xD1, 0x02, 0xFE, 0xFF, 0xD6,
    0x02, 0xFF, 0xFF, 0xD1, 0x03, 0x00, 0xFF, 0xDC, 0x03, 0x01, 0xFF, 0xE1, 0x03, 0x03, 0xFF, 0xDC,
    0x03, 0x04, 0xFF, 0xD1, 0x03, 0x09, 0xFF, 0xD1, 0x03, 0x0A, 0xFF, 0xE1, 0x03, 0x12, 0xFF, 0xE1,
    0x03, 0x19, 0xFF, 0xD1, 0x03, 0x1E, 0xFF, 0xDC, 0x03, 0x1F, 0xFF, 0xD1, 0x03, 0x23, 0xFF, 0xE1,
    0x03, 0x24, 0xFF, 0xDC, 0x03, 0x29, 0xFF, 0xDC, 0x03, 0x2B, 0xFF, 0xE1, 0x03, 0x37, 0xFF, 0xDC,
    0x03, 0x39, 0xFF, 0xDC, 0x03, 0x3A, 0xFF, 0xDC, 0x03, 0x40, 0xFF, 0xD1, 0x03, 0x42, 0xFF, 0xD1,
    0x03, 0x44, 0xFF, 0xD6, 0x03, 0x46, 0xFF, 0xDC, 0x03, 0x48, 0xFF, 0xD6, 0x03, 0x4C, 0xFF, 0xE1,
    0x03, 0x4E, 0xFF, 0xE1, 0x03, 0x50, 0xFF, 0xE1, 0x03, 0x54, 0xFF, 0xD1, 0x03, 0x55, 0xFF, 0xDC,
    0x03, 0x6F, 0xFF, 0xDC, 0x03, 0x71, 0xFF, 0xDC, 0x03, 0x73, 0xFF, 0xDC, 0x03, 0x75, 0xFF, 0xDC,
    0x03, 0x77, 0xFF, 0xDC, 0x03, 0x79, 0xFF, 0xDC, 0x03, 0x7B, 0xFF, 0xDC, 0x03, 0x7D, 0xFF, 0xDC,
    0x03, 0x83, 0xFF, 0xD6, 0x03, 0x85, 0xFF, 0xD6, 0x03, 0x87, 0xFF, 0xD6, 0x03, 0x89, 0xFF, 0xD6,
    0x03, 0x8B, 0xFF, 0xD6, 0x03, 0x8D, 0xFF, 0xD6, 0x03, 0x8F, 0xFF, 0xD6, 0x03, 0x91, 0xFF, 0xDC,
    0x03, 0x93, 0xFF, 0xDC, 0x03, 0x95, 0xFF, 0xDC, 0x03, 0x97, 0xFF, 0xD6, 0x03, 0x99, 0xFF, 0xDC,
    0x03, 0x9B, 0xFF, 0xDD, 0x03, 0x9D, 0xFF, 0xDD, 0x03, 0x9F, 0xFF, 0xDD, 0x03, 0xA1, 0xFF, 0xDD,
    0x03, 0xA3, 0xFF, 0xDD, 0x03, 0xA5, 0xFF, 0xDD, 0x03, 0xA7, 0xFF, 0xDD, 0x03, 0xA9, 0xFF, 0xE1,
    0x03, 0xAB, 0xFF, 0xE1, 0x03, 0xAD, 0xFF, 0xE1, 0x03, 0xB4, 0xFF, 0xD1, 0x03, 0xD0, 0xFF, 0xD1,
    0x03, 0xD4, 0xFF, 0xDC, 0x03, 0xD8, 0xFF, 0xD6, 0x03, 0xDC, 0xFF, 0xDD, 0x03, 0xE1, 0xFF, 0xDC,
    0x03, 0xE3, 0xFF, 0xDC, 0x03, 0xED, 0xFF, 0xD1, 0x03, 0xEF, 0xFF, 0xD1, 0x03, 0xFB, 0xFF, 0xE1,
    0x03, 0xFD, 0xFF, 0xE1, 0x00, 0x02, 0x00, 0xCA, 0xFF, 0xFA, 0x00, 0xF6, 0xFF, 0xEB, 0x00, 0x01,
    0x00, 0xC4, 0x00, 0x0E, 0x00, 0x28, 0x00, 0x10, 0xFF, 0x39, 0x00, 0x12, 0xFF, 0x39, 0x00, 0x25,
    0xFF, 0xCD, 0x00, 0xB2, 0xFF, 0xCD, 0x00, 0xB4, 0xFF, 0xCD, 0x00, 0xC7, 0xFF, 0xF2, 0x01, 0x0D,
    0xFF, 0xCD, 0x01, 0x87, 0xFF, 0x39, 0x01, 0x8B, 0xFF, 0x39, 0x01, 0x8F, 0xFF, 0x39, 0x01, 0x90,
    0xFF, 0x39, 0x02, 0x0E, 0xFF, 0xCD, 0x02, 0x0F, 0xFF, 0xCD, 0x02, 0x10, 0xFF, 0xCD, 0x02, 0x11,
    0xFF, 0xCD, 0x02, 0x12, 0xFF, 0xCD, 0x02, 0x13, 0xFF, 0xCD, 0x02, 0x14, 0xFF, 0xCD, 0x02, 0x45,
    0xFF, 0xCD, 0x02, 0x47, 0xFF, 0xCD, 0x02, 0x49, 0xFF, 0xCD, 0x02, 0xBE, 0xFF, 0xCD, 0x02, 0xC6,
    0xFF, 0xCD, 0x02, 0xEE, 0xFF, 0xCD, 0x03, 0x1A, 0xFF, 0xCD, 0x03, 0x30, 0xFF, 0xCD, 0x03, 0x32,
    0xFF, 0xCD, 0x03, 0x56, 0xFF, 0xCD, 0x03, 0x58, 0xFF, 0xCD, 0x03, 0x5A, 0xFF, 0xCD, 0x03, 0x5C,
    0xFF, 0xCD, 0x03, 0x5E, 0xFF, 0xCD, 0x03, 0x60, 0xFF, 0xCD, 0x03, 0x62, 0xFF, 0xCD, 0x03, 0x64,
    0xFF, 0xCD, 0x03, 0x66, 0xFF, 0xCD, 0x03, 0x68, 0xFF, 0xCD, 0x03, 0x6A, 0xFF, 0xCD, 0x03, 0x6C,
    0xFF, 0xCD, 0x03, 0xD1, 0xFF, 0xCD, 0x00, 0x38, 0x00, 0x25, 0xFF, 0xE4, 0x00, 0x3C, 0xFF, 0xD2,
    0x00, 0x3D, 0xFF, 0xD3, 0x00, 0xB2, 0xFF, 0xE4, 0x00, 0xB4, 0xFF, 0xE4, 0x00, 0xC4, 0xFF, 0xE2,
    0x00, 0xDA, 0xFF, 0xD2, 0x01, 0x0D, 0xFF, 0xE4, 0x01, 0x33, 0xFF, 0xD2, 0x01, 0x43, 0xFF, 0xD2,
    0x01, 0x5D, 0xFF, 0xD2, 0x02, 0x0E, 0xFF, 0xE4, 0x02, 0x0F, 0xFF, 0xE4, 0x02, 0x10, 0xFF, 0xE4,
    0x02, 0x11, 0xFF, 0xE4, 0x02, 0x12, 0xFF, 0xE4, 0x02, 0x13, 0xFF, 0xE4, 0x02, 0x14, 0xFF, 0xE4,
    0x02, 0x28, 0xFF, 0xD3, 0x02, 0x45, 0xFF, 0xE4, 0x02, 0x47, 0xFF, 0xE4, 0x02, 0x49, 0xFF, 0xE4,
    0x02, 0xB1, 0xFF, 0xD3, 0x02, 0xB3, 0xFF, 0xD3, 0x02, 0xBE, 0xFF, 0xE4, 0x02, 0xC3, 0xFF, 0xD3,
    0x02, 0xC6, 0xFF, 0xE4, 0x02, 0xD2, 0xFF, 0xD3, 0x02, 0xD3, 0xFF, 0xD2, 0x02, 0xD5, 0xFF, 0xD3,
    0x02, 0xEE, 0xFF, 0xE4, 0x02, 0xFA, 0xFF, 0xD2, 0x03, 0x11, 0xFF, 0xD3, 0x03, 0x1A, 0xFF, 0xE4,
    0x03, 0x2A, 0xFF, 0xD3, 0x03, 0x2D, 0xFF, 0xD2, 0x03, 0x30, 0xFF, 0xE4, 0x03, 0x32, 0xFF, 0xE4,
    0x03, 0x3B, 0xFF, 0xD2, 0x03, 0x56, 0xFF, 0xE4, 0x03, 0x58, 0xFF, 0xE4, 0x03, 0x5A, 0xFF, 0xE4,
    0x03, 0x5C, 0xFF, 0xE4, 0x03, 0x5E, 0xFF, 0xE4, 0x03, 0x60, 0xFF, 0xE4, 0x03, 0x62, 0xFF, 0xE4,
    0x03, 0x64, 0xFF, 0xE4, 0x03, 0x66, 0xFF, 0xE4, 0x03, 0x68, 0xFF, 0xE4, 0x03, 0x6A, 0xFF, 0xE4,
    0x03, 0x6C, 0xFF, 0xE4, 0x03, 0xA8, 0xFF, 0xD3, 0x03, 0xAA, 0xFF, 0xD3, 0x03, 0xAC, 0xFF, 0xD3,
    0x03, 0xBE, 0xFF, 0xD3, 0x03, 0xD1, 0xFF, 0xE4, 0x00, 0x3C, 0x00, 0x27, 0xFF, 0xE6, 0x00, 0x2B,
    0xFF, 0xE6, 0x00, 0x33, 0xFF, 0xE6, 0x00, 0x35, 0xFF, 0xE6, 0x00, 0x83, 0xFF, 0xE6, 0x00, 0x93,
    0xFF, 0xE6, 0x00, 0x98, 0xFF, 0xE6, 0x00, 0xB3, 0xFF, 0xE6, 0x00, 0xB8, 0xFF, 0xC2, 0x00, 0xC4,
    0x00, 0x10, 0x00, 0xD3, 0xFF, 0xE6, 0x01, 0x08, 0xFF, 0xE6, 0x01, 0x17, 0xFF, 0xE6, 0x01, 0x1B,
    0xFF, 0xE6, 0x01, 0x1D, 0xFF, 0xE6, 0x01, 0x1F, 0xFF, 0xE6, 0x01, 0x21, 0xFF, 0xE6, 0x01, 0x41,
    0xFF, 0xE6, 0x01, 0x6A, 0xFF, 0xE6, 0x02, 0x15, 0xFF, 0xE6, 0x02, 0x1F, 0xFF, 0xE6, 0x02, 0x20,
    0xFF, 0xE6, 0x02, 0x21, 0xFF, 0xE6, 0x02, 0x22, 0xFF, 0xE6, 0x02, 0x23, 0xFF, 0xE6, 0x02, 0x4B,
    0xFF, 0xE6, 0x02, 0x4D, 0xFF, 0xE6, 0x02, 0x4F, 0xFF, 0xE6, 0x02, 0x51, 0xFF, 0xE6, 0x02, 0x5F,
    0xFF, 0xE6, 0x02, 0x61, 0xFF, 0xE6, 0x02, 0x63, 0xFF, 0xE6, 0x02, 0x65, 0xFF, 0xE6, 0x02, 0x87,
    0xFF, 0xE6, 0x02, 0x89, 0xFF, 0xE6, 0x02, 0x8B, 0xFF, 0xE6, 0x02, 0xBC, 0xFF, 0xE6, 0x02, 0xC2,
    0xFF, 0xE6, 0x02, 0xCF, 0xFF, 0xE6, 0x02, 0xF5, 0xFF, 0xE6, 0x02, 0xF8, 0xFF, 0xE6, 0x03, 0x25,
    0xFF, 0xE6, 0x03, 0x28, 0xFF, 0xE6, 0x03, 0x43, 0xFF, 0xE6, 0x03, 0x45, 0xFF, 0xE6, 0x03, 0x47,
    0xFF, 0xE6, 0x03, 0x82, 0xFF, 0xE6, 0x03, 0x84, 0xFF, 0xE6, 0x03, 0x86, 0xFF, 0xE6, 0x03, 0x88,
    0xFF, 0xE6, 0x03, 0x8A, 0xFF, 0xE6, 0x03, 0x8C, 0xFF, 0xE6, 0x03, 0x8E, 0xFF, 0xE6, 0x03, 0x90,
    0xFF, 0xE6, 0x03, 0x92, 0xFF, 0xE6, 0x03, 0x94, 0xFF, 0xE6, 0x03, 0x96, 0xFF, 0xE6, 0x03, 0x98,
    0xFF, 0xE6, 0x03, 0xD7, 0xFF, 0xE6, 0x03, 0xF0, 0xFF, 0xE6, 0x00, 0x3B, 0x00, 0x27, 0xFF, 0xF3,
    0x00, 0x2B, 0xFF, 0xF3, 0x00, 0x33, 0xFF, 0xF3, 0x00, 0x35, 0xFF, 0xF3, 0x00, 0x83, 0xFF, 0xF3,
    0x00, 0x93, 0xFF, 0xF3, 0x00, 0x98, 0xFF, 0xF3, 0x00, 0xB3, 0xFF, 0xF3, 0x00, 0xC4, 0x00, 0x0D,
    0x00, 0xD3, 0xFF, 0xF3, 0x01, 0x08, 0xFF, 0xF3, 0x01, 0x17, 0xFF, 0xF3, 0x01, 0x1B, 0xFF, 0xF3,
    0x01, 0x1D, 0xFF, 0xF3, 0x01, 0x1F, 0xFF, 0xF3, 0x01, 0x21, 0xFF, 0xF3, 0x01, 0x41, 0xFF, 0xF3,
    0x01, 0x6A, 0xFF, 0xF3, 0x02, 0x15, 0xFF, 0xF3, 0x02, 0x1F, 0xFF, 0xF3, 0x02, 0x20, 0xFF, 0xF3,
    0x02, 0x21, 0xFF, 0xF3, 0x02, 0x22, 0xFF, 0xF3, 0x02, 0x23, 0xFF, 0xF3, 0x02, 0x4B, 0xFF, 0xF3,
    0x02, 0x4D, 0xFF, 0xF3, 0x02, 0x4F, 0xFF, 0xF3, 0x02, 0x51, 0xFF, 0xF3, 0x02, 0x5F, 0xFF, 0xF3,
    0x02, 0x61, 0xFF, 0xF3, 0x02, 0x63, 0xFF, 0xF3, 0x02, 0x65, 0xFF, 0xF3, 0x02, 0x87, 0xFF, 0xF3,
    0x02, 0x89, 0xFF, 0xF3, 0x02, 0x8B, 0xFF, 0xF3, 0x02, 0xBC, 0xFF, 0xF3, 0x02, 0xC2, 0xFF, 0xF3,
    0x02, 0xCF, 0xFF, 0xF3, 0x02, 0xF5, 0xFF, 0xF3, 0x02, 0xF8, 0xFF, 0xF3, 0x03, 0x25, 0xFF, 0xF3,
    0x03, 0x28, 0xFF, 0xF3, 0x03, 0x43, 0xFF, 0xF3, 0x03, 0x45, 0xFF, 0xF3, 0x03, 0x47, 0xFF, 0xF3,
    0x03, 0x82, 0xFF, 0xF3, 0x03, 0x84, 0xFF, 0xF3, 0x03, 0x86, 0xFF, 0xF3, 0x03, 0x88, 0xFF, 0xF3,
    0x03, 0x8A, 0xFF, 0xF3, 0x03, 0x8C, 0xFF, 0xF3, 0x03, 0x8E, 0xFF, 0xF3, 0x03, 0x90, 0xFF, 0xF3,
    0x03, 0x92, 0xFF, 0xF3, 0x03, 0x94, 0xFF, 0xF3, 0x03, 0x96, 0xFF, 0xF3, 0x03, 0x98, 0xFF, 0xF3,
    0x03, 0xD7, 0xFF, 0xF3, 0x03, 0xF0, 0xFF, 0xF3, 0x00, 0x14, 0x00, 0x58, 0xFF, 0xEF, 0x00, 0x5B,
    0xFF, 0xDF, 0x00, 0x9A, 0xFF, 0xEE, 0x00, 0xB8, 0xFF, 0xE5, 0x00, 0xB9, 0xFF, 0xD1, 0x00, 0xC4,
    0x00, 0x11, 0x00, 0xCA, 0xFF, 0xC8, 0x00, 0xD9, 0x00, 0x13, 0x00, 0xE6, 0xFF, 0xC5, 0x00, 0xF6,
    0xFF, 0xCA, 0x01, 0x3A, 0xFF, 0x8B, 0x01, 0x49, 0xFF, 0x5F, 0x01, 0x4A, 0xFF, 0x82, 0x01, 0x4C,
    0xFF, 0x86, 0x01, 0x4D, 0xFF, 0xDD, 0x01, 0x58, 0xFF, 0xF2, 0x01, 0x62, 0xFF, 0x9E, 0x01, 0x64,
    0xFF, 0xCA, 0x01, 0x6C, 0xFF, 0x8C, 0x01, 0x6D, 0xFF, 0xB5, 0x00, 0x31, 0x00, 0x56, 0xFF, 0x79,
    0x00, 0x5B, 0xFF, 0x98, 0x00, 0x6D, 0xFE, 0x8E, 0x00, 0x7C, 0xFE, 0xCE, 0x00, 0x81, 0xFE, 0xB0,
    0x00, 0x86, 0xFF, 0x4E, 0x00, 0x89, 0xFF, 0x4B, 0x00, 0xB8, 0xFF, 0x6D, 0x00, 0xBE, 0xFF, 0xDC,
    0x00, 0xBF, 0xFF, 0x0F, 0x00, 0xC3, 0xFE, 0xFF, 0x00, 0xC6, 0xFF, 0x36, 0x00, 0xC7, 0xFE, 0xFC,
    0x00, 0xCA, 0xFF, 0x5D, 0x00, 0xCC, 0xFF, 0x04, 0x00, 0xCD, 0xFF, 0x09, 0x00, 0xCE, 0xFE, 0xFC,
    0x00, 0xD9, 0xFF, 0x5E, 0x00, 0xE6, 0x00, 0x05, 0x00, 0xEA, 0xFF, 0xBD, 0x00, 0xEB, 0xFF, 0x49,
    0x00, 0xED, 0xFE, 0xFE, 0x00, 0xEF, 0xFF, 0x13, 0x00, 0xF6, 0xFF, 0x68, 0x00, 0xFD, 0xFF, 0x0E,
    0x00, 0xFE, 0xFF, 0x57, 0x00, 0xFF, 0xFF, 0x13, 0x01, 0x01, 0xFF, 0x07, 0x01, 0x02, 0x00, 0x21,
    0x01, 0x07, 0xFF, 0x0E, 0x01, 0x09, 0xFF, 0x11, 0x01, 0x1C, 0xFF, 0x02, 0x01, 0x20, 0xFF, 0xAC,
    0x01, 0x2E, 0xFF, 0x15, 0x01, 0x30, 0xFF, 0x3C, 0x01, 0x38, 0xFF, 0x0E, 0x01, 0x3A, 0xFF, 0x6A,
    0x01, 0x40, 0xFF, 0x49, 0x01, 0x4A, 0xFF, 0x0C, 0x01, 0x4C, 0xFF, 0x3F, 0x01, 0x4D, 0xFE, 0xF1,
    0x01, 0x58, 0xFF, 0xC0, 0x01, 0x5F, 0xFE, 0xEF, 0x01, 0x63, 0xFF, 0x31, 0x01, 0x65, 0xFF, 0x5F,
    0x01, 0x69, 0xFF, 0x0A, 0x01, 0x6C, 0x00, 0x05, 0x01, 0x6D, 0xFF, 0x30, 0x01, 0x6E, 0xFF, 0xD5,
    0x00, 0x20, 0x00, 0x06, 0xFF, 0xF2, 0x00, 0x0B, 0xFF, 0xF2, 0x00, 0x5A, 0xFF, 0xF3, 0x00, 0x5D,
    0xFF, 0xF3, 0x00, 0xBD, 0xFF, 0xF3, 0x00, 0xF6, 0xFF, 0xF5, 0x01, 0x1A, 0xFF, 0xF3, 0x01, 0x85,
    0xFF, 0xF2, 0x01, 0x86, 0xFF, 0xF2, 0x01, 0x88, 0xFF, 0xF2, 0x01, 0x89, 0xFF, 0xF2, 0x01, 0x8A,
    0xFF, 0xF2, 0x02, 0x43, 0xFF, 0xF3, 0x02, 0x44, 0xFF, 0xF3, 0x02, 0xB2, 0xFF, 0xF3, 0x02, 0xDE,
    0xFF, 0xF3, 0x03, 0x01, 0xFF, 0xF3, 0x03, 0x0A, 0xFF, 0xF3, 0x03, 0x12, 0xFF, 0xF3, 0x03, 0x13,
    0xFF, 0xF2, 0x03, 0x14, 0xFF, 0xF2, 0x03, 0x17, 0xFF, 0xF2, 0x03, 0x23, 0xFF, 0xF3, 0x03, 0x2B,
    0xFF, 0xF3, 0x03, 0x4C, 0xFF, 0xF3, 0x03, 0x4E, 0xFF, 0xF3, 0x03, 0x50, 0xFF, 0xF3, 0x03, 0xA9,
    0xFF, 0xF3, 0x03, 0xAB, 0xFF, 0xF3, 0x03, 0xAD, 0xFF, 0xF3, 0x03, 0xFB, 0xFF, 0xF3, 0x03, 0xFD,
    0xFF, 0xF3, 0x00, 0x11, 0x00, 0x2E, 0xFF, 0xEC, 0x00, 0x39, 0xFF, 0xEC, 0x02, 0x24, 0xFF, 0xEC,
    0x02, 0x25, 0xFF, 0xEC, 0x02, 0x26, 0xFF, 0xEC, 0x02, 0x27, 0xFF, 0xEC, 0x02, 0x74, 0xFF, 0xEC,
    0x02, 0xA3, 0xFF, 0xEC, 0x02, 0xA5, 0xFF, 0xEC, 0x02, 0xA7, 0xFF, 0xEC, 0x02, 0xA9, 0xFF, 0xEC,
    0x02, 0xAB, 0xFF, 0xEC, 0x02, 0xAD, 0xFF, 0xEC, 0x02, 0xEA, 0xFF, 0xEC, 0x03, 0x9A, 0xFF, 0xEC,
    0x03, 0x9C, 0xFF, 0xEC, 0x03, 0xF9, 0xFF, 0xEC, 0x00, 0x01, 0x01, 0x1C, 0xFF, 0xF1, 0x00, 0x06,
    0x00, 0x10, 0xFF, 0x84, 0x00, 0x12, 0xFF, 0x84, 0x01, 0x87, 0xFF, 0x84, 0x01, 0x8B, 0xFF, 0x84,
    0x01, 0x8F, 0xFF, 0x84, 0x01, 0x90, 0xFF, 0x84, 0x00, 0x07, 0x00, 0x4A, 0x00, 0x0D, 0x00, 0xBE,
    0xFF, 0xFC, 0x00, 0xC6, 0x00, 0x0B, 0x00, 0xC7, 0xFF, 0xEA, 0x00, 0xCA, 0x00, 0x0C, 0x00, 0xED,
    0xFF, 0xC8, 0x01, 0x1C, 0xFF, 0xF1, 0x00, 0x19, 0x00, 0x53, 0xFF, 0xE5, 0x01, 0x18, 0xFF, 0xE5,
    0x01, 0x86, 0x00, 0x10, 0x02, 0x3A, 0xFF, 0xE5, 0x02, 0x3B, 0xFF, 0xE5, 0x02, 0x3C, 0xFF, 0xE5,
    0x02, 0x3D, 0xFF, 0xE5, 0x02, 0x3E, 0xFF, 0xE5, 0x02, 0x88, 0xFF, 0xE5, 0x02, 0x8A, 0xFF, 0xE5,
    0x02, 0x8C, 0xFF, 0xE5, 0x02, 0xDC, 0xFF, 0xE5, 0x02, 0xE2, 0xFF, 0xE5, 0x02, 0xFE, 0xFF, 0xE5,
    0x03, 0x44, 0xFF, 0xE5, 0x03, 0x48, 0xFF, 0xE5, 0x03, 0x83, 0xFF, 0xE5, 0x03, 0x85, 0xFF, 0xE5,
    0x03, 0x87, 0xFF, 0xE5, 0x03, 0x89, 0xFF, 0xE5, 0x03, 0x8B, 0xFF, 0xE5, 0x03, 0x8D, 0xFF, 0xE5,
    0x03, 0x8F, 0xFF, 0xE5, 0x03, 0x97, 0xFF, 0xE5, 0x03, 0xD8, 0xFF, 0xE5, 0x00, 0x03, 0x00, 0x4A,
    0x00, 0x12, 0x00, 0x58, 0x00, 0x32, 0x00, 0x5B, 0x00, 0x11, 0x00, 0x09, 0x00, 0xCA, 0xFF, 0xEA,
    0x00, 0xED, 0xFF, 0xB8, 0x00, 0xF6, 0xFF, 0xE5, 0x01, 0x09, 0xFF, 0xF0, 0x01, 0x20, 0xFF, 0xF1,
    0x01, 0x3A, 0xFF, 0xEB, 0x01, 0x63, 0xFF, 0xF5, 0x01, 0x6D, 0xFF, 0xEC, 0x01, 0x86, 0xFF, 0x9A,
    0x00, 0x02, 0x00, 0xF6, 0xFF, 0xCF, 0x01, 0x86, 0xFF, 0x95, 0x00, 0x40, 0x00, 0x47, 0xFF, 0xEC,
    0x00, 0x48, 0xFF, 0xEC, 0x00, 0x49, 0xFF, 0xEC, 0x00, 0x4B, 0xFF, 0xEC, 0x00, 0x55, 0xFF, 0xEC,
    0x00, 0x94, 0xFF, 0xEC, 0x00, 0x99, 0xFF, 0xEC, 0x00, 0xBB, 0xFF, 0xEC, 0x00, 0xC8, 0xFF, 0xEC,
    0x00, 0xC9, 0xFF, 0xEC, 0x00, 0xF7, 0xFF, 0xEC, 0x01, 0x03, 0xFF, 0xEC, 0x01, 0x1E, 0xFF, 0xEC,
    0x01, 0x22, 0xFF, 0xEC, 0x01, 0x42, 0xFF, 0xEC, 0x01, 0x60, 0xFF, 0xEC, 0x01, 0x61, 0xFF, 0xEC,
    0x01, 0x6B, 0xFF, 0xEC, 0x02, 0x30, 0xFF, 0xEC, 0x02, 0x31, 0xFF, 0xEC, 0x02, 0x32, 0xFF, 0xEC,
    0x02, 0x33, 0xFF, 0xEC, 0x02, 0x34, 0xFF, 0xEC, 0x02, 0x4C, 0xFF, 0xEC, 0x02, 0x4E, 0xFF, 0xEC,
    0x02, 0x50, 0xFF, 0xEC, 0x02, 0x52, 0xFF, 0xEC, 0x02, 0x54, 0xFF, 0xEC, 0x02, 0x56, 0xFF, 0xEC,
    0x02, 0x58, 0xFF, 0xEC, 0x02, 0x5A, 0xFF, 0xEC, 0x02, 0x5C, 0xFF, 0xEC, 0x02, 0x5E, 0xFF, 0xEC,
    0x02, 0x60, 0xFF, 0xEC, 0x02, 0x62, 0xFF, 0xEC, 0x02, 0x64, 0xFF, 0xEC, 0x02, 0x66, 0xFF, 0xEC,
    0x02, 0xD6, 0xFF, 0xEC, 0x02, 0xFC, 0xFF, 0xEC, 0x03, 0x00, 0xFF, 0xEC, 0x03, 0x03, 0xFF, 0xEC,
    0x03, 0x1E, 0xFF, 0xEC, 0x03, 0x24, 0xFF, 0xEC, 0x03, 0x29, 0xFF, 0xEC, 0x03, 0x37, 0xFF, 0xEC,
    0x03, 0x39, 0xFF, 0xEC, 0x03, 0x3A, 0xFF, 0xEC, 0x03, 0x46, 0xFF, 0xEC, 0x03, 0x55, 0xFF, 0xEC,
    0x03, 0x6F, 0xFF, 0xEC, 0x03, 0x71, 0xFF, 0xEC, 0x03, 0x73, 0xFF, 0xEC, 0x03, 0x75, 0xFF, 0xEC,
    0x03, 0x77, 0xFF, 0xEC, 0x03, 0x79, 0xFF, 0xEC, 0x03, 0x7B, 0xFF, 0xEC, 0x03, 0x7D, 0xFF, 0xEC,
    0x03, 0x91, 0xFF, 0xEC, 0x03, 0x93, 0xFF, 0xEC, 0x03, 0x95, 0xFF, 0xEC, 0x03, 0x99, 0xFF, 0xEC,
    0x03, 0xD4, 0xFF, 0xEC, 0x03, 0xE1, 0xFF, 0xEC, 0x03, 0xE3, 0xFF, 0xEC, 0x00, 0x02, 0x00, 0xF6,
    0xFF, 0xCF, 0x01, 0x86, 0xFF, 0xA0, 0x00, 0x4D, 0x00, 0x06, 0x00, 0x10, 0x00, 0x0B, 0x00, 0x10,
    0x00, 0x0D, 0x00, 0x14, 0x00, 0x41, 0x00, 0x12, 0x00, 0x47, 0xFF, 0xE8, 0x00, 0x48, 0xFF, 0xE8,
    0x00, 0x49, 0xFF, 0xE8, 0x00, 0x4B, 0xFF, 0xE8, 0x00, 0x55, 0xFF, 0xE8, 0x00, 0x61, 0x00, 0x13,
    0x00, 0x94, 0xFF, 0xE8, 0x00, 0x99, 0xFF, 0xE8, 0x00, 0xBB, 0xFF, 0xE8, 0x00, 0xC8, 0xFF, 0xE8,
    0x00, 0xC9, 0xFF, 0xE8, 0x00, 0xF7, 0xFF, 0xE8, 0x01, 0x03, 0xFF, 0xE8, 0x01, 0x1E, 0xFF, 0xE8,
    0x01, 0x22, 0xFF, 0xE8, 0x01, 0x42, 0xFF, 0xE8, 0x01, 0x60, 0xFF, 0xE8, 0x01, 0x61, 0xFF, 0xE8,
    0x01, 0x6B, 0xFF, 0xE8, 0x01, 0x85, 0x00, 0x10, 0x01, 0x86, 0x00, 0x10, 0x01, 0x88, 0x00, 0x10,
    0x01, 0x89, 0x00, 0x10, 0x01, 0x8A, 0x00, 0x10, 0x02, 0x30, 0xFF, 0xE8, 0x02, 0x31, 0xFF, 0xE8,
    0x02, 0x32, 0xFF, 0xE8, 0x02, 0x33, 0xFF, 0xE8, 0x02, 0x34, 0xFF, 0xE8, 0x02, 0x4C, 0xFF, 0xE8,
    0x02, 0x4E, 0xFF, 0xE8, 0x02, 0x50, 0xFF, 0xE8, 0x02, 0x52, 0xFF, 0xE8, 0x02, 0x54, 0xFF, 0xE8,
    0x02, 0x56, 0xFF, 0xE8, 0x02, 0x58, 0xFF, 0xE8, 0x02, 0x5A, 0xFF, 0xE8, 0x02, 0x5C, 0xFF, 0xE8,
    0x02, 0x5E, 0xFF, 0xE8, 0x02, 0x60, 0xFF, 0xE8, 0x02, 0x62, 0xFF, 0xE8, 0x02, 0x64, 0xFF, 0xE8,
    0x02, 0x66, 0xFF, 0xE8, 0x02, 0xD6, 0xFF, 0xE8, 0x02, 0xFC, 0xFF, 0xE8, 0x03, 0x00, 0xFF, 0xE8,
    0x03, 0x03, 0xFF, 0xE8, 0x03, 0x13, 0x00, 0x10, 0x03, 0x14, 0x00, 0x10, 0x03, 0x17, 0x00, 0x10,
    0x03, 0x1E, 0xFF, 0xE8, 0x03, 0x24, 0xFF, 0xE8, 0x03, 0x29, 0xFF, 0xE8, 0x03, 0x37, 0xFF, 0xE8,
    0x03, 0x39, 0xFF, 0xE8, 0x03, 0x3A, 0xFF, 0xE8, 0x03, 0x46, 0xFF, 0xE8, 0x03, 0x55, 0xFF, 0xE8,
    0x03, 0x6F, 0xFF, 0xE8, 0x03, 0x71, 0xFF, 0xE8, 0x03, 0x73, 0xFF, 0xE8, 0x03, 0x75, 0xFF, 0xE8,
    0x03, 0x77, 0xFF, 0xE8, 0x03, 0x79, 0xFF, 0xE8, 0x03, 0x7B, 0xFF, 0xE8, 0x03, 0x7D, 0xFF, 0xE8,
    0x03, 0x91, 0xFF, 0xE8, 0x03, 0x93, 0xFF, 0xE8, 0x03, 0x95, 0xFF, 0xE8, 0x03, 0x99, 0xFF, 0xE8,
    0x03, 0xD4, 0xFF, 0xE8, 0x03, 0xE1, 0xFF, 0xE8, 0x03, 0xE3, 0xFF, 0xE8, 0x00, 0x02, 0x00, 0xF6,
    0xFF, 0xF5, 0x01, 0x86, 0xFF, 0xBB, 0x00, 0x06, 0x00, 0xCA, 0xFF, 0xEA, 0x00, 0xED, 0xFF, 0xEE,
    0x00, 0xF6, 0xFF, 0xCA, 0x00, 0xFE, 0xFF, 0xF3, 0x01, 0x3A, 0xFF, 0xEC, 0x01, 0x6D, 0xFF, 0xEC,
    0x00, 0x08, 0x00, 0xF6, 0xFF, 0xF0, 0x00, 0xFE, 0xFF, 0xF5, 0x01, 0x09, 0xFF, 0xF1, 0x01, 0x20,
    0xFF, 0xF3, 0x01, 0x3A, 0xFF, 0xF1, 0x01, 0x63, 0xFF, 0xF3, 0x01, 0x65, 0xFF, 0xF0, 0x01, 0x6D,
    0xFF, 0xE7, 0x00, 0x11, 0x00, 0x2E, 0xFF, 0xEE, 0x00, 0x39, 0xFF, 0xEE, 0x02, 0x24, 0xFF, 0xEE,
    0x02, 0x25, 0xFF, 0xEE, 0x02, 0x26, 0xFF, 0xEE, 0x02, 0x27, 0xFF, 0xEE, 0x02, 0x74, 0xFF, 0xEE,
    0x02, 0xA3, 0xFF, 0xEE, 0x02, 0xA5, 0xFF, 0xEE, 0x02, 0xA7, 0xFF, 0xEE, 0x02, 0xA9, 0xFF, 0xEE,
    0x02, 0xAB, 0xFF, 0xEE, 0x02, 0xAD, 0xFF, 0xEE, 0x02, 0xEA, 0xFF, 0xEE, 0x03, 0x9A, 0xFF, 0xEE,
    0x03, 0x9C, 0xFF, 0xEE, 0x03, 0xF9, 0xFF, 0xEE, 0x00, 0x03, 0x00, 0x5B, 0xFF, 0xE5, 0x00, 0xB8,
    0xFF, 0xCB, 0x00, 0xCD, 0xFF, 0xE4, 0x00, 0x1B, 0x00, 0x0A, 0xFF, 0xE2, 0x00, 0x0D, 0x00, 0x14,
    0x00, 0x0E, 0xFF, 0xCF, 0x00, 0x41, 0x00, 0x12, 0x00, 0x4A, 0xFF, 0xEA, 0x00, 0x56, 0xFF, 0xD8,
    0x00, 0x58, 0xFF, 0xEA, 0x00, 0x61, 0x00, 0x13, 0x00, 0x6D, 0xFF, 0xAE, 0x00, 0x7C, 0xFF, 0xCD,
    0x00, 0x81, 0xFF, 0xA0, 0x00, 0x86, 0xFF, 0xC1, 0x00, 0x89, 0xFF, 0xC0, 0x00, 0xB8, 0xFF, 0xD0,
    0x00, 0xBC, 0xFF, 0xEA, 0x00, 0xBE, 0xFF, 0xFA, 0x00, 0xBF, 0xFF, 0xC6, 0x00, 0xC0, 0x00, 0x0D,
    0x00, 0xC2, 0xFF, 0xE9, 0x00, 0xC3, 0xFF, 0xD6, 0x00, 0xC6, 0xFF, 0xE8, 0x00, 0xC7, 0xFF, 0xBA,
    0x00, 0xCA, 0xFF, 0xE9, 0x00, 0xCC, 0xFF, 0xCB, 0x00, 0xCD, 0xFF, 0xDA, 0x00, 0xCE, 0xFF, 0xC7,
    0x01, 0x8E, 0xFF, 0xD3, 0x00, 0x14, 0x00, 0xB8, 0xFF, 0xD4, 0x00, 0xBE, 0xFF, 0xFB, 0x00, 0xC2,
    0xFF, 0xED, 0x00, 0xC4, 0x00, 0x11, 0x00, 0xCA, 0xFF, 0xE0, 0x00, 0xCC, 0xFF, 0xE7, 0x00, 0xCD,
    0xFF, 0xE5, 0x00, 0xCE, 0xFF, 0xEE, 0x00, 0xD9, 0x00, 0x12, 0x00, 0xEA, 0xFF, 0xE9, 0x00, 0xF6,
    0xFF, 0xD7, 0x01, 0x3A, 0xFF, 0xD7, 0x01, 0x4A, 0xFF, 0xD3, 0x01, 0x4C, 0xFF, 0xD6, 0x01, 0x4D,
    0xFF, 0xC5, 0x01, 0x58, 0xFF, 0xE7, 0x01, 0x62, 0x00, 0x0D, 0x01, 0x64, 0x00, 0x0C, 0x01, 0x6D,
    0xFF, 0xD6, 0x01, 0x6E, 0xFF, 0xF2, 0x00, 0x04, 0x00, 0x0D, 0x00, 0x0F, 0x00, 0x41, 0x00, 0x0C,
    0x00, 0x56, 0xFF, 0xEB, 0x00, 0x61, 0x00, 0x0E, 0x00, 0x04, 0x00, 0x0D, 0x00, 0x14, 0x00, 0x41,
    0x00, 0x11, 0x00, 0x56, 0xFF, 0xE2, 0x00, 0x61, 0x00, 0x13, 0x00, 0x32, 0x00, 0x04, 0xFF, 0xCA,
    0x00, 0x56, 0xFF, 0xBC, 0x00, 0x5B, 0xFF, 0xCE, 0x00, 0x6D, 0xFF, 0x32, 0x00, 0x7C, 0xFF, 0x57,
    0x00, 0x81, 0xFF, 0x46, 0x00, 0x86, 0xFF, 0xA2, 0x00, 0x89, 0xFF, 0xA1, 0x00, 0xB8, 0xFF, 0xB5,
    0x00, 0xBE, 0xFF, 0xEE, 0x00, 0xBF, 0xFF, 0x7E, 0x00, 0xC3, 0xFF, 0x75, 0x00, 0xC6, 0xFF, 0x95,
    0x00, 0xC7, 0xFF, 0x73, 0x00, 0xCA, 0xFF, 0xAC, 0x00, 0xCC, 0xFF, 0x78, 0x00, 0xCD, 0xFF, 0x7A,
    0x00, 0xCE, 0xFF, 0x72, 0x00, 0xD9, 0xFF, 0xAC, 0x00, 0xE6, 0x00, 0x0F, 0x00, 0xEA, 0xFF, 0xE4,
    0x00, 0xEB, 0xFF, 0xA0, 0x00, 0xED, 0xFF, 0x74, 0x00, 0xEF, 0xFF, 0x80, 0x00, 0xF6, 0xFF, 0xB2,
    0x00, 0xFD, 0xFF, 0x7D, 0x00, 0xFE, 0xFF, 0xA8, 0x00, 0xFF, 0xFF, 0x80, 0x01, 0x01, 0xFF, 0x79,
    0x01, 0x02, 0x00, 0x1B, 0x01, 0x07, 0xFF, 0x7D, 0x01, 0x09, 0xFF, 0x7F, 0x01, 0x1C, 0xFF, 0x76,
    0x01, 0x20, 0xFF, 0xDA, 0x01, 0x2E, 0xFF, 0x81, 0x01, 0x30, 0xFF, 0x98, 0x01, 0x38, 0xFF, 0x7D,
    0x01, 0x3A, 0xFF, 0xB3, 0x01, 0x40, 0xFF, 0xA0, 0x01, 0x4A, 0xFF, 0x7C, 0x01, 0x4C, 0xFF, 0x9A,
    0x01, 0x4D, 0xFF, 0x6C, 0x01, 0x58, 0xFF, 0xE6, 0x01, 0x5F, 0xFF, 0x6B, 0x01, 0x63, 0xFF, 0x92,
    0x01, 0x65, 0xFF, 0xAD, 0x01, 0x69, 0xFF, 0x7B, 0x01, 0x6C, 0x00, 0x0F, 0x01, 0x6D, 0xFF, 0x91,
    0x01, 0x6E, 0xFF, 0xF2, 0x00, 0x1D, 0x00, 0x38, 0xFF, 0xC4, 0x00, 0x3A, 0xFF, 0xED, 0x00, 0x3D,
    0xFF, 0xD0, 0x00, 0xD2, 0xFF, 0xC4, 0x00, 0xD6, 0xFF, 0xC4, 0x01, 0x19, 0xFF, 0xED, 0x01, 0x39,
    0xFF, 0xC4, 0x01, 0x45, 0xFF, 0xC4, 0x02, 0x28, 0xFF, 0xD0, 0x02, 0x9D, 0xFF, 0xC4, 0x02, 0x9F,
    0xFF, 0xC4, 0x02, 0xA1, 0xFF, 0xC4, 0x02, 0xB1, 0xFF, 0xD0, 0x02, 0xB3, 0xFF, 0xD0, 0x02, 0xC3,
    0xFF, 0xD0, 0x02, 0xD2, 0xFF, 0xD0, 0x02, 0xD5, 0xFF, 0xD0, 0x02, 0xF9, 0xFF, 0xC4, 0x03, 0x11,
    0xFF, 0xD0, 0x03, 0x22, 0xFF, 0xED, 0x03, 0x2A, 0xFF, 0xD0, 0x03, 0xA8, 0xFF, 0xD0, 0x03, 0xAA,
    0xFF, 0xD0, 0x03, 0xAC, 0xFF, 0xD0, 0x03, 0xAF, 0xFF, 0xC4, 0x03, 0xBE, 0xFF, 0xD0, 0x03, 0xF7,
    0xFF, 0xC4, 0x03, 0xFA, 0xFF, 0xED, 0x03, 0xFC, 0xFF, 0xED, 0x00, 0x23, 0x00, 0x38, 0xFF, 0xDC,
    0x00, 0x3A, 0xFF, 0xE4, 0x00, 0x3B, 0xFF, 0xEC, 0x00, 0x3D, 0xFF, 0xDD, 0x00, 0xD2, 0xFF, 0xDC,
    0x00, 0xD6, 0xFF, 0xDC, 0x01, 0x19, 0xFF, 0xE4, 0x01, 0x39, 0xFF, 0xDC, 0x01, 0x45, 0xFF, 0xDC,
    0x02, 0x28, 0xFF, 0xDD, 0x02, 0x9D, 0xFF, 0xDC, 0x02, 0x9F, 0xFF, 0xDC, 0x02, 0xA1, 0xFF, 0xDC,
    0x02, 0xAF, 0xFF, 0xEC, 0x02, 0xB1, 0xFF, 0xDD, 0x02, 0xB3, 0xFF, 0xDD, 0x02, 0xC3, 0xFF, 0xDD,
    0x02, 0xD2, 0xFF, 0xDD, 0x02, 0xD5, 0xFF, 0xDD, 0x02, 0xF9, 0xFF, 0xDC, 0x03, 0x0B, 0xFF, 0xEC,
    0x03, 0x0D, 0xFF, 0xEC, 0x03, 0x0F, 0xFF, 0xEC, 0x03, 0x11, 0xFF, 0xDD, 0x03, 0x22, 0xFF, 0xE4,
    0x03, 0x2A, 0xFF, 0xDD, 0x03, 0xA8, 0xFF, 0xDD, 0x03, 0xAA, 0xFF, 0xDD, 0x03, 0xAC, 0xFF, 0xDD,
    0x03, 0xAF, 0xFF, 0xDC, 0x03, 0xBE, 0xFF, 0xDD, 0x03, 0xF7, 0xFF, 0xDC, 0x03, 0xFA, 0xFF, 0xE4,
    0x03, 0xFC, 0xFF, 0xE4, 0x03, 0xFE, 0xFF, 0xEC, 0x00, 0x08, 0x00, 0x58, 0x00, 0x0E, 0x00, 0x81,
    0xFF, 0x17, 0x00, 0xBE, 0xFF, 0xFC, 0x00, 0xC4, 0xFF, 0xAF, 0x00, 0xC7, 0xFF, 0xD1, 0x00, 0xD9,
    0xFF, 0x42, 0x00, 0xED, 0xFF, 0x79, 0x01, 0x5F, 0xFF, 0xD5, 0x00, 0x01, 0x00, 0x5B, 0xFF, 0xBF,
    0x00, 0x10, 0x00, 0x5B, 0xFF, 0xC1, 0x00, 0xB8, 0xFF, 0xC5, 0x00, 0xCA, 0xFF, 0xB4, 0x00, 0xEA,
    0xFF, 0xD7, 0x00, 0xF6, 0xFF, 0xB9, 0x00, 0xFE, 0xFF, 0xE9, 0x01, 0x09, 0xFF, 0xB2, 0x01, 0x1C,
    0xFF, 0xD2, 0x01, 0x20, 0xFF, 0xC8, 0x01, 0x3A, 0xFF, 0xA0, 0x01, 0x4A, 0xFF, 0xC5, 0x01, 0x58,
    0xFF, 0xE4, 0x01, 0x63, 0xFF, 0xCC, 0x01, 0x65, 0xFF, 0xCC, 0x01, 0x6D, 0xFF, 0xCB, 0x01, 0x6E,
    0xFF, 0xEF, 0x00, 0x08, 0x00, 0xD9, 0x00, 0x15, 0x00, 0xED, 0x00, 0x15, 0x01, 0x49, 0xFF, 0xE4,
    0x01, 0x4A, 0xFF, 0xE5, 0x01, 0x4C, 0xFF, 0xE4, 0x01, 0x62, 0xFF, 0xE3, 0x01, 0x64, 0xFF, 0xE2,
    0x01, 0x6C, 0xFF, 0xE4, 0x00, 0xD7, 0x00, 0x10, 0xFE, 0xFB, 0x00, 0x12, 0xFE, 0xFB, 0x00, 0x25,
    0xFF, 0x47, 0x00, 0x2E, 0xFF, 0x1E, 0x00, 0x38, 0x00, 0x14, 0x00, 0x45, 0xFF, 0xDE, 0x00, 0x47,
    0xFF, 0xEB, 0x00, 0x48, 0xFF, 0xEB, 0x00, 0x49, 0xFF, 0xEB, 0x00, 0x4B, 0xFF, 0xEB, 0x00, 0x53,
    0xFF, 0xEB, 0x00, 0x55, 0xFF, 0xEB, 0x00, 0x56, 0xFF, 0xE6, 0x00, 0x59, 0xFF, 0xEA, 0x00, 0x5A,
    0xFF, 0xE8, 0x00, 0x5D, 0xFF, 0xE8, 0x00, 0x94, 0xFF, 0xEB, 0x00, 0x99, 0xFF, 0xEB, 0x00, 0x9B,
    0xFF, 0xEA, 0x00, 0xB2, 0xFF, 0x47, 0x00, 0xB4, 0xFF, 0x47, 0x00, 0xBB, 0xFF, 0xEB, 0x00, 0xBD,
    0xFF, 0xE8, 0x00, 0xC8, 0xFF, 0xEB, 0x00, 0xC9, 0xFF, 0xEB, 0x00, 0xCB, 0xFF, 0xEA, 0x00, 0xD2,
    0x00, 0x14, 0x00, 0xD6, 0x00, 0x14, 0x00, 0xF7, 0xFF, 0xEB, 0x01, 0x03, 0xFF, 0xEB, 0x01, 0x0D,
    0xFF, 0x47, 0x01, 0x18, 0xFF, 0xEB, 0x01, 0x1A, 0xFF, 0xE8, 0x01, 0x1E, 0xFF, 0xEB, 0x01, 0x22,
    0xFF, 0xEB, 0x01, 0x39, 0x00, 0x14, 0x01, 0x42, 0xFF, 0xEB, 0x01, 0x45, 0x00, 0x14, 0x01, 0x60,
    0xFF, 0xEB, 0x01, 0x61, 0xFF, 0xEB, 0x01, 0x6B, 0xFF, 0xEB, 0x01, 0x87, 0xFE, 0xFB, 0x01, 0x8B,
    0xFE, 0xFB, 0x01, 0x8F, 0xFE, 0xFB, 0x01, 0x90, 0xFE, 0xFB, 0x02, 0x0E, 0xFF, 0x47, 0x02, 0x0F,
    0xFF, 0x47, 0x02, 0x10, 0xFF, 0x47, 0x02, 0x11, 0xFF, 0x47, 0x02, 0x12, 0xFF, 0x47, 0x02, 0x13,
    0xFF, 0x47, 0x02, 0x14, 0xFF, 0x47, 0x02, 0x29, 0xFF, 0xDE, 0x02, 0x2A, 0xFF, 0xDE, 0x02, 0x2B,
    0xFF, 0xDE, 0x02, 0x2C, 0xFF, 0xDE, 0x02, 0x2D, 0xFF, 0xDE, 0x02, 0x2E, 0xFF, 0xDE, 0x02, 0x2F,
    0xFF, 0xDE, 0x02, 0x30, 0xFF, 0xEB, 0x02, 0x31, 0xFF, 0xEB, 0x02, 0x32, 0xFF, 0xEB, 0x02, 0x33,
    0xFF, 0xEB, 0x02, 0x34, 0xFF, 0xEB, 0x02, 0x3A, 0xFF, 0xEB, 0x02, 0x3B, 0xFF, 0xEB, 0x02, 0x3C,
    0xFF, 0xEB, 0x02, 0x3D, 0xFF, 0xEB, 0x02, 0x3E, 0xFF, 0xEB, 0x02, 0x3F, 0xFF, 0xEA, 0x02, 0x40,
    0xFF, 0xEA, 0x02, 0x41, 0xFF, 0xEA, 0x02, 0x42, 0xFF, 0xEA, 0x02, 0x43, 0xFF, 0xE8, 0x02, 0x44,
    0xFF, 0xE8, 0x02, 0x45, 0xFF, 0x47, 0x02, 0x46, 0xFF, 0xDE, 0x02, 0x47, 0xFF, 0x47, 0x02, 0x48,
    0xFF, 0xDE, 0x02, 0x49, 0xFF, 0x47, 0x02, 0x4A, 0xFF, 0xDE, 0x02, 0x4C, 0xFF, 0xEB, 0x02, 0x4E,
    0xFF, 0xEB, 0x02, 0x50, 0xFF, 0xEB, 0x02, 0x52, 0xFF, 0xEB, 0x02, 0x54, 0xFF, 0xEB, 0x02, 0x56,
    0xFF, 0xEB, 0x02, 0x58, 0xFF, 0xEB, 0x02, 0x5A, 0xFF, 0xEB, 0x02, 0x5C, 0xFF, 0xEB, 0x02, 0x5E,
    0xFF, 0xEB, 0x02, 0x60, 0xFF, 0xEB, 0x02, 0x62, 0xFF, 0xEB, 0x02, 0x64, 0xFF, 0xEB, 0x02, 0x66,
    0xFF, 0xEB, 0x02, 0x74, 0xFF, 0x1E, 0x02, 0x88, 0xFF, 0xEB, 0x02, 0x8A, 0xFF, 0xEB, 0x02, 0x8C,
    0xFF, 0xEB, 0x02, 0x9D, 0x00, 0x14, 0x02, 0x9F, 0x00, 0x14, 0x02, 0xA1, 0x00, 0x14, 0x02, 0xA4,
    0xFF, 0xEA, 0x02, 0xA6, 0xFF, 0xEA, 0x02, 0xA8, 0xFF, 0xEA, 0x02, 0xAA, 0xFF, 0xEA, 0x02, 0xAC,
    0xFF, 0xEA, 0x02, 0xAE, 0xFF, 0xEA, 0x02, 0xB2, 0xFF, 0xE8, 0x02, 0xBE, 0xFF, 0x47, 0x02, 0xC6,
    0xFF, 0x47, 0x02, 0xD6, 0xFF, 0xEB, 0x02, 0xDA, 0xFF, 0xEA, 0x02, 0xDC, 0xFF, 0xEB, 0x02, 0xDE,
    0xFF, 0xE8, 0x02, 0xE1, 0xFF, 0xEA, 0x02, 0xE2, 0xFF, 0xEB, 0x02, 0xE3, 0xFF, 0xEA, 0x02, 0xEA,
    0xFF, 0x1E, 0x02, 0xEE, 0xFF, 0x47, 0x02, 0xF9, 0x00, 0x14, 0x02, 0xFB, 0xFF, 0xDE, 0x02, 0xFC,
    0xFF, 0xEB, 0x02, 0xFE, 0xFF, 0xEB, 0x03, 0x00, 0xFF, 0xEB, 0x03, 0x01, 0xFF, 0xE8, 0x03, 0x03,
    0xFF, 0xEB, 0x03, 0x0A, 0xFF, 0xE8, 0x03, 0x12, 0xFF, 0xE8, 0x03, 0x1A, 0xFF, 0x47, 0x03, 0x1B,
    0xFF, 0xDE, 0x03, 0x1E, 0xFF, 0xEB, 0x03, 0x23, 0xFF, 0xE8, 0x03, 0x24, 0xFF, 0xEB, 0x03, 0x29,
    0xFF, 0xEB, 0x03, 0x2B, 0xFF, 0xE8, 0x03, 0x30, 0xFF, 0x47, 0x03, 0x31, 0xFF, 0xDE, 0x03, 0x32,
    0xFF, 0x47, 0x03, 0x33, 0xFF, 0xDE, 0x03, 0x37, 0xFF, 0xEB, 0x03, 0x39, 0xFF, 0xEB, 0x03, 0x3A,
    0xFF, 0xEB, 0x03, 0x44, 0xFF, 0xEB, 0x03, 0x46, 0xFF, 0xEB, 0x03, 0x48, 0xFF, 0xEB, 0x03, 0x4C,
    0xFF, 0xE8, 0x03, 0x4E, 0xFF, 0xE8, 0x03, 0x50, 0xFF, 0xE8, 0x03, 0x55, 0xFF, 0xEB, 0x03, 0x56,
    0xFF, 0x47, 0x03, 0x57, 0xFF, 0xDE, 0x03, 0x58, 0xFF, 0x47, 0x03, 0x59, 0xFF, 0xDE, 0x03, 0x5A,
    0xFF, 0x47, 0x03, 0x5B, 0xFF, 0xDE, 0x03, 0x5C, 0xFF, 0x47, 0x03, 0x5D, 0xFF, 0xDE, 0x03, 0x5E,
    0xFF, 0x47, 0x03, 0x5F, 0xFF, 0xDE, 0x03, 0x60, 0xFF, 0x47, 0x03, 0x61, 0xFF, 0xDE, 0x03, 0x62,
    0xFF, 0x47, 0x03, 0x63, 0xFF, 0xDE, 0x03, 0x64, 0xFF, 0x47, 0x03, 0x65, 0xFF, 0xDE, 0x03, 0x66,
    0xFF, 0x47, 0x03, 0x67, 0xFF, 0xDE, 0x03, 0x68, 0xFF, 0x47, 0x03, 0x69, 0xFF, 0xDE, 0x03, 0x6A,
    0xFF, 0x47, 0x03, 0x6B, 0xFF, 0xDE, 0x03, 0x6C, 0xFF, 0x47, 0x03, 0x6D, 0xFF, 0xDE, 0x03, 0x6F,
    0xFF, 0xEB, 0x03, 0x71, 0xFF, 0xEB, 0x03, 0x73, 0xFF, 0xEB, 0x03, 0x75, 0xFF, 0xEB, 0x03, 0x77,
    0xFF, 0xEB, 0x03, 0x79, 0xFF, 0xEB, 0x03, 0x7B, 0xFF, 0xEB, 0x03, 0x7D, 0xFF, 0xEB, 0x03, 0x83,
    0xFF, 0xEB, 0x03, 0x85, 0xFF, 0xEB, 0x03, 0x87, 0xFF, 0xEB, 0x03, 0x89, 0xFF, 0xEB, 0x03, 0x8B,
    0xFF, 0xEB, 0x03, 0x8D, 0xFF, 0xEB, 0x03, 0x8F, 0xFF, 0xEB, 0x03, 0x91, 0xFF, 0xEB, 0x03, 0x93,
    0xFF, 0xEB, 0x03, 0x95, 0xFF, 0xEB, 0x03, 0x97, 0xFF, 0xEB, 0x03, 0x99, 0xFF, 0xEB, 0x03, 0x9B,
    0xFF, 0xEA, 0x03, 0x9D, 0xFF, 0xEA, 0x03, 0x9F, 0xFF, 0xEA, 0x03, 0xA1, 0xFF, 0xEA, 0x03, 0xA3,
    0xFF, 0xEA, 0x03, 0xA5, 0xFF, 0xEA, 0x03, 0xA7, 0xFF, 0xEA, 0x03, 0xA9, 0xFF, 0xE8, 0x03, 0xAB,
    0xFF, 0xE8, 0x03, 0xAD, 0xFF, 0xE8, 0x03, 0xAF, 0x00, 0x14, 0x03, 0xD1, 0xFF, 0x47, 0x03, 0xD2,
    0xFF, 0xDE, 0x03, 0xD4, 0xFF, 0xEB, 0x03, 0xD8, 0xFF, 0xEB, 0x03, 0xDC, 0xFF, 0xEA, 0x03, 0xE1,
    0xFF, 0xEB, 0x03, 0xE3, 0xFF, 0xEB, 0x03, 0xF7, 0x00, 0x14, 0x03, 0xFB, 0xFF, 0xE8, 0x03, 0xFD,
    0xFF, 0xE8, 0x00, 0x02, 0x00, 0x4A, 0xFF, 0xEE, 0x00, 0x5B, 0xFF, 0xEA, 0x00, 0x07, 0x00, 0x81,
    0xFF, 0xDF, 0x00, 0xB5, 0xFF, 0xF3, 0x00, 0xB7, 0xFF, 0xF0, 0x00, 0xC4, 0xFF, 0xEA, 0x00, 0xD9,
    0xFF, 0xDF, 0x00, 0xE6, 0xFF, 0xE0, 0x01, 0x6C, 0xFF, 0xE0, 0x00, 0x04, 0x00, 0x0D, 0xFF, 0xE6,
    0x00, 0x41, 0xFF, 0xF4, 0x00, 0x61, 0xFF, 0xEF, 0x01, 0x4D, 0xFF, 0xED, 0x00, 0x02, 0x01, 0x11,
    0x00, 0x0B, 0x01, 0x6C, 0xFF, 0xE6, 0x00, 0x15, 0x00, 0x23, 0xFF, 0xB5, 0x00, 0x58, 0xFF, 0xEF,
    0x00, 0x5B, 0xFF, 0xDF, 0x00, 0x9A, 0xFF, 0xEE, 0x00, 0xB8, 0xFF, 0xE5, 0x00, 0xB9, 0xFF, 0xD1,
    0x00, 0xC4, 0x00, 0x11, 0x00, 0xCA, 0xFF, 0xC8, 0x00, 0xD9, 0x00, 0x13, 0x00, 0xE6, 0xFF, 0xC5,
    0x00, 0xF6, 0xFF, 0xCA, 0x01, 0x3A, 0xFF, 0x8B, 0x01, 0x49, 0xFF, 0x5F, 0x01, 0x4A, 0xFF, 0x82,
    0x01, 0x4C, 0xFF, 0x86, 0x01, 0x4D, 0xFF, 0xDD, 0x01, 0x58, 0xFF, 0xF2, 0x01, 0x62, 0xFF, 0x9E,
    0x01, 0x64, 0xFF, 0xCA, 0x01, 0x6C, 0xFF, 0x8C, 0x01, 0x6D, 0xFF, 0xB5, 0x00, 0x18, 0x00, 0x3A,
    0x00, 0x14, 0x00, 0x3B, 0x00, 0x20, 0x00, 0x3D, 0x00, 0x16, 0x01, 0x19, 0x00, 0x14, 0x02, 0x28,
    0x00, 0x16, 0x02, 0xAF, 0x00, 0x20, 0x02, 0xB1, 0x00, 0x16, 0x02, 0xB3, 0x00, 0x16, 0x02, 0xC3,
    0x00, 0x16, 0x02, 0xD2, 0x00, 0x16, 0x02, 0xD5, 0x00, 0x16, 0x03, 0x0B, 0x00, 0x20, 0x03, 0x0D,
    0x00, 0x20, 0x03, 0x0F, 0x00, 0x20, 0x03, 0x11, 0x00, 0x16, 0x03, 0x22, 0x00, 0x14, 0x03, 0x2A,
    0x00, 0x16, 0x03, 0xA8, 0x00, 0x16, 0x03, 0xAA, 0x00, 0x16, 0x03, 0xAC, 0x00, 0x16, 0x03, 0xBE,
    0x00, 0x16, 0x03, 0xFA, 0x00, 0x14, 0x03, 0xFC, 0x00, 0x14, 0x03, 0xFE, 0x00, 0x20, 0x00, 0x01,
    0x00, 0x5B, 0x00, 0x0B, 0x00, 0x0B, 0x00, 0x38, 0xFF, 0xCA, 0x00, 0xD2, 0xFF, 0xCA, 0x00, 0xD6,
    0xFF, 0xCA, 0x01, 0x39, 0xFF, 0xCA, 0x01, 0x45, 0xFF, 0xCA, 0x02, 0x9D, 0xFF, 0xCA, 0x02, 0x9F,
    0xFF, 0xCA, 0x02, 0xA1, 0xFF, 0xCA, 0x02, 0xF9, 0xFF, 0xCA, 0x03, 0xAF, 0xFF, 0xCA, 0x03, 0xF7,
    0xFF, 0xCA, 0x00, 0x00, 0x00, 0x06, 0x00, 0x64, 0x00, 0x00, 0x03, 0x28, 0x05, 0xB0, 0x00, 0x03,
    0x00, 0x07, 0x00, 0x0B, 0x00, 0x0F, 0x00, 0x13, 0x00, 0x17, 0x00, 0x00, 0x01, 0x15, 0x21, 0x35,
    0x33, 0x11, 0x23, 0x11, 0x21, 0x11, 0x23, 0x11, 0x13, 0x15, 0x21, 0x35, 0x01, 0x01, 0x23, 0x01,
    0x11, 0x01, 0x33, 0x01, 0x03, 0x09, 0xFD, 0x76, 0x1B, 0x36, 0x02, 0xC4, 0x36, 0x17, 0xFD, 0x76,
    0x02, 0x8A, 0xFD, 0xAF, 0x3A, 0x02, 0x51, 0xFD, 0xAF, 0x3A, 0x02, 0x51, 0x05, 0xB0, 0x36, 0x36,
    0xFA, 0x50, 0x05, 0xB0, 0xFA, 0x50, 0x05, 0xB0, 0xFA, 0x86, 0x36, 0x36, 0x05, 0x5C, 0xFA, 0x8C,
    0x05, 0x74, 0xFA, 0x8C, 0x05, 0x74, 0xFA, 0x8C, 0x00, 0x02, 0x00, 0x7A, 0xFF, 0xF0, 0x01, 0xBE,
    0x05, 0xB0, 0x00, 0x03, 0x00, 0x0F, 0x00, 0x13, 0x40, 0x09, 0x02, 0x02, 0x07, 0x0D, 0x0B, 0x72,
    0x00, 0x02, 0x72, 0x00, 0x2B, 0x2B, 0xDD, 0xCE, 0x2F, 0x30, 0x31, 0x01, 0x03, 0x23, 0x03, 0x03,
    0x34, 0x36, 0x33, 0x32, 0x16, 0x15, 0x14, 0x06, 0x23, 0x22, 0x26, 0x01, 0xB5, 0x21, 0xF0, 0x22,
    0x08, 0x59, 0x49, 0x4A, 0x58, 0x58, 0x4A, 0x49, 0x59, 0x05, 0xB0, 0xFC, 0x0D, 0x03, 0xF3, 0xFA,
    0xD4, 0x40, 0x55, 0x55, 0x40, 0x3E, 0x56, 0x56, 0x00, 0x02, 0x00, 0x3E, 0x03, 0xE1, 0x02, 0x4C,
    0x06, 0x01, 0x00, 0x05, 0x00, 0x0B, 0x00, 0x0C, 0xB3, 0x09, 0x03, 0x0B, 0x05, 0x00, 0x2F, 0x33,
    0xCD, 0x32, 0x30, 0x31, 0x01, 0x15, 0x03, 0x23, 0x11, 0x35, 0x21, 0x15, 0x03, 0x23, 0x11, 0x35,
    0x01, 0x07, 0x27, 0xA2, 0x02, 0x0E, 0x27, 0xA2, 0x06, 0x01, 0x8A, 0xFE, 0x6A, 0x01, 0x89, 0x97,
    0x8A, 0xFE, 0x6A, 0x01, 0x92, 0x8E, 0x00, 0x04, 0x00, 0x3B, 0x00, 0x00, 0x04, 0x97, 0x05, 0xB0,
    0x00, 0x03, 0x00, 0x07, 0x00, 0x0B, 0x00, 0x0F, 0x00, 0x23, 0x40, 0x11, 0x04, 0x00, 0x05, 0x0D,
    0x0E, 0x0E, 0x00, 0x0A, 0x09, 0x09, 0x00, 0x02, 0x02, 0x72, 0x00, 0x12, 0x72, 0x00, 0x2B, 0x2B,
    0x11, 0x39, 0x2F, 0x33, 0x11, 0x39, 0x2F, 0x33, 0x32, 0x11, 0x33, 0x30, 0x31, 0x33, 0x13, 0x33,
    0x03, 0x33, 0x13, 0x33, 0x03, 0x01, 0x21, 0x35, 0x21, 0x03, 0x21, 0x35, 0x21, 0xD7, 0xFE, 0xB5,
    0xFE, 0xC2, 0xFF, 0xB5, 0xFF, 0x01, 0x94, 0xFB, 0xEF, 0x04, 0x11, 0x4C, 0xFB, 0xF0, 0x04, 0x10,
    0x05, 0xB0, 0xFA, 0x50, 0x05, 0xB0, 0xFA, 0x50, 0x03, 0x67, 0xA9, 0xFD, 0x8A, 0xA8, 0x00, 0x03,
    0x00, 0x5C, 0xFF, 0x29, 0x04, 0x38, 0x06, 0x97, 0x00, 0x03, 0x00, 0x07, 0x00, 0x3D, 0x00, 0x36,
    0x40, 0x1C, 0x04, 0x07, 0x3A, 0x3A, 0x08, 0x2B, 0x10, 0x23, 0x04, 0x14, 0x2F, 0x35, 0x35, 0x06,
    0x2F, 0x0D, 0x72, 0x01, 0x02, 0x1F, 0x1F, 0x14, 0x1A, 0x1A, 0x03, 0x14, 0x05, 0x72, 0x00, 0x2B,
    0xCD, 0x33, 0x2F, 0x11, 0x33, 0x12, 0x39, 0x39, 0x2B, 0xCD, 0x33, 0x2F, 0x11, 0x12, 0x17, 0x39,
    0x33, 0x12, 0x39, 0x39, 0x30, 0x31, 0x01, 0x11, 0x23, 0x11, 0x13, 0x11, 0x23, 0x11, 0x01, 0x34,
    0x26, 0x26, 0x27, 0x2E, 0x02, 0x35, 0x34, 0x36, 0x36, 0x33, 0x32, 0x1E, 0x02, 0x15, 0x21, 0x34,
    0x2E, 0x02, 0x23, 0x22, 0x06, 0x06, 0x15, 0x14, 0x16, 0x16, 0x17, 0x1E, 0x02, 0x15, 0x14, 0x06,
    0x06, 0x23, 0x22, 0x2E, 0x02, 0x35, 0x21, 0x14, 0x1E, 0x02, 0x33, 0x32, 0x36, 0x36, 0x02, 0xBD,
    0x9C, 0x89, 0x9C, 0x01, 0x0A, 0x29, 0x5B, 0x4D, 0x82, 0xC5, 0x6E, 0x76, 0xD1, 0x8B, 0x6A, 0xAC,
    0x7C, 0x42, 0xFE, 0xE1, 0x1A, 0x31, 0x44, 0x29, 0x3D, 0x4E, 0x23, 0x25, 0x5C, 0x50, 0x82, 0xC4,
    0x6E, 0x78, 0xD8, 0x8E, 0x5C, 0xB6, 0x94, 0x58, 0x01, 0x20, 0x26, 0x3F, 0x50, 0x29, 0x40, 0x53,
    0x2B, 0x06, 0x97, 0xFE, 0xD9, 0x01, 0x27, 0xF9, 0x9F, 0xFE, 0xF3, 0x01, 0x0D, 0x01, 0x48, 0x39,
    0x50, 0x3E, 0x1D, 0x32, 0x71, 0xA9, 0x82, 0x7C, 0xB6, 0x63, 0x3F, 0x79, 0xAE, 0x70, 0x3C, 0x5C,
    0x3E, 0x1F, 0x30, 0x51, 0x34, 0x33, 0x4C, 0x3F, 0x21, 0x32, 0x74, 0xA8, 0x82, 0x81, 0xB5, 0x5F,
    0x31, 0x6E, 0xB7, 0x86, 0x49, 0x61, 0x39, 0x18, 0x2E, 0x51, 0x00, 0x05, 0x00, 0x60, 0xFF, 0xEC,
    0x05, 0x91, 0x05, 0xC5, 0x00, 0x11, 0x00, 0x23, 0x00, 0x35, 0x00, 0x47, 0x00, 0x4B, 0x00, 0x23,
    0x40, 0x11, 0x49, 0x32, 0x4B, 0x05, 0x3B, 0x44, 0x29, 0x32, 0x17, 0x0E, 0x20, 0x05, 0x05, 0x72,
    0x32, 0x0D, 0x72, 0x00, 0x2B, 0x2B, 0x32, 0xC4, 0x32, 0x10, 0xC4, 0x32, 0x33, 0x11, 0x33, 0x11,
    0x33, 0x30, 0x31, 0x13, 0x35, 0x34, 0x36, 0x36, 0x33, 0x32, 0x16, 0x16, 0x15, 0x15, 0x14, 0x06,
    0x06, 0x23, 0x22, 0x26, 0x26, 0x37, 0x15, 0x14, 0x16, 0x16, 0x33, 0x32, 0x36, 0x36, 0x35, 0x35,
    0x34, 0x26, 0x26, 0x23, 0x22, 0x06, 0x06, 0x01, 0x35, 0x34, 0x36, 0x36, 0x33, 0x32, 0x16, 0x16,
    0x15, 0x15, 0x14, 0x06, 0x06, 0x23, 0x22, 0x26, 0x26, 0x37, 0x15, 0x14, 0x16, 0x16, 0x33, 0x32,
    0x36, 0x36, 0x35, 0x35, 0x34, 0x26, 0x26, 0x23, 0x22, 0x06, 0x06, 0x13, 0x01, 0x27, 0x01, 0x60,
    0x48, 0x8C, 0x67, 0x68, 0x8D, 0x47, 0x47, 0x8C, 0x67, 0x68, 0x8D, 0x48, 0xBF, 0x1B, 0x38, 0x2B,
    0x2A, 0x36, 0x1A, 0x1B, 0x37, 0x2A, 0x2A, 0x37, 0x1B, 0x01, 0xF9, 0x49, 0x8D, 0x67, 0x68, 0x8C,
    0x48, 0x47, 0x8C, 0x67, 0x68, 0x8E, 0x49, 0xC0, 0x20, 0x39, 0x26, 0x30, 0x36, 0x15, 0x1C, 0x37,
    0x2B, 0x29, 0x37, 0x1C, 0xC4, 0xFD, 0x39, 0x8C, 0x02, 0xC7, 0x04, 0x4B, 0x4D, 0x53, 0x88, 0x52,
    0x52, 0x88, 0x53, 0x4D, 0x51, 0x88, 0x52, 0x52, 0x88, 0x9E, 0x4D, 0x23, 0x3F, 0x27, 0x27, 0x3F,
    0x23, 0x4D, 0x25, 0x3F, 0x27, 0x27, 0x3F, 0xFC, 0x5A, 0x4E, 0x52, 0x88, 0x52, 0x52, 0x88, 0x52,
    0x4E, 0x52, 0x87, 0x52, 0x52, 0x88, 0x9F, 0x4D, 0x24, 0x40, 0x26, 0x26, 0x40, 0x24, 0x4D, 0x24,
    0x3F, 0x27, 0x27, 0x3F, 0x03, 0x57, 0xFB, 0x8E, 0x4A, 0x04, 0x72, 0x00, 0x00, 0x01, 0x00, 0x47,
    0xFF, 0xEB, 0x05, 0x29, 0x05, 0xC5, 0x00, 0x42, 0x00, 0x24, 0x40, 0x14, 0x23, 0x12, 0x00, 0x0F,
    0x22, 0x01, 0x06, 0x1A, 0x30, 0x30, 0x2B, 0x11, 0x11, 0x3B, 0x13, 0x72, 0x07, 0x1A, 0x03, 0x72,
    0x00, 0x2B, 0x32, 0x2B, 0x32, 0x2F, 0x32, 0x32, 0x2F, 0x11, 0x17, 0x39, 0x30, 0x31, 0x01, 0x25,
    0x36, 0x36, 0x35, 0x34, 0x26, 0x23, 0x22, 0x06, 0x06, 0x15, 0x14, 0x16, 0x16, 0x17, 0x01, 0x21,
    0x01, 0x2E, 0x02, 0x35, 0x34, 0x36, 0x36, 0x33, 0x32, 0x16, 0x16, 0x15, 0x14, 0x06, 0x06, 0x07,
    0x05, 0x0E, 0x02, 0x15, 0x14, 0x16, 0x16, 0x33, 0x32, 0x3E, 0x02, 0x35, 0x33, 0x14, 0x06, 0x06,
    0x07, 0x06, 0x06, 0x07, 0x06, 0x06, 0x23, 0x22, 0x26, 0x26, 0x35, 0x34, 0x36, 0x36, 0x01, 0x55,
    0x01, 0x18, 0x3E, 0x2A, 0x46, 0x3F, 0x2D, 0x3E, 0x1F, 0x30, 0x52, 0x32, 0x02, 0xAF, 0xFE, 0xB9,
    0xFD, 0xD0, 0x47, 0x6A, 0x3C, 0x62, 0xB2, 0x78, 0x71, 0xA6, 0x5B, 0x32, 0x58, 0x39, 0xFE, 0xC1,
    0x25, 0x26, 0x0E, 0x32, 0x5A, 0x3C, 0x52, 0x9A, 0x7A, 0x48, 0xF4, 0x2C, 0x62, 0x51, 0x06, 0x15,
    0x07, 0x60, 0xD0, 0x80, 0x92, 0xD5, 0x73, 0x45, 0x7A, 0x03, 0x0B, 0xB5, 0x29, 0x4C, 0x2F, 0x2F,
    0x51, 0x29, 0x44, 0x2A, 0x2D, 0x5D, 0x67, 0x3C, 0xFC, 0xE0, 0x02, 0x88, 0x58, 0x93, 0x8C, 0x4A,
    0x72, 0xAB, 0x5F, 0x5D, 0x98, 0x5B, 0x44, 0x73, 0x61, 0x29, 0xE3, 0x22, 0x42, 0x3B, 0x1B, 0x3A,
    0x5C, 0x34, 0x48, 0x87, 0xBA, 0x70, 0x70, 0xC9, 0xAB, 0x42, 0x05, 0x13, 0x05, 0x4D, 0x4B, 0x6A,
    0xBA, 0x78, 0x58, 0x83, 0x70, 0x00, 0x00, 0x01, 0x00, 0x3F, 0x03, 0xE0, 0x01, 0x12, 0x06, 0x00,
    0x00, 0x05, 0x00, 0x08, 0xB1, 0x03, 0x05, 0x00, 0x2F, 0xC6, 0x30, 0x31, 0x01, 0x15, 0x03, 0x23,
    0x13, 0x35, 0x01, 0x12, 0x1D, 0xB6, 0x01, 0x06, 0x00, 0x91, 0xFE, 0x71, 0x01, 0x80, 0xA0, 0x00,
    0x00, 0x01, 0x00, 0x7D, 0xFE, 0x38, 0x02, 0xA4, 0x06, 0x52, 0x00, 0x17, 0x00, 0x08, 0xB1, 0x06,
    0x13, 0x00, 0x2F, 0x2F, 0x30, 0x31, 0x13, 0x35, 0x34, 0x12, 0x12, 0x36, 0x37, 0x17, 0x0E, 0x02,
    0x02, 0x15, 0x15, 0x14, 0x12, 0x16, 0x16, 0x17, 0x07, 0x26, 0x26, 0x02, 0x02, 0x7D, 0x59, 0x93,
    0xAE, 0x56, 0x37, 0x39, 0x6E, 0x59, 0x36, 0x36, 0x59, 0x6E, 0x39, 0x37, 0x56, 0xAE, 0x93, 0x59,
    0x02, 0x3A, 0x16, 0xD3, 0x01, 0x58, 0x01, 0x05, 0xAC, 0x26, 0x98, 0x2A, 0x93, 0xD5, 0xFE, 0xE1,
    0xB7, 0x1A, 0xB7, 0xFE, 0xE1, 0xD7, 0x94, 0x2B, 0x94, 0x26, 0xAB, 0x01, 0x05, 0x01, 0x59, 0x00,
    0x00, 0x01, 0x00, 0x28, 0xFE, 0x38, 0x02, 0x5F, 0x06, 0x52, 0x00, 0x17, 0x00, 0x08, 0xB1, 0x13,
    0x06, 0x00, 0x2F, 0x2F, 0x30, 0x31, 0x01, 0x15, 0x14, 0x02, 0x02, 0x06, 0x07, 0x27, 0x3E, 0x02,
    0x12, 0x35, 0x35, 0x34, 0x02, 0x26, 0x26, 0x27, 0x37, 0x16, 0x16, 0x12, 0x12, 0x02, 0x5F, 0x5C,
    0x97, 0xB3, 0x59, 0x38, 0x39, 0x6D, 0x5A, 0x35, 0x36, 0x5B, 0x6D, 0x37, 0x38, 0x59, 0xB3, 0x97,
    0x5C, 0x02, 0x50, 0x16, 0xCC, 0xFE, 0xA9, 0xFE, 0xF7, 0xB0, 0x26, 0x94, 0x2A, 0x94, 0xD7, 0x01,
    0x20, 0xB7, 0x1A, 0xB7, 0x01, 0x20, 0xD7, 0x93, 0x2A, 0x95, 0x26, 0xB1, 0xFE, 0xF8, 0xFE, 0xA9,
    0x00, 0x01, 0x00, 0x1B, 0x02, 0x41, 0x03, 0x96, 0x05, 0xB0, 0x00, 0x0E, 0x00, 0x14, 0x40, 0x0A,
    0x0D, 0x01, 0x07, 0x04, 0x04, 0x0E, 0x0C, 0x06, 0x02, 0x72, 0x00, 0x2B, 0xC4, 0x32, 0x17, 0x39,
    0x30, 0x31, 0x13, 0x13, 0x25, 0x37, 0x05, 0x03, 0x33, 0x03, 0x25, 0x17, 0x05, 0x13, 0x07, 0x03,
    0x03, 0x7E, 0xDB, 0xFE, 0xC2, 0x3C, 0x01, 0x38, 0x13, 0xC2, 0x15, 0x01, 0x32, 0x3B, 0xFE, 0xBD,
    0xD4, 0x9D, 0xB8, 0xB7, 0x02, 0xB4, 0x01, 0x11, 0x5A, 0xB0, 0x7C, 0x01, 0x5D, 0xFE, 0x9C, 0x7B,
    0xB3, 0x5A, 0xFE, 0xF5, 0x6E, 0x01, 0x24, 0xFE, 0xE5, 0x00, 0x00, 0x02, 0x00, 0x38, 0x00, 0x92,
    0x04, 0x1E, 0x04, 0xB6, 0x00, 0x03, 0x00, 0x07, 0x00, 0x10, 0xB5, 0x07, 0x07, 0x03, 0x03, 0x06,
    0x02, 0x00, 0x2F, 0xC6, 0x33, 0x10, 0xC6, 0x2F, 0x30, 0x31, 0x01, 0x15, 0x21, 0x35, 0x01, 0x11,
    0x21, 0x11, 0x04, 0x1E, 0xFC, 0x1A, 0x02, 0x7C, 0xFE, 0xEF, 0x03, 0x2B, 0xFB, 0xFB, 0x01, 0x8B,
    0xFB, 0xDC, 0x04, 0x24, 0x00, 0x01, 0x00, 0x26, 0xFE, 0x99, 0x01, 0x81, 0x00, 0xF3, 0x00, 0x0A,
    0x00, 0x08, 0xB1, 0x04, 0x00, 0x00, 0x2F, 0xCD, 0x30, 0x31, 0x25, 0x07, 0x14, 0x06, 0x07, 0x27,
    0x3E, 0x02, 0x35, 0x35, 0x01, 0x81, 0x01, 0x6F, 0x55, 0x96, 0x19, 0x30, 0x20, 0xF3, 0xC1, 0x6F,
    0xE2, 0x48, 0x4D, 0x2E, 0x5C, 0x6E, 0x46, 0xCF, 0x00, 0x01, 0x00, 0x73, 0x02, 0x00, 0x02, 0xA8,
    0x02, 0xE2, 0x00, 0x03, 0x00, 0x08, 0xB1, 0x03, 0x02, 0x00, 0x2F, 0x33, 0x30, 0x31, 0x01, 0x15,
    0x21, 0x35, 0x02, 0xA8, 0xFD, 0xCB, 0x02, 0xE2, 0xE2, 0xE2, 0x00, 0x01, 0x00, 0x7E, 0xFF, 0xF5,
    0x01, 0xC4, 0x01, 0x21, 0x00, 0x0B, 0x00, 0x0A, 0xB3, 0x03, 0x09, 0x0B, 0x72, 0x00, 0x2B, 0x32,
    0x30, 0x31, 0x37, 0x34, 0x36, 0x33, 0x32, 0x16, 0x15, 0x14, 0x06, 0x23, 0x22, 0x26, 0x7E, 0x59,
    0x4A, 0x4A, 0x59, 0x59, 0x4A, 0x4A, 0x59, 0x8B, 0x40, 0x56, 0x56, 0x40, 0x40, 0x56, 0x56, 0x00,
    0x00, 0x01, 0xFF, 0xF2, 0xFF, 0x83, 0x02, 0xDE, 0x05, 0xB0, 0x00, 0x03, 0x00, 0x09, 0xB2, 0x00,
    0x02, 0x01, 0x00, 0x2F, 0x3F, 0x30, 0x31, 0x01, 0x01, 0x23, 0x01, 0x02, 0xDE, 0xFD, 0xEA, 0xD6,
    0x02, 0x16, 0x05, 0xB0, 0xF9, 0xD3, 0x06, 0x2D, 0x00, 0x02, 0x00, 0x5F, 0xFF, 0xEC, 0x04, 0x38,
    0x05, 0xC4, 0x00, 0x17, 0x00, 0x2F, 0x00, 0x13, 0x40, 0x09, 0x2B, 0x06, 0x1F, 0x12, 0x05, 0x72,
    0x06, 0x0D, 0x72, 0x00, 0x2B, 0x2B, 0x32, 0x11, 0x33, 0x30, 0x31, 0x01, 0x15, 0x14, 0x0E, 0x02,
    0x23, 0x22, 0x2E, 0x03, 0x35, 0x35, 0x34, 0x3E, 0x02, 0x33, 0x32, 0x1E, 0x03, 0x01, 0x11, 0x34,
    0x2E, 0x03, 0x23, 0x22, 0x0E, 0x02, 0x15, 0x11, 0x14, 0x1E, 0x03, 0x33, 0x32, 0x3E, 0x02, 0x04,
    0x38, 0x46, 0x83, 0xB4, 0x6E, 0x58, 0x98, 0x79, 0x57, 0x2E, 0x47, 0x83, 0xB4, 0x6E, 0x58, 0x97,
    0x7A, 0x56, 0x2E, 0xFE, 0xDF, 0x11, 0x22, 0x32, 0x40, 0x27, 0x31, 0x4B, 0x34, 0x1B, 0x11, 0x23,
    0x31, 0x41, 0x27, 0x30, 0x4B, 0x35, 0x1A, 0x03, 0x58, 0xFC, 0xA4, 0xED, 0x97, 0x48, 0x2D, 0x60,
    0x93, 0xCC, 0x84, 0xFC, 0xA4, 0xEB, 0x96, 0x47, 0x2D, 0x5E, 0x93, 0xCB, 0xFE, 0x5B, 0x01, 0x49,
    0x4F, 0x76, 0x53, 0x34, 0x18, 0x26, 0x53, 0x89, 0x62, 0xFE, 0xB7, 0x4F, 0x78, 0x55, 0x35, 0x18,
    0x27, 0x55, 0x8A, 0x00, 0x00, 0x01, 0x00, 0xA8, 0x00, 0x00, 0x03, 0x22, 0x05, 0xB3, 0x00, 0x06,
    0x00, 0x0C, 0xB5, 0x06, 0x04, 0x72, 0x01, 0x0C, 0x72, 0x00, 0x2B, 0x2B, 0x30, 0x31, 0x01, 0x11,
    0x21, 0x11, 0x05, 0x35, 0x25, 0x03, 0x22, 0xFE, 0xE0, 0xFE, 0xA6, 0x02, 0x5B, 0x05, 0xB3, 0xFA,
    0x4D, 0x04, 0x67, 0x6E, 0xE3, 0xD7, 0x00, 0x01, 0x00, 0x47, 0x00, 0x00, 0x04, 0x48, 0x05, 0xC5,
    0x00, 0x1F, 0x00, 0x19, 0x40, 0x0C, 0x10, 0x10, 0x0C, 0x15, 0x05, 0x72, 0x03, 0x1F, 0x1F, 0x02,
    0x0C, 0x72, 0x00, 0x2B, 0x32, 0x11, 0x33, 0x2B, 0x32, 0x32, 0x2F, 0x30, 0x31, 0x25, 0x15, 0x21,
    0x35, 0x01, 0x3E, 0x02, 0x35, 0x34, 0x26, 0x26, 0x23, 0x22, 0x06, 0x06, 0x15, 0x21, 0x34, 0x36,
    0x36, 0x33, 0x32, 0x16, 0x16, 0x15, 0x14, 0x0E, 0x02, 0x07, 0x03, 0x04, 0x48, 0xFC, 0x1C, 0x01,
    0xD7, 0x47, 0x52, 0x25, 0x2C, 0x55, 0x3E, 0x42, 0x5F, 0x31, 0xFE, 0xDF, 0x7C, 0xE2, 0x9B, 0x99,
    0xD3, 0x6D, 0x2E, 0x55, 0x78, 0x49, 0xFD, 0xE1, 0xE1, 0xC0, 0x01, 0xF9, 0x4F, 0x79, 0x61, 0x2C,
    0x42, 0x5F, 0x34, 0x40, 0x72, 0x48, 0x82, 0xD9, 0x81, 0x63, 0xB9, 0x80, 0x48, 0x89, 0x87, 0x8A,
    0x4A, 0xFE, 0xE4, 0x00, 0x00, 0x02, 0x00, 0x3F, 0xFF, 0xEC, 0x04, 0x36, 0x05, 0xC5, 0x00, 0x1C,
    0x00, 0x3B, 0x00, 0x2A, 0x40, 0x16, 0x1B, 0x1C, 0x1E, 0x1F, 0x04, 0x00, 0x00, 0x1D, 0x1D, 0x12,
    0x33, 0x2F, 0x2F, 0x29, 0x0D, 0x72, 0x0D, 0x0D, 0x09, 0x12, 0x05, 0x72, 0x00, 0x2B, 0x32, 0x32,
    0x2F, 0x2B, 0x32, 0x2F, 0x32, 0x11, 0x39, 0x2F, 0x33, 0x12, 0x17, 0x39, 0x30, 0x31, 0x01, 0x33,
    0x32, 0x36, 0x36, 0x35, 0x34, 0x26, 0x26, 0x23, 0x22, 0x06, 0x06, 0x15, 0x21, 0x34, 0x36, 0x36,
    0x33, 0x32, 0x16, 0x16, 0x15, 0x14, 0x0E, 0x02, 0x23, 0x23, 0x15, 0x35, 0x33, 0x32, 0x1E, 0x02,
    0x15, 0x14, 0x0E, 0x02, 0x23, 0x22, 0x2E, 0x02, 0x35, 0x21, 0x14, 0x16, 0x16, 0x33, 0x32, 0x36,
    0x36, 0x35, 0x34, 0x26, 0x26, 0x23, 0x01, 0x8B, 0x9A, 0x4A, 0x60, 0x2F, 0x2B, 0x58, 0x43, 0x35,
    0x5A, 0x36, 0xFE, 0xDF, 0x81, 0xDA, 0x83, 0x94, 0xDE, 0x7C, 0x40, 0x77, 0xAA, 0x6A, 0xC8, 0xC8,
    0x77, 0xB4, 0x7A, 0x3E, 0x4E, 0x8D, 0xBC, 0x6F, 0x5C, 0xB1, 0x8F, 0x55, 0x01, 0x21, 0x38, 0x63,
    0x3D, 0x45, 0x63, 0x35, 0x3A, 0x6C, 0x4A, 0x03, 0x55, 0x33, 0x5D, 0x3E, 0x38, 0x57, 0x31, 0x2A,
    0x4C, 0x36, 0x78, 0xB2, 0x64, 0x5F, 0xB8, 0x88, 0x45, 0x81, 0x67, 0x3D, 0x42, 0x95, 0x36, 0x65,
    0x89, 0x53, 0x66, 0x9F, 0x6E, 0x39, 0x33, 0x67, 0x9D, 0x6C, 0x38, 0x58, 0x32, 0x33, 0x5D, 0x3E,
    0x50, 0x61, 0x2E, 0x00, 0x00, 0x02, 0x00, 0x39, 0x00, 0x00, 0x04, 0x60, 0x05, 0xB0, 0x00, 0x07,
    0x00, 0x0B, 0x00, 0x1D, 0x40, 0x0E, 0x03, 0x07, 0x07, 0x06, 0x02, 0x02, 0x05, 0x09, 0x0C, 0x72,
    0x0B, 0x05, 0x04, 0x72, 0x00, 0x2B, 0x32, 0x2B, 0x12, 0x39, 0x2F, 0x39, 0x33, 0x12, 0x39, 0x30,
    0x31, 0x01, 0x15, 0x21, 0x27, 0x01, 0x33, 0x03, 0x01, 0x01, 0x11, 0x21, 0x11, 0x04, 0x60, 0xFB,
    0xE7, 0x0E, 0x02, 0x5F, 0xE5, 0xF8, 0xFE, 0xD2, 0x02, 0x64, 0xFE, 0xE0, 0x02, 0x20, 0xE2, 0xAF,
    0x03, 0xC3, 0xFE, 0x61, 0xFE, 0x0F, 0x03, 0x90, 0xFA, 0x50, 0x05, 0xB0, 0x00, 0x01, 0x00, 0x69,
    0xFF, 0xEC, 0x04, 0x42, 0x05, 0xB0, 0x00, 0x29, 0x00, 0x1D, 0x40, 0x0E, 0x27, 0x09, 0x09, 0x02,
    0x1D, 0x19, 0x19, 0x13, 0x0D, 0x72, 0x05, 0x02, 0x04, 0x72, 0x00, 0x2B, 0x32, 0x2B, 0x32, 0x2F,
    0x32, 0x11, 0x39, 0x2F, 0x33, 0x30, 0x31, 0x01, 0x27, 0x13, 0x21, 0x15, 0x21, 0x03, 0x36, 0x36,
    0x33, 0x32, 0x1E, 0x02, 0x15, 0x14, 0x0E, 0x02, 0x23, 0x22, 0x2E, 0x02, 0x27, 0x21, 0x1E, 0x02,
    0x33, 0x32, 0x3E, 0x02, 0x35, 0x34, 0x2E, 0x02, 0x23, 0x22, 0x06, 0x01, 0x73, 0xE6, 0x53, 0x03,
    0x32, 0xFD, 0xBB, 0x24, 0x1D, 0x76, 0x49, 0x6A, 0xA4, 0x73, 0x3C, 0x3C, 0x7A, 0xB8, 0x7E, 0x5E,
    0xAF, 0x8B, 0x53, 0x02, 0x01, 0x1E, 0x06, 0x35, 0x58, 0x3B, 0x37, 0x4E, 0x30, 0x17, 0x1C, 0x3A,
    0x59, 0x3B, 0x50, 0x57, 0x02, 0x97, 0x37, 0x02, 0xE2, 0xE9, 0xFE, 0xBD, 0x11, 0x27, 0x42, 0x7E,
    0xB6, 0x73, 0x61, 0xAF, 0x89, 0x4E, 0x38, 0x6E, 0x9D, 0x65, 0x3E, 0x59, 0x30, 0x2A, 0x4B, 0x65,
    0x3B, 0x3B, 0x60, 0x46, 0x26, 0x32, 0x00, 0x01, 0x00, 0x64, 0xFF, 0xEC, 0x04, 0x50, 0x05, 0xBF,
    0x00, 0x36, 0x00, 0x1B, 0x40, 0x0D, 0x0E, 0x2C, 0x18, 0x22, 0x22, 0x2C, 0x03, 0x00, 0x04, 0x72,
    0x2C, 0x0D, 0x72, 0x00, 0x2B, 0x2B, 0x32, 0x11, 0x39, 0x2F, 0x33, 0x11, 0x33, 0x30, 0x31, 0x01,
    0x33, 0x15, 0x23, 0x22, 0x0E, 0x02, 0x15, 0x15, 0x14, 0x1E, 0x02, 0x33, 0x32, 0x3E, 0x02, 0x35,
    0x34, 0x2E, 0x02, 0x23, 0x22, 0x06, 0x06, 0x07, 0x27, 0x3E, 0x03, 0x33, 0x32, 0x1E, 0x02, 0x15,
    0x14, 0x0E, 0x02, 0x23, 0x22, 0x2E, 0x02, 0x35, 0x35, 0x34, 0x12, 0x36, 0x24, 0x03, 0x4B, 0x2A,
    0x11, 0x72, 0xB2, 0x7B, 0x41, 0x1F, 0x3B, 0x50, 0x32, 0x2F, 0x4D, 0x37, 0x1D, 0x1D, 0x38, 0x50,
    0x32, 0x44, 0x67, 0x3A, 0x02, 0x57, 0x03, 0x3B, 0x69, 0x94, 0x5D, 0x66, 0x9B, 0x68, 0x34, 0x45,
    0x81, 0xB4, 0x70, 0x74, 0xBD, 0x88, 0x49, 0x67, 0xC2, 0x01, 0x12, 0x05, 0xBF, 0xE6, 0x44, 0x7D,
    0xB0, 0x6D, 0xF2, 0x4E, 0x77, 0x4F, 0x27, 0x28, 0x49, 0x63, 0x3B, 0x3B, 0x64, 0x49, 0x28, 0x3F,
    0x62, 0x36, 0x38, 0x4D, 0x8A, 0x6B, 0x3D, 0x4E, 0x88, 0xB2, 0x65, 0x6A, 0xB6, 0x88, 0x4C, 0x55,
    0x9A, 0xD4, 0x7E, 0x70, 0xB0, 0x01, 0x25, 0xD7, 0x76, 0x00, 0x00, 0x01, 0x00, 0x3C, 0x00, 0x00,
    0x04, 0x41, 0x05, 0xB0, 0x00, 0x06, 0x00, 0x13, 0x40, 0x09, 0x01, 0x05, 0x05, 0x06, 0x04, 0x72,
    0x03, 0x0C, 0x72, 0x00, 0x2B, 0x2B, 0x32, 0x11, 0x33, 0x30, 0x31, 0x01, 0x15, 0x01, 0x21, 0x01,
    0x21, 0x35, 0x04, 0x41, 0xFD, 0xCD, 0xFE, 0xD0, 0x02, 0x33, 0xFD, 0x2B, 0x05, 0xB0, 0x9B, 0xFA,
    0xEB, 0x04, 0xCF, 0xE1, 0x00, 0x04, 0x00, 0x5E, 0xFF, 0xEC, 0x04, 0x39, 0x05, 0xC5, 0x00, 0x10,
    0x00, 0x20, 0x00, 0x30, 0x00, 0x40, 0x00, 0x21, 0x40, 0x10, 0x0D, 0x3D, 0x3D, 0x25, 0x2D, 0x15,
    0x15, 0x04, 0x35, 0x2D, 0x05, 0x72, 0x1D, 0x04, 0x0D, 0x72, 0x00, 0x2B, 0x32, 0x2B, 0x32, 0x12,
    0x39, 0x2F, 0x12, 0x39, 0x33, 0x12, 0x39, 0x30, 0x31, 0x01, 0x14, 0x06, 0x06, 0x23, 0x22, 0x26,
    0x26, 0x35, 0x34, 0x3E, 0x02, 0x33, 0x32, 0x16, 0x16, 0x05, 0x34, 0x26, 0x26, 0x23, 0x22, 0x06,
    0x06, 0x15, 0x14, 0x16, 0x16, 0x33, 0x32, 0x36, 0x36, 0x01, 0x14, 0x06, 0x06, 0x23, 0x22, 0x26,
    0x26, 0x35, 0x34, 0x36, 0x36, 0x33, 0x32, 0x16, 0x16, 0x05, 0x34, 0x26, 0x26, 0x23, 0x22, 0x06,
    0x06, 0x15, 0x14, 0x16, 0x16, 0x33, 0x32, 0x36, 0x36, 0x04, 0x39, 0x80, 0xDF, 0x8D, 0x8D, 0xE0,
    0x82, 0x4A, 0x85, 0xB4, 0x6A, 0x8E, 0xE0, 0x80, 0xFE, 0xDE, 0x33, 0x5C, 0x3D, 0x3D, 0x5C, 0x33,
    0x33, 0x5D, 0x3E, 0x3E, 0x5B, 0x31, 0x01, 0x03, 0x76, 0xD1, 0x86, 0x87, 0xD2, 0x76, 0x77, 0xD1,
    0x85, 0x87, 0xD1, 0x77, 0xFE, 0xE0, 0x2A, 0x4D, 0x38, 0x36, 0x4D, 0x29, 0x29, 0x4E, 0x37, 0x37,
    0x4D, 0x29, 0x01, 0x8F, 0x89, 0xBB, 0x5F, 0x5F, 0xBB, 0x89, 0x5C, 0x95, 0x6B, 0x39, 0x64, 0xB6,
    0x68, 0x43, 0x61, 0x34, 0x34, 0x61, 0x43, 0x42, 0x60, 0x33, 0x33, 0x60, 0x02, 0xCE, 0x6F, 0xAB,
    0x60, 0x60, 0xAB, 0x6F, 0x84, 0xB5, 0x5E, 0x5E, 0xB5, 0x91, 0x3B, 0x57, 0x30, 0x2E, 0x57, 0x3D,
    0x3B, 0x59, 0x32, 0x32, 0x59, 0x00, 0x00, 0x01, 0x00, 0x56, 0xFF, 0xF2, 0x04, 0x2E, 0x05, 0xC5,
    0x00, 0x38, 0x00, 0x1B, 0x40, 0x0D, 0x00, 0x38, 0x16, 0x21, 0x21, 0x38, 0x0C, 0x2B, 0x05, 0x72,
    0x38, 0x0C, 0x72, 0x00, 0x2B, 0x2B, 0x32, 0x11, 0x39, 0x2F, 0x33, 0x11, 0x33, 0x30, 0x31, 0x25,
    0x33, 0x32, 0x3E, 0x02, 0x35, 0x11, 0x34, 0x2E, 0x02, 0x23, 0x22, 0x0E, 0x02, 0x15, 0x14, 0x1E,
    0x02, 0x33, 0x32, 0x3E, 0x02, 0x35, 0x17, 0x14, 0x0E, 0x02, 0x23, 0x22, 0x2E, 0x02, 0x35, 0x34,
    0x3E, 0x02, 0x33, 0x32, 0x1E, 0x02, 0x15, 0x15, 0x14, 0x0E, 0x03, 0x23, 0x23, 0x01, 0x30, 0x13,
    0x78, 0xAD, 0x70, 0x36, 0x1F, 0x39, 0x4B, 0x2D, 0x30, 0x4A, 0x33, 0x1B, 0x1A, 0x34, 0x4E, 0x35,
    0x33, 0x51, 0x39, 0x1F, 0x5F, 0x3C, 0x6B, 0x8C, 0x50, 0x66, 0x9E, 0x6D, 0x38, 0x45, 0x81, 0xB5,
    0x6F, 0x6F, 0xB6, 0x82, 0x47, 0x3D, 0x79, 0xB3, 0xEC, 0x92, 0x17, 0xDB, 0x3B, 0x70, 0xA3, 0x68,
    0x01, 0x14, 0x4F, 0x78, 0x4F, 0x28, 0x2F, 0x50, 0x67, 0x38, 0x38, 0x65, 0x4D, 0x2D, 0x27, 0x40,
    0x4E, 0x28, 0x34, 0x46, 0x88, 0x6F, 0x42, 0x4B, 0x85, 0xB2, 0x68, 0x6A, 0xBA, 0x8E, 0x51, 0x56,
    0x9D, 0xDA, 0x85, 0x64, 0x8E, 0xF4, 0xC5, 0x8C, 0x4A, 0x00, 0xFF, 0xFF, 0x00, 0x7B, 0xFF, 0xF5,
    0x01, 0xC1, 0x04, 0x5B, 0x00, 0x26, 0x00, 0x12, 0xFD, 0x00, 0x00, 0x07, 0x00, 0x12, 0xFF, 0xFD,
    0x03, 0x39, 0xFF, 0xFF, 0x00, 0x3B, 0xFE, 0x99, 0x01, 0xB2, 0x04, 0x5B, 0x00, 0x27, 0x00, 0x12,
    0xFF, 0xEE, 0x03, 0x39, 0x00, 0x06, 0x00, 0x10, 0x15, 0x00, 0x00, 0x02, 0x00, 0x36, 0x00, 0x8F,
    0x03, 0x96, 0x04, 0x4E, 0x00, 0x04, 0x00, 0x09, 0x00, 0x16, 0x40, 0x0C, 0x01, 0x03, 0x07, 0x06,
    0x00, 0x04, 0x08, 0x05, 0x08, 0x02, 0x09, 0x02, 0x00, 0x2F, 0x2F, 0x12, 0x17, 0x39, 0x30, 0x31,
    0x01, 0x05, 0x11, 0x01, 0x35, 0x25, 0x05, 0x07, 0x35, 0x01, 0x01, 0x1A, 0x02, 0x7C, 0xFC, 0xA0,
    0x03, 0x60, 0xFD, 0x83, 0xE3, 0x03, 0x60, 0x02, 0x84, 0xE6, 0xFE, 0xF1, 0x01, 0x6E, 0xC0, 0x83,
    0xEA, 0x36, 0xC0, 0x01, 0x6E, 0x00, 0x00, 0x02, 0x00, 0x88, 0x01, 0x40, 0x04, 0x09, 0x03, 0xD4,
    0x00, 0x03, 0x00, 0x07, 0x00, 0x0E, 0xB5, 0x06, 0x07, 0x12, 0x03, 0x02, 0x10, 0x00, 0x3F, 0x33,
    0x3F, 0x33, 0x30, 0x31, 0x01, 0x15, 0x21, 0x35, 0x01, 0x15, 0x21, 0x35, 0x04, 0x09, 0xFC, 0x7F,
    0x03, 0x81, 0xFC, 0x7F, 0x03, 0xD4, 0xE4, 0xE4, 0xFE, 0x50, 0xE4, 0xE4, 0x00, 0x02, 0x00, 0x77,
    0x00, 0x8F, 0x03, 0xDE, 0x04, 0x4E, 0x00, 0x04, 0x00, 0x09, 0x00, 0x15, 0x40, 0x0B, 0x05, 0x08,
    0x04, 0x00, 0x06, 0x03, 0x01, 0x07, 0x02, 0x09, 0x02, 0x00, 0x2F, 0x2F, 0x12, 0x17, 0x39, 0x30,
    0x31, 0x01, 0x25, 0x11, 0x01, 0x15, 0x05, 0x25, 0x37, 0x15, 0x01, 0x02, 0xF8, 0xFD, 0x7F, 0x03,
    0x67, 0xFC, 0x99, 0x02, 0x82, 0xE5, 0xFC, 0x99, 0x02, 0x5C, 0xE5, 0x01, 0x0D, 0xFE, 0x92, 0xC1,
    0x83, 0xEA, 0x37, 0xC0, 0xFE, 0x92, 0x00, 0x02, 0x00, 0x2D, 0xFF, 0xF4, 0x03, 0xB2, 0x05, 0xC4,
    0x00, 0x20, 0x00, 0x2C, 0x00, 0x1B, 0x40, 0x0D, 0x01, 0x01, 0x24, 0x24, 0x2A, 0x0B, 0x72, 0x11,
    0x11, 0x0D, 0x16, 0x03, 0x72, 0x00, 0x2B, 0x32, 0x32, 0x2F, 0x2B, 0x32, 0x11, 0x33, 0x2F, 0x30,
    0x31, 0x01, 0x23, 0x3E, 0x02, 0x37, 0x3E, 0x02, 0x35, 0x34, 0x26, 0x26, 0x23, 0x22, 0x06, 0x06,
    0x07, 0x21, 0x3E, 0x02, 0x33, 0x32, 0x16, 0x16, 0x15, 0x14, 0x06, 0x06, 0x07, 0x06, 0x06, 0x01,
    0x34, 0x36, 0x33, 0x32, 0x16, 0x15, 0x14, 0x06, 0x23, 0x22, 0x26, 0x02, 0x5B, 0xFF, 0x01, 0x1B,
    0x43, 0x38, 0x2F, 0x46, 0x28, 0x23, 0x45, 0x34, 0x2B, 0x4A, 0x2F, 0x01, 0xFE, 0xDE, 0x03, 0x79,
    0xCC, 0x7F, 0x8C, 0xC8, 0x6A, 0x44, 0x6E, 0x42, 0x39, 0x29, 0xFE, 0xE2, 0x58, 0x4A, 0x49, 0x59,
    0x59, 0x49, 0x4A, 0x58, 0x01, 0xBD, 0x5A, 0x83, 0x6A, 0x34, 0x2A, 0x4C, 0x51, 0x32, 0x3A, 0x4D,
    0x28, 0x25, 0x4C, 0x3E, 0x89, 0xB3, 0x57, 0x5B, 0xAF, 0x7D, 0x57, 0x87, 0x74, 0x3E, 0x33, 0x70,
    0xFE, 0x7E, 0x40, 0x55, 0x55, 0x40, 0x3E, 0x56, 0x56, 0x00, 0x00, 0x02, 0x00, 0x4C, 0xFE, 0x3B,
    0x06, 0xDB, 0x05, 0x89, 0x00, 0x41, 0x00, 0x68, 0x00, 0x27, 0x40, 0x12, 0x12, 0x05, 0x05, 0x47,
    0x52, 0x13, 0x72, 0x61, 0x64, 0x64, 0x0B, 0x5D, 0x5D, 0x1D, 0x1D, 0x3C, 0x29, 0x30, 0x00, 0x2F,
    0x33, 0x2F, 0x33, 0x11, 0x33, 0x2F, 0x33, 0x33, 0x11, 0x33, 0x2B, 0x32, 0x32, 0x11, 0x33, 0x30,
    0x31, 0x01, 0x0E, 0x03, 0x23, 0x22, 0x2E, 0x02, 0x37, 0x13, 0x33, 0x03, 0x06, 0x1E, 0x02, 0x33,
    0x32, 0x3E, 0x02, 0x37, 0x36, 0x2E, 0x03, 0x23, 0x22, 0x0E, 0x03, 0x07, 0x06, 0x1E, 0x03, 0x33,
    0x32, 0x36, 0x37, 0x17, 0x06, 0x06, 0x23, 0x22, 0x24, 0x26, 0x26, 0x02, 0x37, 0x36, 0x12, 0x36,
    0x36, 0x24, 0x33, 0x32, 0x1E, 0x02, 0x12, 0x01, 0x06, 0x1E, 0x02, 0x33, 0x32, 0x3E, 0x02, 0x37,
    0x17, 0x0E, 0x03, 0x23, 0x22, 0x2E, 0x02, 0x37, 0x3E, 0x04, 0x33, 0x32, 0x16, 0x17, 0x07, 0x26,
    0x26, 0x23, 0x22, 0x0E, 0x02, 0x06, 0xD5, 0x04, 0x34, 0x69, 0xA2, 0x73, 0x41, 0x68, 0x48, 0x22,
    0x05, 0x33, 0xC8, 0x32, 0x06, 0x0F, 0x21, 0x2B, 0x15, 0x30, 0x50, 0x3A, 0x22, 0x02, 0x07, 0x27,
    0x5D, 0x94, 0xCC, 0x83, 0x7B, 0xCF, 0xA3, 0x75, 0x43, 0x06, 0x07, 0x2D, 0x65, 0x98, 0xCA, 0x7C,
    0x57, 0xB5, 0x3E, 0x26, 0x46, 0xD1, 0x5D, 0x9F, 0xFE, 0xFB, 0xC8, 0x85, 0x3F, 0x07, 0x07, 0x58,
    0x98, 0xD5, 0x01, 0x0A, 0x9D, 0x9C, 0xFF, 0xC0, 0x80, 0x3A, 0xFC, 0x08, 0x05, 0x0C, 0x22, 0x37,
    0x26, 0x15, 0x32, 0x34, 0x2F, 0x10, 0x55, 0x17, 0x44, 0x57, 0x66, 0x3B, 0x49, 0x72, 0x4C, 0x21,
    0x0A, 0x0B, 0x3A, 0x56, 0x6F, 0x82, 0x47, 0x73, 0x84, 0x3B, 0x66, 0x1D, 0x5D, 0x40, 0x3B, 0x59,
    0x41, 0x2A, 0x02, 0x17, 0x66, 0xC6, 0xA0, 0x60, 0x2E, 0x55, 0x78, 0x4B, 0x02, 0x40, 0xFD, 0xC0,
    0x34, 0x42, 0x24, 0x0F, 0x3C, 0x6A, 0x8F, 0x53, 0x85, 0xE2, 0xB3, 0x7D, 0x43, 0x4C, 0x8E, 0xC5,
    0xF1, 0x8A, 0x91, 0xEE, 0xB5, 0x7A, 0x3E, 0x27, 0x1E, 0x95, 0x2D, 0x2C, 0x4D, 0x97, 0xDE, 0x01,
    0x22, 0xB1, 0xA4, 0x01, 0x22, 0xEC, 0xAB, 0x5C, 0x52, 0x99, 0xD9, 0xFE, 0xF0, 0xFE, 0xF9, 0x42,
    0x66, 0x46, 0x23, 0x15, 0x32, 0x59, 0x44, 0x65, 0x4B, 0x71, 0x4C, 0x26, 0x3F, 0x76, 0xA5, 0x66,
    0x66, 0xAE, 0x89, 0x61, 0x32, 0x42, 0x2B, 0x89, 0x1A, 0x31, 0x32, 0x63, 0x91, 0x00, 0x00, 0x03,
    0x00, 0x07, 0x00, 0x00, 0x05, 0x5B, 0x05, 0xB0, 0x00, 0x04, 0x00, 0x09, 0x00, 0x0D, 0x00, 0x29,
    0x40, 0x14, 0x04, 0x07, 0x07, 0x0A, 0x0D, 0x0D, 0x06, 0x00, 0x0B, 0x0C, 0x0C, 0x02, 0x08, 0x03,
    0x02, 0x72, 0x05, 0x02, 0x08, 0x72, 0x00, 0x2B, 0x32, 0x2B, 0x32, 0x11, 0x39, 0x2F, 0x33, 0x39,
    0x39, 0x33, 0x11, 0x33, 0x32, 0x11, 0x33, 0x30, 0x31, 0x01, 0x01, 0x21, 0x01, 0x33, 0x01, 0x01,
    0x27, 0x33, 0x01, 0x01, 0x15, 0x21, 0x35, 0x02, 0xD2, 0xFE, 0x74, 0xFE, 0xC1, 0x02, 0x1D, 0xCB,
    0x01, 0x2C, 0xFE, 0x73, 0x20, 0xCD, 0x02, 0x20, 0xFE, 0xAE, 0xFC, 0xFF, 0x04, 0xB7, 0xFB, 0x49,
    0x05, 0xB0, 0xFA, 0x50, 0x04, 0xB7, 0xF9, 0xFA, 0x50, 0x02, 0x1E, 0xEB, 0xEB, 0x00, 0x00, 0x02,
    0x00, 0x82, 0x00, 0x00, 0x04, 0xBD, 0x05, 0xB0, 0x00, 0x19, 0x00, 0x30, 0x00, 0x29, 0x40, 0x14,
    0x19, 0x29, 0x26, 0x02, 0x27, 0x27, 0x01, 0x26, 0x26, 0x0E, 0x0C, 0x0F, 0x02, 0x72, 0x1C, 0x1B,
    0x1B, 0x0E, 0x08, 0x72, 0x00, 0x2B, 0x32, 0x11, 0x33, 0x2B, 0x32, 0x11, 0x39, 0x2F, 0x33, 0x33,
    0x11, 0x33, 0x12, 0x39, 0x39, 0x30, 0x31, 0x01, 0x21, 0x27, 0x21, 0x32, 0x36, 0x36, 0x35, 0x34,
    0x26, 0x26, 0x23, 0x23, 0x11, 0x21, 0x11, 0x21, 0x32, 0x1E, 0x02, 0x15, 0x14, 0x06, 0x06, 0x07,
    0x03, 0x21, 0x37, 0x21, 0x32, 0x36, 0x36, 0x35, 0x34, 0x26, 0x26, 0x23, 0x21, 0x37, 0x21, 0x17,
    0x36, 0x16, 0x16, 0x15, 0x14, 0x06, 0x06, 0x02, 0xBC, 0xFE, 0x8A, 0x02, 0x01, 0x3A, 0x53, 0x6A,
    0x35, 0x33, 0x6B, 0x54, 0xD0, 0xFE, 0xD4, 0x01, 0xFC, 0x7F, 0xC9, 0x8C, 0x4A, 0x51, 0xAD, 0x8B,
    0x64, 0xFE, 0x45, 0x75, 0x01, 0x46, 0x4F, 0x64, 0x30, 0x2B, 0x5E, 0x4D, 0xFE, 0xDF, 0x02, 0x01,
    0x68, 0x45, 0x85, 0xA3, 0x4B, 0x7A, 0xEB, 0x02, 0x7F, 0xCE, 0x2B, 0x53, 0x3C, 0x44, 0x54, 0x26,
    0xFB, 0x3B, 0x05, 0xB0, 0x30, 0x62, 0x95, 0x66, 0x5A, 0x98, 0x60, 0x05, 0xFD, 0x34, 0xEA, 0x33,
    0x58, 0x39, 0x40, 0x5E, 0x33, 0xCE, 0x51, 0x02, 0x61, 0x9A, 0x58, 0x8C, 0xBF, 0x60, 0x00, 0x01,
    0x00, 0x56, 0xFF, 0xEC, 0x04, 0xFB, 0x05, 0xC5, 0x00, 0x27, 0x00, 0x15, 0x40, 0x0A, 0x19, 0x15,
    0x10, 0x03, 0x72, 0x24, 0x00, 0x05, 0x09, 0x72, 0x00, 0x2B, 0xCC, 0x33, 0x2B, 0xCC, 0x33, 0x30,
    0x31, 0x01, 0x21, 0x0E, 0x02, 0x23, 0x22, 0x26, 0x26, 0x02, 0x35, 0x35, 0x34, 0x12, 0x36, 0x36,
    0x33, 0x32, 0x16, 0x16, 0x17, 0x21, 0x2E, 0x02, 0x23, 0x22, 0x0E, 0x02, 0x15, 0x15, 0x14, 0x1E,
    0x02, 0x33, 0x32, 0x36, 0x36, 0x03, 0xCE, 0x01, 0x2B, 0x09, 0x8F, 0xFF, 0xB3, 0x8C, 0xDE, 0x9D,
    0x52, 0x55, 0x9F, 0xDE, 0x89, 0xB6, 0xFB, 0x8B, 0x0E, 0xFE, 0xD4, 0x05, 0x3C, 0x79, 0x64, 0x4B,
    0x70, 0x4C, 0x25, 0x22, 0x47, 0x71, 0x50, 0x5E, 0x7A, 0x41, 0x01, 0xE3, 0x93, 0xE4, 0x80, 0x61,
    0xB6, 0x01, 0x02, 0xA0, 0x65, 0xA0, 0x01, 0x03, 0xB6, 0x62, 0x84, 0xE8, 0x94, 0x58, 0x7B, 0x3F,
    0x38, 0x72, 0xAD, 0x74, 0x67, 0x71, 0xAB, 0x75, 0x3B, 0x3C, 0x76, 0x00, 0x00, 0x02, 0x00, 0x82,
    0x00, 0x00, 0x04, 0xDC, 0x05, 0xB0, 0x00, 0x1A, 0x00, 0x1E, 0x00, 0x1B, 0x40, 0x0D, 0x02, 0x01,
    0x01, 0x1D, 0x0E, 0x0F, 0x0F, 0x1E, 0x02, 0x72, 0x1D, 0x08, 0x72, 0x00, 0x2B, 0x2B, 0x32, 0x11,
    0x33, 0x11, 0x33, 0x11, 0x33, 0x30, 0x31, 0x21, 0x21, 0x37, 0x21, 0x32, 0x36, 0x36, 0x35, 0x35,
    0x34, 0x2E, 0x02, 0x23, 0x21, 0x35, 0x21, 0x32, 0x1E, 0x02, 0x15, 0x15, 0x14, 0x02, 0x06, 0x06,
    0x01, 0x11, 0x21, 0x11, 0x02, 0x41, 0xFE, 0xC3, 0x02, 0x01, 0x3B, 0x76, 0xA2, 0x53, 0x2F, 0x5C,
    0x86, 0x57, 0xFE, 0xBA, 0x01, 0x46, 0x92, 0xF3, 0xB2, 0x61, 0x61, 0xB1, 0xF5, 0xFE, 0xD9, 0xFE,
    0xD4, 0xEA, 0x6B, 0xCE, 0x92, 0x47, 0x70, 0xAA, 0x74, 0x3B, 0xEB, 0x63, 0xB8, 0xFF, 0x9C, 0x45,
    0x9B, 0xFF, 0x00, 0xB7, 0x63, 0x05, 0xB0, 0xFA, 0x50, 0x05, 0xB0, 0x00, 0x00, 0x04, 0x00, 0x82,
    0x00, 0x00, 0x04, 0x53, 0x05, 0xB0, 0x00, 0x03, 0x00, 0x07, 0x00, 0x0B, 0x00, 0x0F, 0x00, 0x1D,
    0x40, 0x0E, 0x0B, 0x0A, 0x0A, 0x06, 0x0F, 0x0E, 0x07, 0x02, 0x72, 0x03, 0x02, 0x06, 0x08, 0x72,
    0x00, 0x2B, 0x32, 0x32, 0x2B, 0x32, 0x32, 0x11, 0x39, 0x2F, 0x33, 0x30, 0x31, 0x25, 0x15, 0x21,
    0x35, 0x13, 0x11, 0x21, 0x11, 0x01, 0x15, 0x21, 0x35, 0x01, 0x15, 0x21, 0x35, 0x04, 0x53, 0xFC,
    0xF9, 0x62, 0xFE, 0xD4, 0x03, 0x6C, 0xFD, 0x5E, 0x03, 0x06, 0xFC, 0xFA, 0xEA, 0xEA, 0xEA, 0x04,
    0xC6, 0xFA, 0x50, 0x05, 0xB0, 0xFD, 0xAF, 0xE4, 0xE4, 0x02, 0x51, 0xEB, 0xEB, 0x00, 0x00, 0x03,
    0x00, 0x82, 0x00, 0x00, 0x04, 0x38, 0x05, 0xB0, 0x00, 0x03, 0x00, 0x07, 0x00, 0x0B, 0x00, 0x1B,
    0x40, 0x0D, 0x07, 0x06, 0x06, 0x02, 0x0A, 0x0B, 0x0B, 0x03, 0x02, 0x72, 0x02, 0x08, 0x72, 0x00,
    0x2B, 0x2B, 0x32, 0x11, 0x33, 0x11, 0x39, 0x2F, 0x33, 0x30, 0x31, 0x01, 0x11, 0x21, 0x11, 0x01,
    0x15, 0x21, 0x35, 0x01, 0x15, 0x21, 0x35, 0x01, 0xAE, 0xFE, 0xD4, 0x03, 0x70, 0xFD, 0x6A, 0x02,
    0xDC, 0xFD, 0x24, 0x05, 0xB0, 0xFA, 0x50, 0x05, 0xB0, 0xFD, 0x92, 0xEA, 0xEA, 0x02, 0x6E, 0xEB,
    0xEB, 0x00, 0x00, 0x01, 0x00, 0x5F, 0xFF, 0xEC, 0x05, 0x04, 0x05, 0xC5, 0x00, 0x2B, 0x00, 0x1B,
    0x40, 0x0D, 0x2B, 0x2A, 0x2A, 0x05, 0x19, 0x15, 0x10, 0x03, 0x72, 0x24, 0x05, 0x09, 0x72, 0x00,
    0x2B, 0x32, 0x2B, 0xCC, 0x33, 0x12, 0x39, 0x2F, 0x33, 0x30, 0x31, 0x01, 0x11, 0x0E, 0x02, 0x23,
    0x22, 0x26, 0x26, 0x02, 0x35, 0x35, 0x34, 0x12, 0x36, 0x36, 0x33, 0x32, 0x16, 0x16, 0x17, 0x21,
    0x2E, 0x02, 0x23, 0x22, 0x0E, 0x02, 0x15, 0x15, 0x14, 0x1E, 0x02, 0x33, 0x32, 0x36, 0x36, 0x37,
    0x11, 0x21, 0x35, 0x05, 0x04, 0x22, 0x8E, 0xE0, 0x9F, 0x8D, 0xE8, 0xA7, 0x5A, 0x57, 0xA2, 0xE0,
    0x89, 0xBE, 0xF4, 0x81, 0x0F, 0xFE, 0xDD, 0x0B, 0x3E, 0x73, 0x5B, 0x4B, 0x75, 0x50, 0x2A, 0x2C,
    0x57, 0x80, 0x55, 0x47, 0x5F, 0x3B, 0x10, 0xFE, 0xEE, 0x02, 0xF9, 0xFD, 0xBF, 0x29, 0x5F, 0x44,
    0x5D, 0xB4, 0x01, 0x05, 0xA8, 0x5B, 0xA8, 0x01, 0x06, 0xB4, 0x5E, 0x7B, 0xD9, 0x8C, 0x4A, 0x6E,
    0x3E, 0x3D, 0x76, 0xAE, 0x73, 0x5D, 0x72, 0xAF, 0x77, 0x3C, 0x18, 0x23, 0x10, 0x01, 0x02, 0xD6,
    0x00, 0x03, 0x00, 0x82, 0x00, 0x00, 0x05, 0x23, 0x05, 0xB0, 0x00, 0x03, 0x00, 0x07, 0x00, 0x0B,
    0x00, 0x1B, 0x40, 0x0D, 0x09, 0x06, 0x08, 0x03, 0x02, 0x02, 0x06, 0x07, 0x02, 0x72, 0x06, 0x08,
    0x72, 0x00, 0x2B, 0x2B, 0x11, 0x39, 0x2F, 0x33, 0x32, 0x11, 0x33, 0x30, 0x31, 0x01, 0x15, 0x21,
    0x35, 0x13, 0x11, 0x21, 0x11, 0x21, 0x11, 0x21, 0x11, 0x04, 0x4D, 0xFD, 0x08, 0x59, 0xFE, 0xD4,
    0x04, 0xA1, 0xFE, 0xD5, 0x03, 0x5F, 0xEA, 0xEA, 0x02, 0x51, 0xFA, 0x50, 0x05, 0xB0, 0xFA, 0x50,
    0x05, 0xB0, 0x00, 0x01, 0x00, 0x96, 0x00, 0x00, 0x01, 0xC1, 0x05, 0xB0, 0x00, 0x03, 0x00, 0x0C,
    0xB5, 0x00, 0x02, 0x72, 0x01, 0x08, 0x72, 0x00, 0x2B, 0x2B, 0x30, 0x31, 0x01, 0x11, 0x21, 0x11,
    0x01, 0xC1, 0xFE, 0xD5, 0x05, 0xB0, 0xFA, 0x50, 0x05, 0xB0, 0x00, 0x01, 0x00, 0x2A, 0xFF, 0xEC,
    0x03, 0xFA, 0x05, 0xB0, 0x00, 0x13, 0x00, 0x13, 0x40, 0x09, 0x10, 0x0C, 0x0C, 0x07, 0x09, 0x72,
    0x02, 0x02, 0x72, 0x00, 0x2B, 0x2B, 0x32, 0x2F, 0x32, 0x30, 0x31, 0x01, 0x11, 0x21, 0x11, 0x14,
    0x06, 0x06, 0x23, 0x22, 0x26, 0x26, 0x35, 0x21, 0x14, 0x16, 0x16, 0x33, 0x32, 0x36, 0x36, 0x02,
    0xCF, 0x01, 0x2B, 0x80, 0xDD, 0x8A, 0x8F, 0xDC, 0x7E, 0x01, 0x2D, 0x2D, 0x54, 0x3B, 0x39, 0x54,
    0x2F, 0x01, 0xBF, 0x03, 0xF1, 0xFC, 0x0F, 0x92, 0xD1, 0x70, 0x60, 0xC7, 0x99, 0x50, 0x5E, 0x28,
    0x36, 0x68, 0x00, 0x03, 0x00, 0x82, 0x00, 0x00, 0x05, 0x24, 0x05, 0xB0, 0x00, 0x03, 0x00, 0x09,
    0x00, 0x0D, 0x00, 0x1C, 0x40, 0x10, 0x06, 0x07, 0x0B, 0x05, 0x0C, 0x08, 0x06, 0x02, 0x04, 0x03,
    0x02, 0x72, 0x0A, 0x02, 0x08, 0x72, 0x00, 0x2B, 0x32, 0x2B, 0x32, 0x12, 0x17, 0x39, 0x30, 0x31,
    0x01, 0x11, 0x21, 0x11, 0x21, 0x01, 0x01, 0x03, 0x13, 0x01, 0x13, 0x01, 0x37, 0x01, 0x01, 0xAE,
    0xFE, 0xD4, 0x04, 0x94, 0xFD, 0xBF, 0xFE, 0xB3, 0x36, 0xE1, 0x01, 0x73, 0x1B, 0xFE, 0x53, 0xDE,
    0x02, 0x32, 0x05, 0xB0, 0xFA, 0x50, 0x05, 0xB0, 0xFD, 0x31, 0xFE, 0x9A, 0x01, 0x1C, 0x01, 0x34,
    0x01, 0xE5, 0xFA, 0x50, 0x02, 0xA1, 0xBA, 0xFC, 0xA5, 0x00, 0x00, 0x02, 0x00, 0x82, 0x00, 0x00,
    0x04, 0x2A, 0x05, 0xB0, 0x00, 0x03, 0x00, 0x07, 0x00, 0x15, 0x40, 0x0A, 0x03, 0x02, 0x02, 0x06,
    0x07, 0x02, 0x72, 0x06, 0x08, 0x72, 0x00, 0x2B, 0x2B, 0x11, 0x33, 0x11, 0x33, 0x30, 0x31, 0x25,
    0x15, 0x21, 0x35, 0x13, 0x11, 0x21, 0x11, 0x04, 0x2A, 0xFD, 0x23, 0x61, 0xFE, 0xD4, 0xEA, 0xEA,
    0xEA, 0x04, 0xC6, 0xFA, 0x50, 0x05, 0xB0, 0x00, 0x00, 0x03, 0x00, 0x82, 0x00, 0x00, 0x06, 0x7D,
    0x05, 0xB0, 0x00, 0x06, 0x00, 0x0B, 0x00, 0x10, 0x00, 0x1B, 0x40, 0x0D, 0x02, 0x07, 0x0E, 0x05,
    0x0B, 0x08, 0x72, 0x0C, 0x04, 0x00, 0x07, 0x02, 0x72, 0x00, 0x2B, 0x32, 0x32, 0x32, 0x2B, 0x32,
    0x32, 0x11, 0x39, 0x30, 0x31, 0x01, 0x33, 0x01, 0x01, 0x33, 0x01, 0x23, 0x01, 0x33, 0x13, 0x11,
    0x21, 0x01, 0x33, 0x11, 0x21, 0x11, 0x01, 0x0B, 0xFE, 0x01, 0x76, 0x01, 0x76, 0xFE, 0xFD, 0xF2,
    0xCC, 0xFD, 0x69, 0xFD, 0x2E, 0xFE, 0xD5, 0x04, 0xFD, 0xFE, 0xFE, 0xD4, 0x05, 0xB0, 0xFB, 0xD3,
    0x04, 0x2D, 0xFA, 0x50, 0x05, 0xB0, 0xFB, 0xEE, 0xFE, 0x62, 0x05, 0xB0, 0xFA, 0x50, 0x01, 0x9E,
    0x00, 0x01, 0x00, 0x82, 0x00, 0x00, 0x05, 0x23, 0x05, 0xB0, 0x00, 0x09, 0x00, 0x17, 0x40, 0x0B,
    0x03, 0x08, 0x05, 0x09, 0x07, 0x02, 0x72, 0x02, 0x05, 0x08, 0x72, 0x00, 0x2B, 0x32, 0x2B, 0x32,
    0x12, 0x39, 0x39, 0x30, 0x31, 0x01, 0x11, 0x21, 0x01, 0x11, 0x21, 0x11, 0x21, 0x01, 0x11, 0x05,
    0x23, 0xFE, 0xD4, 0xFD, 0xB7, 0xFE, 0xD4, 0x01, 0x2C, 0x02, 0x4A, 0x05, 0xB0, 0xFA, 0x50, 0x03,
    0xD0, 0xFC, 0x30, 0x05, 0xB0, 0xFC, 0x2F, 0x03, 0xD1, 0x00, 0x00, 0x02, 0x00, 0x56, 0xFF, 0xEC,
    0x05, 0x2E, 0x05, 0xC4, 0x00, 0x15, 0x00, 0x2B, 0x00, 0x13, 0x40, 0x09, 0x27, 0x06, 0x1C, 0x11,
    0x03, 0x72, 0x06, 0x09, 0x72, 0x00, 0x2B, 0x2B, 0x32, 0x11, 0x33, 0x30, 0x31, 0x01, 0x15, 0x14,
    0x02, 0x06, 0x06, 0x23, 0x22, 0x26, 0x26, 0x02, 0x35, 0x35, 0x34, 0x12, 0x36, 0x36, 0x33, 0x32,
    0x16, 0x16, 0x12, 0x05, 0x35, 0x34, 0x2E, 0x02, 0x23, 0x22, 0x0E, 0x02, 0x15, 0x15, 0x14, 0x1E,
    0x02, 0x33, 0x32, 0x3E, 0x02, 0x05, 0x2E, 0x5A, 0xA4, 0xE3, 0x8A, 0x89, 0xE3, 0xA6, 0x5B, 0x5A,
    0xA5, 0xE3, 0x89, 0x8A, 0xE3, 0xA5, 0x5B, 0xFE, 0xD1, 0x2A, 0x52, 0x76, 0x4C, 0x4C, 0x75, 0x51,
    0x2A, 0x2A, 0x52, 0x76, 0x4C, 0x4C, 0x76, 0x50, 0x2A, 0x02, 0xFA, 0x45, 0xA6, 0xFE, 0xF8, 0xB9,
    0x62, 0x62, 0xB9, 0x01, 0x08, 0xA6, 0x45, 0xA7, 0x01, 0x07, 0xBA, 0x62, 0x62, 0xBA, 0xFE, 0xF9,
    0xEC, 0x47, 0x74, 0xB0, 0x78, 0x3D, 0x3D, 0x78, 0xB0, 0x74, 0x47, 0x73, 0xB1, 0x79, 0x3E, 0x3E,
    0x79, 0xB1, 0x00, 0x01, 0x00, 0x82, 0x00, 0x00, 0x04, 0xDB, 0x05, 0xB0, 0x00, 0x17, 0x00, 0x17,
    0x40, 0x0B, 0x02, 0x01, 0x01, 0x0E, 0x0C, 0x0F, 0x02, 0x72, 0x0E, 0x08, 0x72, 0x00, 0x2B, 0x2B,
    0x32, 0x11, 0x39, 0x2F, 0x33, 0x30, 0x31, 0x01, 0x21, 0x35, 0x21, 0x32, 0x36, 0x36, 0x35, 0x34,
    0x26, 0x26, 0x23, 0x21, 0x11, 0x21, 0x11, 0x21, 0x32, 0x16, 0x16, 0x15, 0x14, 0x06, 0x06, 0x02,
    0xB9, 0xFE, 0x8D, 0x01, 0x73, 0x56, 0x6C, 0x32, 0x32, 0x6C, 0x56, 0xFE, 0xF5, 0xFE, 0xD4, 0x02,
    0x37, 0xAB, 0xF5, 0x82, 0x82, 0xF5, 0x02, 0x07, 0xEA, 0x39, 0x66, 0x40, 0x41, 0x70, 0x44, 0xFB,
    0x3B, 0x05, 0xB0, 0x7B, 0xD8, 0x8B, 0x8D, 0xCE, 0x70, 0x00, 0x00, 0x03, 0x00, 0x54, 0xFE, 0xFC,
    0x05, 0x2D, 0x05, 0xC4, 0x00, 0x03, 0x00, 0x19, 0x00, 0x2F, 0x00, 0x19, 0x40, 0x0C, 0x20, 0x15,
    0x03, 0x72, 0x00, 0x2B, 0x2B, 0x03, 0x0A, 0x09, 0x72, 0x02, 0x00, 0x2F, 0x2B, 0x32, 0x32, 0x11,
    0x33, 0x2B, 0x32, 0x30, 0x31, 0x25, 0x01, 0x07, 0x01, 0x01, 0x15, 0x14, 0x02, 0x06, 0x06, 0x23,
    0x22, 0x26, 0x26, 0x02, 0x35, 0x35, 0x34, 0x12, 0x36, 0x36, 0x33, 0x32, 0x16, 0x16, 0x12, 0x05,
    0x35, 0x34, 0x2E, 0x02, 0x23, 0x22, 0x0E, 0x02, 0x15, 0x15, 0x14, 0x1E, 0x02, 0x33, 0x32, 0x3E,
    0x02, 0x03, 0x99, 0x01, 0x8A, 0xBD, 0xFE, 0x7C, 0x02, 0x4B, 0x59, 0xA6, 0xE2, 0x8A, 0x89, 0xE4,
    0xA6, 0x5B, 0x5B, 0xA4, 0xE4, 0x89, 0x8A, 0xE3, 0xA6, 0x5A, 0xFE, 0xD1, 0x2B, 0x51, 0x76, 0x4C,
    0x4C, 0x76, 0x50, 0x2A, 0x2A, 0x51, 0x77, 0x4C, 0x4C, 0x75, 0x51, 0x2A, 0xD8, 0xFE, 0xC8, 0xA4,
    0x01, 0x38, 0x02, 0xC6, 0x45, 0xA6, 0xFE, 0xF8, 0xB9, 0x62, 0x62, 0xB9, 0x01, 0x08, 0xA6, 0x45,
    0xA7, 0x01, 0x07, 0xBA, 0x62, 0x62, 0xBA, 0xFE, 0xF9, 0xEC, 0x47, 0x74, 0xB0, 0x78, 0x3D, 0x3D,
    0x78, 0xB0, 0x74, 0x47, 0x73, 0xB1, 0x79, 0x3E, 0x3E, 0x79, 0xB1, 0x00, 0x00, 0x02, 0x00, 0x82,
    0x00, 0x00, 0x04, 0xF1, 0x05, 0xB0, 0x00, 0x18, 0x00, 0x1D, 0x00, 0x23, 0x40, 0x12, 0x1B, 0x1A,
    0x09, 0x03, 0x0C, 0x0C, 0x0B, 0x0B, 0x00, 0x1C, 0x19, 0x18, 0x08, 0x72, 0x16, 0x00, 0x02, 0x72,
    0x00, 0x2B, 0x32, 0x2B, 0x32, 0x32, 0x12, 0x39, 0x2F, 0x33, 0x12, 0x17, 0x39, 0x30, 0x31, 0x13,
    0x21, 0x32, 0x16, 0x16, 0x15, 0x14, 0x06, 0x06, 0x07, 0x07, 0x21, 0x27, 0x21, 0x32, 0x36, 0x36,
    0x35, 0x34, 0x26, 0x26, 0x23, 0x23, 0x11, 0x21, 0x21, 0x01, 0x25, 0x01, 0x15, 0x82, 0x02, 0x1F,
    0xA7, 0xF1, 0x82, 0x4F, 0x8F, 0x60, 0x5F, 0xFE, 0x28, 0x02, 0x01, 0x5F, 0x4F, 0x68, 0x35, 0x34,
    0x6A, 0x50, 0xF3, 0xFE, 0xD4, 0x03, 0x2E, 0xFE, 0xB4, 0x01, 0x3D, 0x01, 0x50, 0x05, 0xB0, 0x64,
    0xC4, 0x8F, 0x75, 0xA7, 0x6F, 0x21, 0x32, 0xEA, 0x38, 0x64, 0x42, 0x46, 0x66, 0x36, 0xFB, 0x3B,
    0x02, 0x89, 0x02, 0xFD, 0x83, 0x0E, 0x00, 0x01, 0x00, 0x45, 0xFF, 0xEC, 0x04, 0xA4, 0x05, 0xC4,
    0x00, 0x39, 0x00, 0x1F, 0x40, 0x0F, 0x0A, 0x26, 0x0F, 0x36, 0x31, 0x31, 0x2B, 0x09, 0x72, 0x18,
    0x14, 0x14, 0x0F, 0x03, 0x72, 0x00, 0x2B, 0x32, 0x2F, 0x32, 0x2B, 0x32, 0x2F, 0x32, 0x11, 0x39,
    0x39, 0x30, 0x31, 0x01, 0x34, 0x2E, 0x02, 0x27, 0x2E, 0x03, 0x35, 0x34, 0x3E, 0x02, 0x33, 0x32,
    0x16, 0x16, 0x15, 0x21, 0x34, 0x26, 0x26, 0x23, 0x22, 0x06, 0x06, 0x15, 0x14, 0x1E, 0x02, 0x17,
    0x1E, 0x03, 0x15, 0x14, 0x0E, 0x02, 0x23, 0x22, 0x2E, 0x02, 0x35, 0x21, 0x14, 0x1E, 0x02, 0x33,
    0x32, 0x36, 0x36, 0x03, 0x78, 0x17, 0x3E, 0x70, 0x59, 0x63, 0xB1, 0x87, 0x4D, 0x50, 0x90, 0xC5,
    0x76, 0xA1, 0xF0, 0x85, 0xFE, 0xD6, 0x35, 0x6B, 0x51, 0x4E, 0x68, 0x34, 0x25, 0x4A, 0x6C, 0x47,
    0x77, 0xB5, 0x7A, 0x3E, 0x4A, 0x8C, 0xC2, 0x78, 0x6C, 0xD2, 0xAB, 0x66, 0x01, 0x2D, 0x2A, 0x4D,
    0x6B, 0x40, 0x4E, 0x65, 0x31, 0x01, 0x7D, 0x27, 0x3F, 0x35, 0x34, 0x1C, 0x20, 0x50, 0x6B, 0x8E,
    0x5E, 0x5B, 0x95, 0x6B, 0x3A, 0x74, 0xCA, 0x82, 0x40, 0x61, 0x38, 0x2F, 0x4F, 0x31, 0x25, 0x3C,
    0x34, 0x2E, 0x16, 0x24, 0x5A, 0x70, 0x8E, 0x5A, 0x5F, 0x96, 0x68, 0x36, 0x39, 0x74, 0xB4, 0x7B,
    0x44, 0x5E, 0x3A, 0x1A, 0x2C, 0x4E, 0x00, 0x02, 0x00, 0x29, 0x00, 0x00, 0x04, 0xCD, 0x05, 0xB0,
    0x00, 0x03, 0x00, 0x07, 0x00, 0x15, 0x40, 0x0A, 0x00, 0x03, 0x03, 0x06, 0x07, 0x02, 0x72, 0x01,
    0x08, 0x72, 0x00, 0x2B, 0x2B, 0x32, 0x32, 0x11, 0x33, 0x30, 0x31, 0x01, 0x11, 0x21, 0x11, 0x21,
    0x15, 0x21, 0x35, 0x03, 0x0D, 0xFE, 0xD5, 0x02, 0xEB, 0xFB, 0x5C, 0x05, 0xB0, 0xFA, 0x50, 0x05,
    0xB0, 0xEB, 0xEB, 0x00, 0x00, 0x01, 0x00, 0x75, 0xFF, 0xEC, 0x04, 0xD1, 0x05, 0xB0, 0x00, 0x15,
    0x00, 0x13, 0x40, 0x09, 0x01, 0x11, 0x06, 0x0B, 0x02, 0x72, 0x06, 0x09, 0x72, 0x00, 0x2B, 0x2B,
    0x11, 0x33, 0x32, 0x30, 0x31, 0x01, 0x21, 0x11, 0x14, 0x06, 0x06, 0x23, 0x22, 0x26, 0x26, 0x35,
    0x11, 0x21, 0x11, 0x14, 0x16, 0x16, 0x33, 0x32, 0x36, 0x36, 0x35, 0x03, 0xA6, 0x01, 0x2B, 0x8F,
    0xFB, 0xA3, 0xA3, 0xFD, 0x8F, 0x01, 0x2C, 0x3E, 0x75, 0x50, 0x52, 0x73, 0x3D, 0x05, 0xB0, 0xFC,
    0x3E, 0xA8, 0xE6, 0x74, 0x74, 0xE6, 0xA8, 0x03, 0xC2, 0xFC, 0x3E, 0x62, 0x7C, 0x3A, 0x3A, 0x7C,
    0x62, 0x00, 0x00, 0x02, 0x00, 0x07, 0x00, 0x00, 0x05, 0x34, 0x05, 0xB0, 0x00, 0x04, 0x00, 0x09,
    0x00, 0x17, 0x40, 0x0B, 0x00, 0x06, 0x08, 0x01, 0x09, 0x02, 0x72, 0x03, 0x08, 0x08, 0x72, 0x00,
    0x2B, 0x32, 0x2B, 0x32, 0x12, 0x39, 0x39, 0x30, 0x31, 0x01, 0x01, 0x21, 0x01, 0x23, 0x01, 0x01,
    0x13, 0x23, 0x01, 0x02, 0x8F, 0x01, 0x57, 0x01, 0x4E, 0xFE, 0x05, 0xDC, 0xFE, 0xF6, 0x01, 0x56,
    0x34, 0xDE, 0xFE, 0x08, 0x01, 0x30, 0x04, 0x80, 0xFA, 0x50, 0x05, 0xB0, 0xFB, 0x80, 0xFE, 0xD0,
    0x05, 0xB0, 0x00, 0x04, 0x00, 0x23, 0x00, 0x00, 0x06, 0xDF, 0x05, 0xB0, 0x00, 0x05, 0x00, 0x0A,
    0x00, 0x0F, 0x00, 0x15, 0x00, 0x1B, 0x40, 0x0D, 0x10, 0x0C, 0x01, 0x0A, 0x02, 0x72, 0x13, 0x12,
    0x0E, 0x04, 0x09, 0x08, 0x72, 0x00, 0x2B, 0x32, 0x32, 0x32, 0x32, 0x2B, 0x32, 0x32, 0x32, 0x30,
    0x31, 0x25, 0x01, 0x33, 0x17, 0x01, 0x23, 0x03, 0x13, 0x07, 0x23, 0x01, 0x01, 0x13, 0x21, 0x01,
    0x23, 0x03, 0x01, 0x07, 0x23, 0x01, 0x37, 0x01, 0xE1, 0x01, 0x22, 0xA2, 0x25, 0xFE, 0xCB, 0xAE,
    0x9B, 0xF0, 0x14, 0xC2, 0xFE, 0xBD, 0x04, 0xA6, 0xED, 0x01, 0x29, 0xFE, 0xBE, 0xC2, 0xDB, 0x01,
    0x24, 0x08, 0xAE, 0xFE, 0xC9, 0x28, 0xE7, 0x04, 0xC9, 0xCC, 0xFB, 0x1C, 0x05, 0xB0, 0xFB, 0x37,
    0xE7, 0x05, 0xB0, 0xFB, 0x3C, 0x04, 0xC4, 0xFA, 0x50, 0x05, 0xB0, 0xFB, 0x32, 0xE2, 0x04, 0xE5,
    0xCB, 0x00, 0x00, 0x01, 0x00, 0x15, 0x00, 0x00, 0x04, 0xFF, 0x05, 0xB0, 0x00, 0x0B, 0x00, 0x1A,
    0x40, 0x0E, 0x07, 0x04, 0x0A, 0x01, 0x04, 0x09, 0x03, 0x0B, 0x02, 0x72, 0x06, 0x09, 0x08, 0x72,
    0x00, 0x2B, 0x32, 0x2B, 0x32, 0x12, 0x17, 0x39, 0x30, 0x31, 0x09, 0x02, 0x21, 0x01, 0x01, 0x21,
    0x01, 0x01, 0x21, 0x01, 0x01, 0x01, 0x79, 0x01, 0x12, 0x01, 0x12, 0x01, 0x57, 0xFE, 0x59, 0x01,
    0xB2, 0xFE, 0xA6, 0xFE, 0xE6, 0xFE, 0xE6, 0xFE, 0xA4, 0x01, 0xB3, 0xFE, 0x58, 0x05, 0xB0, 0xFE,
    0x04, 0x01, 0xFC, 0xFD, 0x2E, 0xFD, 0x22, 0x02, 0x06, 0xFD, 0xFA, 0x02, 0xDE, 0x02, 0xD2, 0x00,
    0x00, 0x01, 0x00, 0x02, 0x00, 0x00, 0x04, 0xF1, 0x05, 0xB0, 0x00, 0x08, 0x00, 0x17, 0x40, 0x0C,
    0x04, 0x07, 0x01, 0x03, 0x06, 0x03, 0x08, 0x02, 0x72, 0x06, 0x08, 0x72, 0x00, 0x2B, 0x2B, 0x32,
    0x12, 0x17, 0x39, 0x30, 0x31, 0x09, 0x02, 0x21, 0x01, 0x11, 0x21, 0x11, 0x01, 0x01, 0x4A, 0x01,
    0x30, 0x01, 0x30, 0x01, 0x47, 0xFE, 0x21, 0xFE, 0xD0, 0xFE, 0x20, 0x05, 0xB0, 0xFD, 0x68, 0x02,
    0x98, 0xFC, 0x62, 0xFD, 0xEE, 0x02, 0x12, 0x03, 0x9E, 0x00, 0x00, 0x03, 0x00, 0x49, 0x00, 0x00,
    0x04, 0x9F, 0x05, 0xB0, 0x00, 0x03, 0x00, 0x09, 0x00, 0x0D, 0x00, 0x1F, 0x40, 0x0F, 0x04, 0x0C,
    0x0C, 0x09, 0x0D, 0x02, 0x72, 0x07, 0x03, 0x03, 0x02, 0x02, 0x06, 0x08, 0x72, 0x00, 0x2B, 0x32,
    0x11, 0x33, 0x11, 0x33, 0x2B, 0x32, 0x32, 0x11, 0x33, 0x30, 0x31, 0x25, 0x15, 0x21, 0x35, 0x01,
    0x01, 0x23, 0x35, 0x01, 0x33, 0x23, 0x15, 0x21, 0x35, 0x04, 0x9F, 0xFB, 0xF8, 0x03, 0xF9, 0xFC,
    0x8C, 0xD3, 0x03, 0x7B, 0xCC, 0x67, 0xFC, 0x21, 0xEA, 0xEA, 0xEA, 0x04, 0x1F, 0xFA, 0xF7, 0xAC,
    0x05, 0x04, 0xEB, 0xEB, 0x00, 0x01, 0x00, 0x79, 0xFE, 0xAF, 0x02, 0x27, 0x06, 0x9C, 0x00, 0x07,
    0x00, 0x0E, 0xB4, 0x03, 0x06, 0x02, 0x07, 0x06, 0x00, 0x2F, 0x2F, 0x33, 0x11, 0x33, 0x30, 0x31,
    0x01, 0x15, 0x23, 0x11, 0x33, 0x15, 0x21, 0x11, 0x02, 0x27, 0x8D, 0x8D, 0xFE, 0x52, 0x06, 0x9C,
    0xD7, 0xF9, 0xC1, 0xD7, 0x07, 0xED, 0x00, 0x01, 0xFF, 0xFF, 0xFF, 0x83, 0x03, 0x87, 0x05, 0xB0,
    0x00, 0x03, 0x00, 0x09, 0xB2, 0x01, 0x02, 0x00, 0x00, 0x2F, 0x3F, 0x30, 0x31, 0x05, 0x01, 0x21,
    0x01, 0x02, 0x5E, 0xFD, 0xA1, 0x01, 0x28, 0x02, 0x60, 0x7D, 0x06, 0x2D, 0xF9, 0xD3, 0x00, 0x01,
    0x00, 0x0D, 0xFE, 0xAF, 0x01, 0xBC, 0x06, 0x9C, 0x00, 0x07, 0x00, 0x0E, 0xB4, 0x05, 0x04, 0x00,
    0x01, 0x04, 0x00, 0x2F, 0x2F, 0x33, 0x11, 0x33, 0x30, 0x31, 0x13, 0x35, 0x21, 0x11, 0x21, 0x35,
    0x33, 0x11, 0x0D, 0x01, 0xAF, 0xFE, 0x51, 0x8F, 0x05, 0xC5, 0xD7, 0xF8, 0x13, 0xD7, 0x06, 0x3F,
    0x00, 0x02, 0x00, 0x2D, 0x02, 0xD9, 0x03, 0x55, 0x05, 0xB0, 0x00, 0x04, 0x00, 0x09, 0x00, 0x16,
    0x40, 0x09, 0x08, 0x07, 0x07, 0x06, 0x00, 0x05, 0x02, 0x03, 0x02, 0x00, 0x3F, 0xCD, 0x32, 0x39,
    0x39, 0x33, 0x11, 0x33, 0x30, 0x31, 0x01, 0x03, 0x23, 0x01, 0x33, 0x13, 0x03, 0x27, 0x33, 0x01,
    0x01, 0xCA, 0xB9, 0xE4, 0x01, 0x2B, 0xA4, 0x76, 0xB9, 0x32, 0xA4, 0x01, 0x2A, 0x04, 0xBE, 0xFE,
    0x1B, 0x02, 0xD7, 0xFD, 0x29, 0x01, 0xE5, 0xF2, 0xFD, 0x29, 0x00, 0x01, 0x00, 0x01, 0xFF, 0x25,
    0x03, 0x8D, 0x00, 0x00, 0x00, 0x03, 0x00, 0x08, 0xB1, 0x02, 0x03, 0x00, 0x2F, 0x33, 0x30, 0x31,
    0x21, 0x15, 0x21, 0x35, 0x03, 0x8D, 0xFC, 0x74, 0xDB, 0xDB, 0x00, 0x01, 0x00, 0x38, 0x04, 0xCC,
    0x02, 0x36, 0x06, 0x00, 0x00, 0x03, 0x00, 0x0A, 0xB2, 0x03, 0x80, 0x02, 0x00, 0x2F, 0x1A, 0xCD,
    0x30, 0x31, 0x01, 0x13, 0x23, 0x01, 0x01, 0x71, 0xC5, 0xEC, 0xFE, 0xEE, 0x06, 0x00, 0xFE, 0xCC,
    0x01, 0x34, 0x00, 0x02, 0x00, 0x42, 0xFF, 0xEC, 0x04, 0x05, 0x04, 0x4E, 0x00, 0x1B, 0x00, 0x3A,
    0x00, 0x29, 0x40, 0x15, 0x2B, 0x2C, 0x1E, 0x27, 0x1E, 0x3A, 0x3A, 0x0F, 0x27, 0x31, 0x0B, 0x72,
    0x18, 0x19, 0x0A, 0x72, 0x09, 0x05, 0x0F, 0x07, 0x72, 0x00, 0x2B, 0x32, 0x32, 0x2B, 0x32, 0x2B,
    0x32, 0x12, 0x39, 0x2F, 0x33, 0x11, 0x12, 0x39, 0x39, 0x30, 0x31, 0x25, 0x11, 0x34, 0x26, 0x26,
    0x23, 0x22, 0x06, 0x06, 0x15, 0x21, 0x34, 0x3E, 0x02, 0x33, 0x32, 0x16, 0x16, 0x15, 0x11, 0x14,
    0x16, 0x17, 0x15, 0x21, 0x26, 0x26, 0x13, 0x17, 0x23, 0x22, 0x0E, 0x02, 0x15, 0x14, 0x16, 0x16,
    0x33, 0x32, 0x36, 0x36, 0x37, 0x17, 0x0E, 0x03, 0x23, 0x22, 0x26, 0x26, 0x35, 0x34, 0x3E, 0x02,
    0x33, 0x02, 0xB8, 0x22, 0x47, 0x38, 0x30, 0x46, 0x26, 0xFE, 0xE0, 0x40, 0x7A, 0xA9, 0x69, 0x7E,
    0xC4, 0x71, 0x16, 0x15, 0xFE, 0xDD, 0x15, 0x15, 0x26, 0x02, 0xA1, 0x39, 0x54, 0x36, 0x19, 0x22,
    0x40, 0x2B, 0x41, 0x60, 0x35, 0x01, 0x4C, 0x10, 0x37, 0x54, 0x76, 0x51, 0x67, 0xA7, 0x61, 0x40,
    0x7D, 0xBC, 0x7C, 0xF4, 0x01, 0xE2, 0x34, 0x4B, 0x2A, 0x21, 0x3D, 0x29, 0x45, 0x7C, 0x5F, 0x36,
    0x54, 0xA8, 0x7E, 0xFE, 0x31, 0x59, 0x71, 0x2A, 0x11, 0x2C, 0x85, 0x01, 0xE2, 0xA3, 0x1A, 0x2F,
    0x3E, 0x25, 0x25, 0x3B, 0x21, 0x34, 0x4C, 0x22, 0x7A, 0x29, 0x58, 0x4D, 0x31, 0x53, 0x93, 0x5E,
    0x55, 0x84, 0x5B, 0x2F, 0x00, 0x03, 0x00, 0x70, 0xFF, 0xEC, 0x04, 0x3D, 0x06, 0x00, 0x00, 0x04,
    0x00, 0x1A, 0x00, 0x2F, 0x00, 0x19, 0x40, 0x0E, 0x21, 0x16, 0x07, 0x72, 0x2B, 0x0B, 0x0B, 0x72,
    0x04, 0x0A, 0x72, 0x00, 0x00, 0x72, 0x00, 0x2B, 0x2B, 0x2B, 0x32, 0x2B, 0x32, 0x30, 0x31, 0x13,
    0x21, 0x11, 0x07, 0x21, 0x01, 0x15, 0x14, 0x0E, 0x02, 0x23, 0x22, 0x2E, 0x02, 0x27, 0x35, 0x3E,
    0x03, 0x33, 0x32, 0x1E, 0x02, 0x05, 0x35, 0x34, 0x2E, 0x02, 0x23, 0x22, 0x0E, 0x02, 0x07, 0x15,
    0x1E, 0x02, 0x33, 0x32, 0x3E, 0x02, 0x70, 0x01, 0x20, 0x1D, 0xFE, 0xFD, 0x03, 0xCD, 0x33, 0x6A,
    0x9D, 0x6A, 0x63, 0x91, 0x62, 0x3C, 0x0F, 0x0F, 0x3C, 0x62, 0x90, 0x62, 0x6B, 0x9F, 0x69, 0x33,
    0xFE, 0xE0, 0x13, 0x2E, 0x4F, 0x3E, 0x3B, 0x52, 0x35, 0x1A, 0x03, 0x03, 0x2F, 0x61, 0x4E, 0x3D,
    0x50, 0x2D, 0x12, 0x06, 0x00, 0xFA, 0xF8, 0xF8, 0x02, 0x28, 0x15, 0x79, 0xCA, 0x93, 0x51, 0x50,
    0x92, 0xC4, 0x74, 0x2E, 0x74, 0xC4, 0x92, 0x50, 0x51, 0x93, 0xC9, 0x8E, 0x15, 0x42, 0x75, 0x59,
    0x34, 0x28, 0x48, 0x63, 0x3B, 0x83, 0x4F, 0x79, 0x45, 0x30, 0x58, 0x77, 0x00, 0x01, 0x00, 0x42,
    0xFF, 0xEC, 0x03, 0xF5, 0x04, 0x4E, 0x00, 0x27, 0x00, 0x19, 0x40, 0x0C, 0x1D, 0x19, 0x19, 0x14,
    0x07, 0x72, 0x04, 0x04, 0x00, 0x09, 0x0B, 0x72, 0x00, 0x2B, 0x32, 0x32, 0x2F, 0x2B, 0x32, 0x2F,
    0x32, 0x30, 0x31, 0x25, 0x32, 0x36, 0x36, 0x37, 0x21, 0x0E, 0x02, 0x23, 0x22, 0x2E, 0x02, 0x35,
    0x35, 0x34, 0x3E, 0x02, 0x33, 0x32, 0x16, 0x16, 0x17, 0x21, 0x2E, 0x02, 0x23, 0x22, 0x0E, 0x02,
    0x15, 0x15, 0x14, 0x1E, 0x02, 0x02, 0x2F, 0x35, 0x52, 0x2F, 0x01, 0x01, 0x0F, 0x01, 0x78, 0xCA,
    0x7D, 0x7E, 0xBB, 0x7C, 0x3E, 0x3E, 0x7C, 0xBA, 0x7D, 0x85, 0xC9, 0x73, 0x01, 0xFE, 0xF1, 0x01,
    0x2B, 0x51, 0x3B, 0x3F, 0x50, 0x2C, 0x11, 0x10, 0x2D, 0x50, 0xCD, 0x29, 0x4B, 0x33, 0x72, 0xB1,
    0x65, 0x54, 0x95, 0xC7, 0x72, 0x1D, 0x73, 0xC7, 0x95, 0x54, 0x66, 0xBD, 0x81, 0x36, 0x58, 0x35,
    0x35, 0x5B, 0x73, 0x3F, 0x1D, 0x3F, 0x74, 0x5A, 0x34, 0x00, 0x00, 0x03, 0x00, 0x43, 0xFF, 0xEC,
    0x04, 0x11, 0x06, 0x00, 0x00, 0x04, 0x00, 0x1A, 0x00, 0x2F, 0x00, 0x19, 0x40, 0x0D, 0x21, 0x04,
    0x04, 0x16, 0x0B, 0x72, 0x2B, 0x0B, 0x07, 0x72, 0x01, 0x00, 0x72, 0x00, 0x2B, 0x2B, 0x32, 0x2B,
    0x32, 0x2F, 0x32, 0x30, 0x31, 0x25, 0x11, 0x21, 0x11, 0x21, 0x01, 0x35, 0x34, 0x3E, 0x02, 0x33,
    0x32, 0x1E, 0x02, 0x17, 0x15, 0x0E, 0x03, 0x23, 0x22, 0x2E, 0x02, 0x25, 0x15, 0x14, 0x1E, 0x02,
    0x33, 0x32, 0x36, 0x36, 0x37, 0x35, 0x2E, 0x03, 0x23, 0x22, 0x0E, 0x02, 0x02, 0xEF, 0x01, 0x22,
    0xFE, 0xFB, 0xFD, 0x37, 0x38, 0x6C, 0x9E, 0x65, 0x5F, 0x8F, 0x65, 0x3E, 0x0E, 0x0E, 0x3E, 0x65,
    0x90, 0x60, 0x65, 0x9D, 0x6B, 0x38, 0x01, 0x20, 0x15, 0x31, 0x4F, 0x39, 0x4A, 0x60, 0x33, 0x04,
    0x03, 0x1D, 0x37, 0x51, 0x37, 0x38, 0x50, 0x31, 0x17, 0xEC, 0x05, 0x14, 0xFA, 0x00, 0x02, 0x10,
    0x15, 0x7C, 0xCB, 0x92, 0x50, 0x50, 0x93, 0xC7, 0x76, 0x2E, 0x71, 0xC2, 0x91, 0x50, 0x52, 0x94,
    0xC8, 0x8B, 0x15, 0x43, 0x74, 0x59, 0x31, 0x43, 0x76, 0x4D, 0x83, 0x3F, 0x65, 0x48, 0x28, 0x33,
    0x58, 0x77, 0x00, 0x01, 0x00, 0x47, 0xFF, 0xEC, 0x04, 0x1E, 0x04, 0x4E, 0x00, 0x2B, 0x00, 0x1F,
    0x40, 0x10, 0x67, 0x13, 0x01, 0x06, 0x13, 0x12, 0x12, 0x00, 0x19, 0x0B, 0x07, 0x72, 0x24, 0x00,
    0x0B, 0x72, 0x00, 0x2B, 0x32, 0x2B, 0x32, 0x11, 0x39, 0x2F, 0x33, 0x5F, 0x5D, 0x30, 0x31, 0x05,
    0x22, 0x2E, 0x02, 0x35, 0x35, 0x34, 0x3E, 0x02, 0x33, 0x32, 0x1E, 0x02, 0x15, 0x15, 0x21, 0x35,
    0x21, 0x35, 0x34, 0x26, 0x26, 0x23, 0x22, 0x0E, 0x02, 0x15, 0x15, 0x14, 0x1E, 0x02, 0x33, 0x32,
    0x36, 0x37, 0x17, 0x0E, 0x02, 0x02, 0x62, 0x7E, 0xC8, 0x8B, 0x4A, 0x46, 0x83, 0xBC, 0x76, 0x73,
    0xB2, 0x79, 0x3E, 0xFC, 0xA4, 0x02, 0x41, 0x2B, 0x56, 0x43, 0x39, 0x52, 0x33, 0x19, 0x25, 0x45,
    0x63, 0x3F, 0x4E, 0x87, 0x31, 0x8C, 0x22, 0x75, 0xA4, 0x14, 0x51, 0x90, 0xBF, 0x6C, 0x28, 0x7B,
    0xCC, 0x96, 0x51, 0x4C, 0x8C, 0xC3, 0x77, 0x78, 0xC0, 0x16, 0x3C, 0x5F, 0x38, 0x32, 0x5A, 0x79,
    0x48, 0x28, 0x41, 0x6E, 0x50, 0x2C, 0x3D, 0x3E, 0x98, 0x31, 0x5A, 0x39, 0x00, 0x02, 0x00, 0x1C,
    0x00, 0x00, 0x02, 0xDE, 0x06, 0x15, 0x00, 0x11, 0x00, 0x15, 0x00, 0x15, 0x40, 0x0B, 0x14, 0x15,
    0x06, 0x72, 0x0D, 0x06, 0x01, 0x72, 0x01, 0x0A, 0x72, 0x00, 0x2B, 0x2B, 0x32, 0x2B, 0x32, 0x30,
    0x31, 0x21, 0x21, 0x11, 0x34, 0x36, 0x36, 0x33, 0x32, 0x16, 0x17, 0x07, 0x26, 0x26, 0x23, 0x22,
    0x06, 0x06, 0x15, 0x17, 0x15, 0x21, 0x35, 0x01, 0xDF, 0xFE, 0xDE, 0x61, 0xB1, 0x7A, 0x28, 0x4A,
    0x23, 0x03, 0x13, 0x2A, 0x1C, 0x34, 0x49, 0x26, 0xD8, 0xFD, 0x65, 0x04, 0x9A, 0x7B, 0xA9, 0x57,
    0x0B, 0x08, 0xD9, 0x05, 0x04, 0x23, 0x44, 0x31, 0x60, 0xCC, 0xCC, 0x00, 0x00, 0x03, 0x00, 0x45,
    0xFE, 0x56, 0x04, 0x22, 0x04, 0x4E, 0x00, 0x13, 0x00, 0x29, 0x00, 0x3E, 0x00, 0x1B, 0x40, 0x0F,
    0x30, 0x25, 0x0B, 0x72, 0x3A, 0x1A, 0x07, 0x72, 0x0E, 0x06, 0x0F, 0x72, 0x00, 0x06, 0x72, 0x00,
    0x2B, 0x2B, 0x32, 0x2B, 0x32, 0x2B, 0x32, 0x30, 0x31, 0x01, 0x21, 0x11, 0x14, 0x06, 0x06, 0x23,
    0x22, 0x26, 0x26, 0x27, 0x37, 0x16, 0x16, 0x33, 0x32, 0x36, 0x36, 0x35, 0x11, 0x01, 0x35, 0x34,
    0x3E, 0x02, 0x33, 0x32, 0x1E, 0x02, 0x17, 0x15, 0x0E, 0x03, 0x23, 0x22, 0x2E, 0x02, 0x25, 0x15,
    0x14, 0x1E, 0x02, 0x33, 0x32, 0x36, 0x36, 0x37, 0x35, 0x2E, 0x03, 0x23, 0x22, 0x0E, 0x02, 0x03,
    0x1D, 0x01, 0x05, 0x83, 0xEA, 0x9B, 0x44, 0x97, 0x89, 0x2E, 0x7F, 0x32, 0x84, 0x50, 0x4E, 0x6C,
    0x3A, 0xFD, 0x44, 0x3D, 0x71, 0xA2, 0x66, 0x6C, 0x92, 0x5E, 0x35, 0x0F, 0x0F, 0x3C, 0x62, 0x91,
    0x64, 0x64, 0xA1, 0x72, 0x3D, 0x01, 0x20, 0x1A, 0x37, 0x53, 0x39, 0x4F, 0x64, 0x32, 0x04, 0x02,
    0x1E, 0x36, 0x56, 0x3B, 0x39, 0x53, 0x37, 0x1C, 0x04, 0x3A, 0xFB, 0xEA, 0x94, 0xCF, 0x6B, 0x24,
    0x4C, 0x3A, 0xAA, 0x3A, 0x41, 0x39, 0x6D, 0x4D, 0x03, 0x1E, 0xFE, 0xD0, 0x15, 0x7C, 0xCB, 0x92,
    0x50, 0x50, 0x93, 0xC7, 0x76, 0x2E, 0x71, 0xC2, 0x91, 0x50, 0x52, 0x94, 0xC8, 0x8B, 0x15, 0x43,
    0x74, 0x59, 0x31, 0x43, 0x76, 0x4D, 0x83, 0x3F, 0x65, 0x48, 0x28, 0x33, 0x58, 0x77, 0x00, 0x02,
    0x00, 0x69, 0x00, 0x00, 0x04, 0x11, 0x06, 0x00, 0x00, 0x03, 0x00, 0x1A, 0x00, 0x17, 0x40, 0x0C,
    0x11, 0x02, 0x16, 0x0A, 0x07, 0x72, 0x03, 0x00, 0x72, 0x02, 0x0A, 0x72, 0x00, 0x2B, 0x2B, 0x2B,
    0x32, 0x11, 0x33, 0x30, 0x31, 0x01, 0x11, 0x21, 0x11, 0x13, 0x23, 0x3E, 0x03, 0x33, 0x32, 0x1E,
    0x02, 0x15, 0x11, 0x21, 0x11, 0x34, 0x26, 0x26, 0x23, 0x22, 0x0E, 0x02, 0x01, 0x89, 0xFE, 0xE0,
    0xF7, 0x4F, 0x01, 0x3A, 0x6C, 0x97, 0x5C, 0x50, 0x83, 0x5F, 0x34, 0xFE, 0xDE, 0x29, 0x4D, 0x38,
    0x3E, 0x57, 0x34, 0x18, 0x06, 0x00, 0xFA, 0x00, 0x06, 0x00, 0xFC, 0x43, 0x71, 0xBF, 0x8D, 0x4E,
    0x2D, 0x63, 0xA0, 0x72, 0xFD, 0x54, 0x02, 0xAE, 0x48, 0x53, 0x23, 0x2E, 0x51, 0x6C, 0x00, 0x02,
    0x00, 0x6D, 0x00, 0x00, 0x01, 0xB1, 0x05, 0xE5, 0x00, 0x03, 0x00, 0x0F, 0x00, 0x10, 0xB7, 0x07,
    0x0D, 0x03, 0x06, 0x72, 0x02, 0x0A, 0x72, 0x00, 0x2B, 0x2B, 0xCE, 0x32, 0x30, 0x31, 0x01, 0x11,
    0x21, 0x11, 0x03, 0x34, 0x36, 0x33, 0x32, 0x16, 0x15, 0x14, 0x06, 0x23, 0x22, 0x26, 0x01, 0xA0,
    0xFE, 0xDF, 0x12, 0x58, 0x4A, 0x49, 0x59, 0x59, 0x49, 0x4A, 0x58, 0x04, 0x3A, 0xFB, 0xC6, 0x04,
    0x3A, 0x01, 0x1A, 0x3F, 0x52, 0x52, 0x3F, 0x3F, 0x52, 0x52, 0x00, 0x02, 0xFF, 0x9B, 0xFE, 0x4B,
    0x01, 0xAD, 0x05, 0xE5, 0x00, 0x11, 0x00, 0x1D, 0x00, 0x13, 0x40, 0x09, 0x0D, 0x06, 0x0F, 0x72,
    0x15, 0x1B, 0x00, 0x06, 0x72, 0x00, 0x2B, 0xCE, 0x32, 0x2B, 0x32, 0x30, 0x31, 0x13, 0x21, 0x11,
    0x14, 0x06, 0x06, 0x23, 0x22, 0x26, 0x27, 0x37, 0x16, 0x16, 0x33, 0x32, 0x36, 0x36, 0x35, 0x03,
    0x34, 0x36, 0x33, 0x32, 0x16, 0x15, 0x14, 0x06, 0x23, 0x22, 0x26, 0x80, 0x01, 0x21, 0x58, 0xA6,
    0x76, 0x25, 0x47, 0x26, 0x01, 0x18, 0x2D, 0x17, 0x2D, 0x3C, 0x1F, 0x17, 0x59, 0x49, 0x4A, 0x58,
    0x58, 0x4A, 0x49, 0x59, 0x04, 0x3A, 0xFB, 0x85, 0x78, 0xA6, 0x56, 0x08, 0x09, 0xDD, 0x04, 0x05,
    0x1E, 0x3F, 0x32, 0x05, 0x95, 0x3F, 0x52, 0x52, 0x3F, 0x3F, 0x52, 0x52, 0x00, 0x03, 0x00, 0x70,
    0x00, 0x00, 0x04, 0x5B, 0x06, 0x01, 0x00, 0x03, 0x00, 0x09, 0x00, 0x0D, 0x00, 0x1D, 0x40, 0x11,
    0x06, 0x07, 0x0B, 0x05, 0x0C, 0x08, 0x06, 0x02, 0x09, 0x06, 0x03, 0x00, 0x72, 0x0A, 0x02, 0x0A,
    0x72, 0x00, 0x2B, 0x32, 0x2B, 0x3F, 0x12, 0x17, 0x39, 0x30, 0x31, 0x01, 0x11, 0x21, 0x11, 0x01,
    0x01, 0x07, 0x27, 0x37, 0x01, 0x13, 0x01, 0x37, 0x01, 0x01, 0x90, 0xFE, 0xE0, 0x03, 0xCA, 0xFE,
    0x2A, 0xFC, 0x69, 0xC8, 0x01, 0x19, 0x2F, 0xFE, 0xC0, 0xC7, 0x01, 0xC5, 0x06, 0x01, 0xF9, 0xFF,
    0x06, 0x01, 0xFE, 0x39, 0xFD, 0xE8, 0xFF, 0xD0, 0xFE, 0x01, 0x49, 0xFB, 0xC6, 0x01, 0xF4, 0xAE,
    0xFD, 0x5E, 0x00, 0x01, 0x00, 0x7F, 0x00, 0x00, 0x01, 0xA0, 0x06, 0x00, 0x00, 0x03, 0x00, 0x0C,
    0xB5, 0x03, 0x00, 0x72, 0x02, 0x0A, 0x72, 0x00, 0x2B, 0x2B, 0x30, 0x31, 0x01, 0x11, 0x21, 0x11,
    0x01, 0xA0, 0xFE, 0xDF, 0x06, 0x00, 0xFA, 0x00, 0x06, 0x00, 0x00, 0x03, 0x00, 0x6F, 0x00, 0x00,
    0x06, 0x7F, 0x04, 0x4E, 0x00, 0x04, 0x00, 0x1B, 0x00, 0x32, 0x00, 0x21, 0x40, 0x11, 0x29, 0x12,
    0x02, 0x2E, 0x22, 0x22, 0x17, 0x0B, 0x03, 0x06, 0x72, 0x0B, 0x07, 0x72, 0x02, 0x0A, 0x72, 0x00,
    0x2B, 0x2B, 0x2B, 0x11, 0x33, 0x33, 0x11, 0x33, 0x11, 0x33, 0x33, 0x30, 0x31, 0x01, 0x11, 0x21,
    0x11, 0x21, 0x03, 0x23, 0x34, 0x3E, 0x02, 0x33, 0x32, 0x1E, 0x02, 0x15, 0x11, 0x21, 0x11, 0x34,
    0x26, 0x26, 0x23, 0x22, 0x0E, 0x02, 0x05, 0x07, 0x34, 0x3E, 0x02, 0x33, 0x32, 0x1E, 0x02, 0x15,
    0x11, 0x21, 0x11, 0x34, 0x26, 0x26, 0x23, 0x22, 0x0E, 0x02, 0x01, 0x90, 0xFE, 0xDF, 0x01, 0x0F,
    0x16, 0x50, 0x37, 0x6B, 0x9E, 0x68, 0x48, 0x78, 0x57, 0x30, 0xFE, 0xE0, 0x28, 0x49, 0x33, 0x38,
    0x53, 0x36, 0x1A, 0x02, 0x84, 0x67, 0x35, 0x69, 0x9C, 0x66, 0x4E, 0x80, 0x5B, 0x31, 0xFE, 0xDF,
    0x27, 0x49, 0x32, 0x34, 0x4E, 0x34, 0x1A, 0x03, 0x5A, 0xFC, 0xA6, 0x04, 0x3A, 0xFE, 0x09, 0x71,
    0xBF, 0x8D, 0x4E, 0x2B, 0x5B, 0x91, 0x65, 0xFD, 0x2E, 0x02, 0xB2, 0x4A, 0x50, 0x20, 0x2E, 0x51,
    0x6C, 0x1D, 0x0D, 0x6A, 0xB6, 0x8A, 0x4D, 0x2D, 0x61, 0x9C, 0x71, 0xFD, 0x4D, 0x02, 0xB3, 0x4B,
    0x4F, 0x1F, 0x29, 0x48, 0x5F, 0x00, 0x00, 0x02, 0x00, 0x6A, 0x00, 0x00, 0x04, 0x11, 0x04, 0x4E,
    0x00, 0x04, 0x00, 0x1B, 0x00, 0x19, 0x40, 0x0D, 0x12, 0x02, 0x17, 0x0B, 0x03, 0x06, 0x72, 0x0B,
    0x07, 0x72, 0x02, 0x0A, 0x72, 0x00, 0x2B, 0x2B, 0x2B, 0x11, 0x33, 0x11, 0x33, 0x30, 0x31, 0x01,
    0x11, 0x21, 0x11, 0x21, 0x03, 0x23, 0x34, 0x3E, 0x02, 0x33, 0x32, 0x1E, 0x02, 0x15, 0x11, 0x21,
    0x11, 0x34, 0x26, 0x26, 0x23, 0x22, 0x0E, 0x02, 0x01, 0x8A, 0xFE, 0xE0, 0x01, 0x0E, 0x18, 0x4E,
    0x3E, 0x70, 0x9B, 0x60, 0x4C, 0x7E, 0x5B, 0x31, 0xFE, 0xDE, 0x28, 0x4D, 0x38, 0x3A, 0x55, 0x37,
    0x1C, 0x03, 0x53, 0xFC, 0xAD, 0x04, 0x3A, 0xFE, 0x09, 0x78, 0xC1, 0x89, 0x49, 0x2C, 0x60, 0x9E,
    0x72, 0xFD, 0x4E, 0x02, 0xB3, 0x48, 0x50, 0x21, 0x2E, 0x51, 0x6C, 0x00, 0x00, 0x02, 0x00, 0x42,
    0xFF, 0xEC, 0x04, 0x43, 0x04, 0x4E, 0x00, 0x15, 0x00, 0x2B, 0x00, 0x10, 0xB7, 0x1C, 0x11, 0x0B,
    0x72, 0x27, 0x06, 0x07, 0x72, 0x00, 0x2B, 0x32, 0x2B, 0x32, 0x30, 0x31, 0x13, 0x35, 0x34, 0x3E,
    0x02, 0x33, 0x32, 0x1E, 0x02, 0x15, 0x15, 0x14, 0x0E, 0x02, 0x23, 0x22, 0x2E, 0x02, 0x25, 0x15,
    0x14, 0x1E, 0x02, 0x33, 0x32, 0x3E, 0x02, 0x35, 0x35, 0x34, 0x2E, 0x02, 0x23, 0x22, 0x0E, 0x02,
    0x42, 0x44, 0x82, 0xBE, 0x7B, 0x7B, 0xC0, 0x83, 0x44, 0x44, 0x83, 0xBE, 0x7B, 0x7B, 0xBF, 0x83,
    0x44, 0x01, 0x20, 0x18, 0x35, 0x56, 0x3E, 0x3C, 0x56, 0x34, 0x19, 0x19, 0x35, 0x56, 0x3D, 0x3D,
    0x55, 0x35, 0x18, 0x02, 0x12, 0x15, 0x77, 0xC9, 0x94, 0x53, 0x53, 0x94, 0xC9, 0x77, 0x15, 0x76,
    0xC9, 0x95, 0x52, 0x52, 0x95, 0xC9, 0x8B, 0x15, 0x44, 0x76, 0x59, 0x32, 0x32, 0x59, 0x76, 0x44,
    0x15, 0x42, 0x75, 0x5B, 0x34, 0x34, 0x5B, 0x75, 0x00, 0x03, 0x00, 0x70, 0xFE, 0x60, 0x04, 0x3D,
    0x04, 0x4E, 0x00, 0x04, 0x00, 0x1A, 0x00, 0x2F, 0x00, 0x19, 0x40, 0x0E, 0x21, 0x16, 0x07, 0x72,
    0x2B, 0x0B, 0x0B, 0x72, 0x03, 0x06, 0x72, 0x02, 0x0E, 0x72, 0x00, 0x2B, 0x2B, 0x2B, 0x32, 0x2B,
    0x32, 0x30, 0x31, 0x01, 0x11, 0x21, 0x11, 0x21, 0x01, 0x15, 0x14, 0x0E, 0x02, 0x23, 0x22, 0x2E,
    0x02, 0x27, 0x35, 0x3E, 0x03, 0x33, 0x32, 0x1E, 0x02, 0x05, 0x35, 0x34, 0x2E, 0x02, 0x23, 0x22,
    0x0E, 0x02, 0x07, 0x15, 0x1E, 0x02, 0x33, 0x32, 0x3E, 0x02, 0x01, 0x90, 0xFE, 0xE0, 0x01, 0x0B,
    0x02, 0xC2, 0x37, 0x6A, 0x9D, 0x66, 0x63, 0x92, 0x63, 0x3C, 0x10, 0x10, 0x3C, 0x63, 0x91, 0x62,
    0x67, 0x9D, 0x6B, 0x37, 0xFE, 0xDF, 0x17, 0x31, 0x4F, 0x38, 0x3B, 0x53, 0x34, 0x1A, 0x03, 0x05,
    0x2E, 0x60, 0x4E, 0x39, 0x4E, 0x31, 0x15, 0x03, 0x6A, 0xFA, 0xF6, 0x05, 0xDA, 0xFD, 0xEF, 0x15,
    0x76, 0xCA, 0x95, 0x53, 0x50, 0x91, 0xC0, 0x6E, 0x37, 0x76, 0xC5, 0x91, 0x50, 0x4E, 0x92, 0xCA,
    0x90, 0x15, 0x45, 0x75, 0x58, 0x31, 0x26, 0x48, 0x64, 0x3F, 0x8B, 0x4A, 0x75, 0x44, 0x33, 0x5A,
    0x76, 0x00, 0x00, 0x03, 0x00, 0x43, 0xFE, 0x60, 0x04, 0x11, 0x04, 0x4E, 0x00, 0x04, 0x00, 0x1A,
    0x00, 0x2F, 0x00, 0x19, 0x40, 0x0E, 0x21, 0x16, 0x0B, 0x72, 0x2B, 0x0B, 0x07, 0x72, 0x04, 0x0E,
    0x72, 0x03, 0x06, 0x72, 0x00, 0x2B, 0x2B, 0x2B, 0x32, 0x2B, 0x32, 0x30, 0x31, 0x01, 0x11, 0x37,
    0x33, 0x11, 0x01, 0x35, 0x34, 0x3E, 0x02, 0x33, 0x32, 0x1E, 0x02, 0x17, 0x15, 0x0E, 0x03, 0x23,
    0x22, 0x2E, 0x02, 0x25, 0x15, 0x14, 0x1E, 0x02, 0x33, 0x32, 0x36, 0x36, 0x37, 0x35, 0x2E, 0x03,
    0x23, 0x22, 0x0E, 0x02, 0x02, 0xEF, 0x25, 0xFD, 0xFC, 0x32, 0x37, 0x6C, 0x9D, 0x67, 0x63, 0x90,
    0x63, 0x3C, 0x10, 0x0F, 0x3D, 0x63, 0x91, 0x64, 0x65, 0x9D, 0x6C, 0x37, 0x01, 0x20, 0x16, 0x31,
    0x4E, 0x39, 0x4F, 0x61, 0x2F, 0x04, 0x03, 0x1B, 0x35, 0x53, 0x3B, 0x38, 0x50, 0x31, 0x17, 0xFE,
    0x60, 0x04, 0xFD, 0xDD, 0xFA, 0x26, 0x03, 0xB2, 0x15, 0x7C, 0xCB, 0x91, 0x4F, 0x50, 0x92, 0xC6,
    0x76, 0x2E, 0x71, 0xC2, 0x92, 0x51, 0x53, 0x94, 0xC9, 0x8B, 0x15, 0x43, 0x75, 0x5A, 0x33, 0x45,
    0x78, 0x4D, 0x83, 0x3F, 0x65, 0x48, 0x27, 0x32, 0x59, 0x76, 0x00, 0x02, 0x00, 0x70, 0x00, 0x00,
    0x02, 0xD6, 0x04, 0x4E, 0x00, 0x04, 0x00, 0x16, 0x00, 0x19, 0x40, 0x0D, 0x06, 0x09, 0x09, 0x05,
    0x14, 0x07, 0x72, 0x03, 0x06, 0x72, 0x02, 0x0A, 0x72, 0x00, 0x2B, 0x2B, 0x2B, 0x32, 0x32, 0x11,
    0x33, 0x30, 0x31, 0x01, 0x11, 0x21, 0x11, 0x21, 0x25, 0x03, 0x26, 0x26, 0x23, 0x22, 0x0E, 0x02,
    0x07, 0x27, 0x34, 0x3E, 0x02, 0x33, 0x32, 0x16, 0x01, 0x90, 0xFE, 0xE0, 0x01, 0x0F, 0x01, 0x57,
    0x05, 0x15, 0x3B, 0x18, 0x3D, 0x59, 0x3B, 0x1D, 0x02, 0x3A, 0x2A, 0x51, 0x76, 0x4C, 0x18, 0x32,
    0x03, 0x4E, 0xFC, 0xB2, 0x04, 0x3A, 0x07, 0xFE, 0xF5, 0x03, 0x05, 0x1F, 0x3C, 0x56, 0x37, 0x12,
    0x69, 0xB1, 0x84, 0x48, 0x07, 0x00, 0x00, 0x01, 0x00, 0x37, 0xFF, 0xEC, 0x03, 0xD1, 0x04, 0x4E,
    0x00, 0x35, 0x00, 0x17, 0x40, 0x0B, 0x1B, 0x00, 0x0E, 0x32, 0x29, 0x0B, 0x72, 0x17, 0x0E, 0x07,
    0x72, 0x00, 0x2B, 0x32, 0x2B, 0x32, 0x11, 0x39, 0x39, 0x30, 0x31, 0x01, 0x34, 0x26, 0x26, 0x27,
    0x2E, 0x03, 0x35, 0x34, 0x3E, 0x02, 0x33, 0x32, 0x16, 0x16, 0x15, 0x21, 0x34, 0x26, 0x26, 0x23,
    0x22, 0x06, 0x06, 0x15, 0x14, 0x1E, 0x02, 0x17, 0x1E, 0x02, 0x15, 0x14, 0x0E, 0x02, 0x23, 0x22,
    0x26, 0x26, 0x35, 0x21, 0x1E, 0x02, 0x33, 0x32, 0x36, 0x36, 0x02, 0xB9, 0x24, 0x61, 0x5B, 0x52,
    0x8D, 0x67, 0x3A, 0x3B, 0x6F, 0xA1, 0x65, 0x8D, 0xCB, 0x6D, 0xFE, 0xE0, 0x23, 0x49, 0x3A, 0x30,
    0x46, 0x25, 0x15, 0x30, 0x4D, 0x39, 0x75, 0xB8, 0x6C, 0x40, 0x78, 0xA7, 0x68, 0x97, 0xD1, 0x6B,
    0x01, 0x11, 0x02, 0x39, 0x59, 0x34, 0x38, 0x4A, 0x27, 0x01, 0x2B, 0x1F, 0x32, 0x2B, 0x12, 0x12,
    0x37, 0x4E, 0x6B, 0x45, 0x44, 0x78, 0x5D, 0x35, 0x5A, 0x9D, 0x64, 0x2A, 0x43, 0x27, 0x21, 0x37,
    0x21, 0x19, 0x27, 0x20, 0x1B, 0x0B, 0x18, 0x4D, 0x83, 0x6A, 0x48, 0x78, 0x59, 0x31, 0x6C, 0xA7,
    0x58, 0x3B, 0x48, 0x20, 0x1F, 0x35, 0x00, 0x02, 0x00, 0x0C, 0xFF, 0xEC, 0x02, 0x8F, 0x05, 0x45,
    0x00, 0x03, 0x00, 0x15, 0x00, 0x13, 0x40, 0x09, 0x0A, 0x11, 0x0B, 0x72, 0x04, 0x02, 0x03, 0x06,
    0x72, 0x00, 0x2B, 0x32, 0x2F, 0x2B, 0x32, 0x30, 0x31, 0x01, 0x15, 0x21, 0x35, 0x13, 0x21, 0x11,
    0x14, 0x16, 0x16, 0x33, 0x32, 0x36, 0x37, 0x17, 0x06, 0x06, 0x23, 0x22, 0x26, 0x26, 0x35, 0x02,
    0x82, 0xFD, 0x8A, 0x9C, 0x01, 0x20, 0x19, 0x32, 0x26, 0x1B, 0x2B, 0x0F, 0x01, 0x25, 0x56, 0x34,
    0x5F, 0x8D, 0x4C, 0x04, 0x3A, 0xCC, 0xCC, 0x01, 0x0B, 0xFC, 0x01, 0x2F, 0x32, 0x13, 0x05, 0x03,
    0xD4, 0x0C, 0x0E, 0x3F, 0x8C, 0x72, 0x00, 0x02, 0x00, 0x68, 0xFF, 0xEC, 0x04, 0x10, 0x04, 0x3A,
    0x00, 0x04, 0x00, 0x1B, 0x00, 0x15, 0x40, 0x0A, 0x01, 0x11, 0x06, 0x72, 0x18, 0x03, 0x03, 0x0B,
    0x0B, 0x72, 0x00, 0x2B, 0x32, 0x2F, 0x32, 0x2B, 0x32, 0x30, 0x31, 0x01, 0x11, 0x21, 0x11, 0x21,
    0x13, 0x37, 0x14, 0x0E, 0x02, 0x23, 0x22, 0x2E, 0x02, 0x35, 0x11, 0x21, 0x11, 0x14, 0x1E, 0x02,
    0x33, 0x32, 0x36, 0x36, 0x02, 0xF0, 0x01, 0x20, 0xFE, 0xF1, 0x0F, 0x55, 0x32, 0x64, 0x98, 0x67,
    0x4F, 0x85, 0x5F, 0x35, 0x01, 0x20, 0x17, 0x2A, 0x39, 0x23, 0x59, 0x67, 0x2B, 0x01, 0x03, 0x03,
    0x37, 0xFB, 0xC6, 0x01, 0xE1, 0x02, 0x6C, 0xB9, 0x87, 0x4B, 0x2D, 0x61, 0x99, 0x6C, 0x02, 0xBB,
    0xFD, 0x43, 0x30, 0x42, 0x2A, 0x12, 0x48, 0x7D, 0x00, 0x02, 0x00, 0x0D, 0x00, 0x00, 0x03, 0xFD,
    0x04, 0x3A, 0x00, 0x04, 0x00, 0x09, 0x00, 0x17, 0x40, 0x0B, 0x00, 0x06, 0x08, 0x01, 0x09, 0x06,
    0x72, 0x03, 0x08, 0x0A, 0x72, 0x00, 0x2B, 0x32, 0x2B, 0x32, 0x12, 0x39, 0x39, 0x30, 0x31, 0x25,
    0x13, 0x21, 0x01, 0x23, 0x03, 0x13, 0x17, 0x23, 0x01, 0x01, 0xE0, 0xF0, 0x01, 0x2D, 0xFE, 0x93,
    0xB6, 0x9F, 0xF1, 0x05, 0xB7, 0xFE, 0x93, 0xD2, 0x03, 0x68, 0xFB, 0xC6, 0x04, 0x3A, 0xFC, 0x97,
    0xD1, 0x04, 0x3A, 0x00, 0x00, 0x04, 0x00, 0x1D, 0x00, 0x00, 0x05, 0xBF, 0x04, 0x3A, 0x00, 0x05,
    0x00, 0x0A, 0x00, 0x0F, 0x00, 0x15, 0x00, 0x24, 0x40, 0x14, 0x07, 0x0B, 0x00, 0x11, 0x03, 0x14,
    0x06, 0x09, 0x10, 0x0C, 0x01, 0x0A, 0x06, 0x72, 0x12, 0x0E, 0x04, 0x09, 0x0A, 0x72, 0x00, 0x2B,
    0x32, 0x32, 0x32, 0x2B, 0x32, 0x32, 0x32, 0x12, 0x17, 0x39, 0x30, 0x31, 0x01, 0x13, 0x33, 0x03,
    0x03, 0x23, 0x03, 0x13, 0x13, 0x23, 0x01, 0x01, 0x13, 0x21, 0x01, 0x23, 0x03, 0x13, 0x13, 0x23,
    0x03, 0x03, 0x01, 0xA5, 0xE1, 0xB7, 0x3B, 0xE1, 0x99, 0x55, 0xA1, 0x0F, 0xB4, 0xFE, 0xEE, 0x03,
    0xEE, 0x9D, 0x01, 0x17, 0xFE, 0xEE, 0xB3, 0xA4, 0xE0, 0x1F, 0x9A, 0xE1, 0x39, 0x01, 0x18, 0x03,
    0x22, 0xFE, 0xC5, 0xFD, 0x01, 0x04, 0x3A, 0xFC, 0xDF, 0xFE, 0xE7, 0x04, 0x3A, 0xFC, 0xEC, 0x03,
    0x14, 0xFB, 0xC6, 0x04, 0x3A, 0xFC, 0xE4, 0xFE, 0xE2, 0x02, 0xFE, 0x01, 0x3C, 0x00, 0x00, 0x01,
    0x00, 0x16, 0x00, 0x00, 0x04, 0x04, 0x04, 0x3A, 0x00, 0x0B, 0x00, 0x1A, 0x40, 0x0E, 0x07, 0x04,
    0x0A, 0x01, 0x04, 0x09, 0x03, 0x0B, 0x06, 0x72, 0x06, 0x09, 0x0A, 0x72, 0x00, 0x2B, 0x32, 0x2B,
    0x32, 0x12, 0x17, 0x39, 0x30, 0x31, 0x01, 0x13, 0x13, 0x21, 0x01, 0x01, 0x21, 0x03, 0x03, 0x21,
    0x01, 0x01, 0x01, 0x58, 0xB3, 0xB8, 0x01, 0x33, 0xFE, 0xCE, 0x01, 0x40, 0xFE, 0xCC, 0xC3, 0xC3,
    0xFE, 0xCC, 0x01, 0x40, 0xFE, 0xCE, 0x04, 0x3A, 0xFE, 0xB7, 0x01, 0x49, 0xFD, 0xEF, 0xFD, 0xD7,
    0x01, 0x5C, 0xFE, 0xA4, 0x02, 0x29, 0x02, 0x11, 0x00, 0x02, 0x00, 0x04, 0xFE, 0x4B, 0x04, 0x05,
    0x04, 0x3A, 0x00, 0x13, 0x00, 0x18, 0x00, 0x19, 0x40, 0x0D, 0x17, 0x16, 0x15, 0x03, 0x08, 0x02,
    0x18, 0x06, 0x72, 0x0F, 0x08, 0x0F, 0x72, 0x00, 0x2B, 0x32, 0x2B, 0x32, 0x12, 0x17, 0x39, 0x30,
    0x31, 0x25, 0x01, 0x21, 0x01, 0x0E, 0x03, 0x23, 0x22, 0x26, 0x27, 0x35, 0x32, 0x16, 0x33, 0x32,
    0x36, 0x36, 0x37, 0x03, 0x13, 0x13, 0x07, 0x01, 0x01, 0xB1, 0x01, 0x1F, 0x01, 0x35, 0xFE, 0x4D,
    0x0E, 0x2F, 0x4F, 0x77, 0x56, 0x29, 0x34, 0x24, 0x0B, 0x18, 0x0B, 0x39, 0x48, 0x2C, 0x0D, 0x27,
    0xEB, 0x29, 0xC4, 0xFE, 0x7B, 0x7A, 0x03, 0xC0, 0xFB, 0x23, 0x29, 0x5E, 0x55, 0x36, 0x0A, 0x09,
    0xD3, 0x01, 0x1A, 0x35, 0x2A, 0x04, 0x91, 0xFC, 0xF0, 0xFE, 0xCF, 0x15, 0x04, 0x56, 0x00, 0x03,
    0x00, 0x4A, 0x00, 0x00, 0x03, 0xCD, 0x04, 0x3A, 0x00, 0x03, 0x00, 0x09, 0x00, 0x0D, 0x00, 0x1C,
    0x40, 0x0D, 0x04, 0x0C, 0x0C, 0x09, 0x0D, 0x06, 0x72, 0x07, 0x03, 0x03, 0x06, 0x02, 0x12, 0x00,
    0x3F, 0x33, 0x33, 0x11, 0x33, 0x2B, 0x32, 0x32, 0x11, 0x33, 0x30, 0x31, 0x25, 0x15, 0x21, 0x35,
    0x01, 0x01, 0x23, 0x35, 0x01, 0x33, 0x23, 0x15, 0x21, 0x35, 0x03, 0xCD, 0xFC, 0xCA, 0x03, 0x26,
    0xFD, 0x4E, 0xC1, 0x02, 0xAF, 0xC4, 0x66, 0xFD, 0x03, 0xE1, 0xE1, 0xE1, 0x02, 0xB3, 0xFC, 0x6C,
    0xAB, 0x03, 0x8F, 0xE2, 0xE2, 0x00, 0x00, 0x02, 0x00, 0x30, 0xFE, 0x96, 0x02, 0x81, 0x06, 0x3D,
    0x00, 0x11, 0x00, 0x25, 0x00, 0x19, 0x40, 0x0A, 0x1D, 0x09, 0x0A, 0x0A, 0x1C, 0x1C, 0x12, 0x13,
    0x01, 0x00, 0x00, 0x2F, 0x32, 0x2F, 0x33, 0x39, 0x2F, 0x33, 0x12, 0x39, 0x39, 0x30, 0x31, 0x01,
    0x17, 0x06, 0x06, 0x15, 0x15, 0x14, 0x06, 0x06, 0x23, 0x35, 0x32, 0x36, 0x35, 0x35, 0x34, 0x36,
    0x36, 0x13, 0x07, 0x2E, 0x02, 0x35, 0x35, 0x34, 0x26, 0x26, 0x23, 0x35, 0x32, 0x16, 0x16, 0x15,
    0x15, 0x14, 0x16, 0x16, 0x02, 0x49, 0x38, 0x5B, 0x42, 0x59, 0xC0, 0x9B, 0x5F, 0x53, 0x41, 0x9D,
    0xC1, 0x38, 0x89, 0x9D, 0x41, 0x25, 0x4E, 0x3F, 0x9B, 0xC0, 0x59, 0x1D, 0x43, 0x06, 0x3D, 0x9C,
    0x21, 0xA7, 0x6D, 0xCC, 0x65, 0xA4, 0x61, 0x98, 0x72, 0x60, 0xCC, 0x69, 0xB7, 0x8B, 0xF9, 0x1C,
    0x9D, 0x27, 0x8B, 0xB7, 0x69, 0xCC, 0x40, 0x5E, 0x33, 0x99, 0x61, 0xA4, 0x65, 0xCC, 0x49, 0x7C,
    0x5A, 0x00, 0x00, 0x01, 0x00, 0xAE, 0xFE, 0xF2, 0x01, 0x5A, 0x05, 0xB0, 0x00, 0x03, 0x00, 0x09,
    0xB2, 0x00, 0x02, 0x01, 0x00, 0x2F, 0x3F, 0x30, 0x31, 0x01, 0x11, 0x23, 0x11, 0x01, 0x5A, 0xAC,
    0x05, 0xB0, 0xF9, 0x42, 0x06, 0xBE, 0x00, 0x02, 0x00, 0x22, 0xFE, 0x96, 0x02, 0x73, 0x06, 0x3D,
    0x00, 0x13, 0x00, 0x26, 0x00, 0x1B, 0x40, 0x0B, 0x1E, 0x0B, 0x0A, 0x0A, 0x1F, 0x1F, 0x01, 0x15,
    0x14, 0x00, 0x01, 0x00, 0x2F, 0x33, 0x2F, 0x33, 0x12, 0x39, 0x2F, 0x33, 0x12, 0x39, 0x39, 0x30,
    0x31, 0x13, 0x37, 0x1E, 0x02, 0x15, 0x15, 0x14, 0x16, 0x16, 0x33, 0x15, 0x22, 0x26, 0x26, 0x35,
    0x35, 0x34, 0x26, 0x26, 0x03, 0x27, 0x3E, 0x02, 0x35, 0x35, 0x34, 0x36, 0x36, 0x33, 0x15, 0x22,
    0x06, 0x15, 0x15, 0x14, 0x06, 0x06, 0x22, 0x38, 0x8A, 0x9C, 0x41, 0x24, 0x4F, 0x3F, 0x9B, 0xC0,
    0x5A, 0x1B, 0x44, 0x05, 0x38, 0x3D, 0x44, 0x1B, 0x5A, 0xC0, 0x9B, 0x5E, 0x54, 0x41, 0x9C, 0x05,
    0xA1, 0x9C, 0x26, 0x8B, 0xB7, 0x69, 0xCC, 0x40, 0x5E, 0x34, 0x94, 0x5E, 0xA3, 0x65, 0xCC, 0x49,
    0x7C, 0x5A, 0xF9, 0x0B, 0x9D, 0x16, 0x5A, 0x7C, 0x49, 0xCC, 0x65, 0xA2, 0x5F, 0x95, 0x72, 0x5F,
    0xCC, 0x69, 0xB7, 0x8B, 0x00, 0x01, 0x00, 0x6A, 0x01, 0x7B, 0x04, 0xC3, 0x03, 0x39, 0x00, 0x1F,
    0x00, 0x1B, 0x40, 0x0B, 0x0C, 0x00, 0x00, 0x16, 0x06, 0x80, 0x1C, 0x06, 0x10, 0x10, 0x06, 0x00,
    0x2F, 0x33, 0x2F, 0x11, 0x33, 0x1A, 0x10, 0xCD, 0x32, 0x2F, 0x32, 0x30, 0x31, 0x01, 0x17, 0x14,
    0x0E, 0x02, 0x23, 0x22, 0x26, 0x27, 0x26, 0x26, 0x23, 0x22, 0x06, 0x06, 0x15, 0x27, 0x34, 0x3E,
    0x02, 0x33, 0x32, 0x16, 0x17, 0x16, 0x16, 0x33, 0x32, 0x36, 0x36, 0x03, 0xEF, 0xD4, 0x30, 0x59,
    0x79, 0x49, 0x51, 0x7E, 0x48, 0x2A, 0x4B, 0x29, 0x28, 0x3A, 0x21, 0xD6, 0x30, 0x58, 0x79, 0x49,
    0x50, 0x85, 0x43, 0x2C, 0x48, 0x29, 0x27, 0x3C, 0x23, 0x03, 0x19, 0x01, 0x5D, 0x98, 0x6D, 0x3B,
    0x40, 0x44, 0x2A, 0x2C, 0x2F, 0x52, 0x34, 0x02, 0x5E, 0x97, 0x6A, 0x38, 0x43, 0x41, 0x2A, 0x2B,
    0x30, 0x54, 0x00, 0x02, 0x00, 0x80, 0xFE, 0x90, 0x01, 0xC4, 0x04, 0x4E, 0x00, 0x03, 0x00, 0x0F,
    0x00, 0x0C, 0xB3, 0x01, 0x07, 0x0D, 0x00, 0x00, 0x2F, 0x2F, 0xDD, 0xCE, 0x30, 0x31, 0x13, 0x13,
    0x33, 0x13, 0x13, 0x14, 0x06, 0x23, 0x22, 0x26, 0x35, 0x34, 0x36, 0x33, 0x32, 0x16, 0x89, 0x22,
    0xF0, 0x21, 0x08, 0x58, 0x4A, 0x49, 0x59, 0x59, 0x49, 0x4A, 0x58, 0xFE, 0x90, 0x03, 0xF3, 0xFC,
    0x0D, 0x05, 0x29, 0x3F, 0x55, 0x55, 0x3F, 0x3F, 0x56, 0x56, 0x00, 0x03, 0x00, 0x65, 0xFF, 0x0B,
    0x04, 0x18, 0x05, 0x26, 0x00, 0x03, 0x00, 0x07, 0x00, 0x2F, 0x00, 0x25, 0x40, 0x12, 0x02, 0x01,
    0x25, 0x25, 0x21, 0x03, 0x1C, 0x07, 0x72, 0x07, 0x04, 0x08, 0x08, 0x0C, 0x06, 0x11, 0x0D, 0x72,
    0x00, 0x2B, 0xCD, 0xCC, 0x33, 0x12, 0x39, 0x39, 0x2B, 0xCD, 0xCC, 0x33, 0x12, 0x39, 0x39, 0x30,
    0x31, 0x01, 0x11, 0x23, 0x11, 0x13, 0x11, 0x23, 0x11, 0x37, 0x32, 0x36, 0x36, 0x37, 0x21, 0x14,
    0x06, 0x06, 0x23, 0x22, 0x2E, 0x02, 0x35, 0x35, 0x34, 0x3E, 0x02, 0x33, 0x32, 0x16, 0x16, 0x15,
    0x21, 0x2E, 0x02, 0x23, 0x22, 0x0E, 0x02, 0x15, 0x15, 0x14, 0x1E, 0x02, 0x02, 0xBA, 0xC4, 0xC4,
    0xC4, 0x5C, 0x36, 0x51, 0x2F, 0x01, 0x01, 0x0F, 0x79, 0xCA, 0x7D, 0x7E, 0xBB, 0x7C, 0x3E, 0x3E,
    0x7C, 0xBB, 0x7D, 0x84, 0xC9, 0x74, 0xFE, 0xF1, 0x01, 0x2B, 0x51, 0x3B, 0x3F, 0x50, 0x2C, 0x11,
    0x11, 0x2C, 0x51, 0x05, 0x26, 0xFE, 0xDD, 0x01, 0x23, 0xFB, 0x07, 0xFE, 0xDE, 0x01, 0x22, 0xA0,
    0x29, 0x4B, 0x33, 0x72, 0xB1, 0x65, 0x54, 0x95, 0xC7, 0x72, 0x1D, 0x73, 0xC7, 0x95, 0x54, 0x66,
    0xBD, 0x81, 0x36, 0x58, 0x35, 0x35, 0x5B, 0x73, 0x3F, 0x1D, 0x3F, 0x74, 0x5A, 0x34, 0x00, 0x03,
    0x00, 0x63, 0x00, 0x00, 0x04, 0x89, 0x05, 0xC3, 0x00, 0x03, 0x00, 0x07, 0x00, 0x22, 0x00, 0x21,
    0x40, 0x10, 0x06, 0x05, 0x05, 0x01, 0x1F, 0x16, 0x05, 0x72, 0x0C, 0x0D, 0x0D, 0x02, 0x02, 0x01,
    0x0C, 0x72, 0x00, 0x2B, 0x32, 0x11, 0x33, 0x11, 0x33, 0x2B, 0x32, 0x11, 0x39, 0x2F, 0x33, 0x30,
    0x31, 0x21, 0x21, 0x35, 0x21, 0x01, 0x21, 0x35, 0x21, 0x25, 0x13, 0x16, 0x06, 0x07, 0x27, 0x3E,
    0x02, 0x35, 0x03, 0x34, 0x36, 0x36, 0x33, 0x32, 0x16, 0x16, 0x15, 0x21, 0x34, 0x26, 0x26, 0x23,
    0x22, 0x06, 0x06, 0x04, 0x89, 0xFB, 0xDD, 0x04, 0x22, 0xFE, 0xDC, 0xFC, 0xFF, 0x03, 0x01, 0xFE,
    0xBF, 0x19, 0x01, 0x54, 0x66, 0xBD, 0x1F, 0x1F, 0x08, 0x13, 0x71, 0xCB, 0x87, 0x92, 0xCB, 0x69,
    0xFE, 0xE3, 0x2E, 0x4C, 0x2E, 0x2D, 0x45, 0x28, 0xEA, 0x01, 0x5B, 0xE3, 0xE7, 0xFD, 0xA3, 0x63,
    0x8D, 0x2D, 0x55, 0x08, 0x39, 0x50, 0x27, 0x02, 0x6D, 0x8A, 0xC3, 0x67, 0x68, 0xBA, 0x7C, 0x43,
    0x4F, 0x23, 0x2E, 0x5A, 0x00, 0x06, 0x00, 0x51, 0xFF, 0xE5, 0x05, 0x43, 0x04, 0xF1, 0x00, 0x13,
    0x00, 0x27, 0x00, 0x2B, 0x00, 0x2F, 0x00, 0x33, 0x00, 0x37, 0x00, 0x0E, 0xB5, 0x0F, 0x19, 0x05,
    0x23, 0x0D, 0x72, 0x00, 0x2B, 0x32, 0x2F, 0x33, 0x30, 0x31, 0x01, 0x14, 0x1E, 0x02, 0x33, 0x32,
    0x3E, 0x02, 0x35, 0x34, 0x2E, 0x02, 0x23, 0x22, 0x0E, 0x02, 0x07, 0x34, 0x3E, 0x02, 0x33, 0x32,
    0x1E, 0x02, 0x15, 0x14, 0x0E, 0x02, 0x23, 0x22, 0x2E, 0x02, 0x01, 0x07, 0x27, 0x37, 0x01, 0x07,
    0x27, 0x37, 0x01, 0x27, 0x37, 0x17, 0x01, 0x27, 0x37, 0x17, 0x01, 0x29, 0x40, 0x72, 0x96, 0x56,
    0x56, 0x96, 0x71, 0x40, 0x40, 0x71, 0x96, 0x56, 0x56, 0x96, 0x72, 0x40, 0xB5, 0x5D, 0xA3, 0xD8,
    0x7B, 0x7B, 0xD8, 0xA4, 0x5C, 0x5C, 0xA4, 0xD8, 0x7B, 0x7B, 0xD8, 0xA3, 0x5D, 0x04, 0xCF, 0xCA,
    0x8A, 0xC9, 0xFC, 0xEC, 0xCA, 0x89, 0xCA, 0x03, 0x9D, 0xC9, 0x8A, 0xCA, 0xFB, 0xD8, 0xCA, 0x89,
    0xCA, 0x02, 0x60, 0x5D, 0xA1, 0x78, 0x44, 0x44, 0x78, 0xA1, 0x5D, 0x5D, 0xA0, 0x78, 0x43, 0x43,
    0x78, 0xA0, 0x5D, 0x85, 0xE4, 0xAA, 0x5F, 0x5F, 0xAA, 0xE4, 0x85, 0x85, 0xE4, 0xAB, 0x60, 0x60,
    0xAB, 0xE4, 0x02, 0x88, 0xCE, 0x8E, 0xCE, 0xFB, 0xC3, 0xCE, 0x8D, 0xCD, 0xFE, 0xA5, 0xCE, 0x8D,
    0xCD, 0x03, 0x22, 0xCE, 0x8D, 0xCE, 0x00, 0x05, 0x00, 0x0C, 0x00, 0x00, 0x04, 0x3E, 0x05, 0xB0,
    0x00, 0x03, 0x00, 0x07, 0x00, 0x0C, 0x00, 0x11, 0x00, 0x15, 0x00, 0x2D, 0x40, 0x16, 0x0B, 0x10,
    0x10, 0x06, 0x07, 0x12, 0x15, 0x15, 0x08, 0x0E, 0x03, 0x03, 0x02, 0x02, 0x11, 0x14, 0x0C, 0x72,
    0x09, 0x11, 0x04, 0x72, 0x00, 0x2B, 0x32, 0x2B, 0x12, 0x39, 0x2F, 0x33, 0x12, 0x39, 0x39, 0x32,
    0x11, 0x33, 0xCE, 0x32, 0x33, 0x11, 0x33, 0x30, 0x31, 0x01, 0x15, 0x21, 0x35, 0x01, 0x15, 0x21,
    0x35, 0x01, 0x01, 0x21, 0x01, 0x23, 0x03, 0x01, 0x07, 0x23, 0x01, 0x01, 0x11, 0x21, 0x11, 0x03,
    0xD8, 0xFC, 0x80, 0x03, 0x80, 0xFC, 0x80, 0x01, 0x89, 0x01, 0x26, 0x01, 0x37, 0xFE, 0x6B, 0xA5,
    0xC1, 0x01, 0x2C, 0x27, 0xA6, 0xFE, 0x6A, 0x02, 0xAB, 0xFE, 0xD5, 0x02, 0xE4, 0xA9, 0xA9, 0xFE,
    0xDE, 0xA8, 0xA8, 0x01, 0x03, 0x02, 0xEB, 0xFC, 0x81, 0x03, 0x7F, 0xFD, 0x0C, 0x8B, 0x03, 0x7F,
    0xFD, 0x47, 0xFD, 0x09, 0x02, 0xF7, 0x00, 0x02, 0x00, 0x80, 0xFE, 0xF2, 0x01, 0x82, 0x05, 0xB0,
    0x00, 0x03, 0x00, 0x07, 0x00, 0x0D, 0xB4, 0x01, 0x02, 0x06, 0x07, 0x02, 0x00, 0x3F, 0xDD, 0xDE,
    0xCD, 0x30, 0x31, 0x01, 0x21, 0x11, 0x21, 0x11, 0x11, 0x21, 0x11, 0x01, 0x82, 0xFE, 0xFE, 0x01,
    0x02, 0xFE, 0xFE, 0xFE, 0xF2, 0x03, 0x1A, 0x03, 0xA4, 0xFD, 0x0A, 0x02, 0xF6, 0x00, 0x00, 0x02,
    0x00, 0x5E, 0xFE, 0x38, 0x04, 0x9C, 0x05, 0xC4, 0x00, 0x2F, 0x00, 0x61, 0x00, 0x1E, 0x40, 0x13,
    0x53, 0x3F, 0x00, 0x01, 0x05, 0x2B, 0x5D, 0x35, 0x31, 0x30, 0x0F, 0x21, 0x0C, 0x4F, 0x44, 0x1D,
    0x14, 0x11, 0x72, 0x00, 0x2B, 0x32, 0x2F, 0x33, 0x17, 0x39, 0x30, 0x31, 0x25, 0x35, 0x32, 0x36,
    0x36, 0x35, 0x34, 0x2E, 0x02, 0x27, 0x2E, 0x03, 0x35, 0x34, 0x3E, 0x02, 0x33, 0x32, 0x16, 0x16,
    0x15, 0x21, 0x34, 0x26, 0x26, 0x23, 0x22, 0x06, 0x06, 0x15, 0x14, 0x1E, 0x02, 0x17, 0x1E, 0x03,
    0x15, 0x14, 0x0E, 0x02, 0x03, 0x15, 0x22, 0x06, 0x06, 0x15, 0x14, 0x1E, 0x02, 0x17, 0x1E, 0x03,
    0x15, 0x14, 0x0E, 0x02, 0x23, 0x22, 0x2E, 0x02, 0x35, 0x25, 0x14, 0x1E, 0x02, 0x33, 0x32, 0x36,
    0x36, 0x35, 0x34, 0x2E, 0x02, 0x27, 0x2E, 0x03, 0x35, 0x34, 0x3E, 0x02, 0x02, 0xA5, 0x46, 0x61,
    0x33, 0x1D, 0x43, 0x72, 0x56, 0x70, 0xB1, 0x7C, 0x41, 0x49, 0x89, 0xBF, 0x76, 0xA1, 0xE9, 0x7D,
    0xFE, 0xE0, 0x34, 0x67, 0x4C, 0x51, 0x65, 0x30, 0x19, 0x3E, 0x71, 0x58, 0x73, 0xB3, 0x7B, 0x41,
    0x48, 0x83, 0xBA, 0xD2, 0x45, 0x58, 0x29, 0x19, 0x3F, 0x72, 0x59, 0x73, 0xB2, 0x7B, 0x40, 0x4A,
    0x88, 0xBE, 0x75, 0x65, 0xC2, 0x9C, 0x5C, 0x01, 0x20, 0x2C, 0x4A, 0x5B, 0x2E, 0x4B, 0x65, 0x35,
    0x1C, 0x42, 0x71, 0x55, 0x70, 0xB2, 0x7C, 0x41, 0x45, 0x7F, 0xB3, 0x89, 0x8C, 0x2C, 0x4F, 0x33,
    0x24, 0x39, 0x30, 0x2E, 0x1B, 0x1F, 0x48, 0x61, 0x88, 0x60, 0x56, 0x8C, 0x64, 0x35, 0x62, 0xBF,
    0x8A, 0x39, 0x5B, 0x36, 0x29, 0x45, 0x2A, 0x25, 0x37, 0x2C, 0x28, 0x18, 0x1E, 0x47, 0x61, 0x85,
    0x5A, 0x54, 0x7F, 0x56, 0x2C, 0x02, 0xE4, 0x8F, 0x2D, 0x4C, 0x32, 0x28, 0x3A, 0x2E, 0x2C, 0x1B,
    0x1F, 0x47, 0x60, 0x89, 0x60, 0x5A, 0x8B, 0x5F, 0x31, 0x2A, 0x5F, 0xA1, 0x78, 0x01, 0x3A, 0x4C,
    0x29, 0x12, 0x25, 0x41, 0x2C, 0x22, 0x34, 0x2D, 0x2B, 0x18, 0x1E, 0x48, 0x60, 0x85, 0x5A, 0x52,
    0x7E, 0x58, 0x2E, 0x00, 0x00, 0x02, 0x00, 0x61, 0x04, 0xDB, 0x03, 0x5F, 0x05, 0xD4, 0x00, 0x0B,
    0x00, 0x17, 0x00, 0x0E, 0xB4, 0x03, 0x09, 0x09, 0x0F, 0x15, 0x00, 0x2F, 0x33, 0x33, 0x2F, 0x33,
    0x30, 0x31, 0x13, 0x34, 0x36, 0x33, 0x32, 0x16, 0x15, 0x14, 0x06, 0x23, 0x22, 0x26, 0x25, 0x34,
    0x36, 0x33, 0x32, 0x16, 0x15, 0x14, 0x06, 0x23, 0x22, 0x26, 0x61, 0x4F, 0x3A, 0x3C, 0x4E, 0x4E,
    0x3C, 0x3A, 0x4F, 0x01, 0xEB, 0x4E, 0x3B, 0x3B, 0x4F, 0x4F, 0x3B, 0x3B, 0x4E, 0x05, 0x57, 0x34,
    0x49, 0x49, 0x34, 0x34, 0x48, 0x48, 0x33, 0x35, 0x48, 0x48, 0x35, 0x34, 0x47, 0x47, 0x00, 0x03,
    0x00, 0x58, 0xFF, 0xEC, 0x05, 0xE4, 0x05, 0xC4, 0x00, 0x1F, 0x00, 0x33, 0x00, 0x47, 0x00, 0x1F,
    0x40, 0x0E, 0x1D, 0x04, 0x04, 0x25, 0x25, 0x43, 0x14, 0x0D, 0x0D, 0x2F, 0x2F, 0x39, 0x03, 0x72,
    0x00, 0x2B, 0x32, 0x11, 0x33, 0x11, 0x33, 0x2F, 0x33, 0x11, 0x33, 0x11, 0x33, 0x30, 0x31, 0x01,
    0x33, 0x14, 0x06, 0x23, 0x22, 0x26, 0x26, 0x35, 0x35, 0x34, 0x36, 0x36, 0x33, 0x32, 0x16, 0x15,
    0x23, 0x34, 0x26, 0x23, 0x22, 0x06, 0x06, 0x15, 0x15, 0x14, 0x16, 0x16, 0x33, 0x32, 0x36, 0x25,
    0x14, 0x1E, 0x02, 0x33, 0x32, 0x3E, 0x02, 0x35, 0x34, 0x2E, 0x02, 0x23, 0x22, 0x0E, 0x02, 0x07,
    0x34, 0x12, 0x36, 0x24, 0x33, 0x32, 0x04, 0x16, 0x12, 0x15, 0x14, 0x02, 0x06, 0x04, 0x23, 0x22,
    0x24, 0x26, 0x02, 0x03, 0xC5, 0x99, 0xB4, 0x9A, 0x6B, 0x9C, 0x55, 0x55, 0x9C, 0x6B, 0x9A, 0xB5,
    0x99, 0x5C, 0x5A, 0x41, 0x57, 0x2D, 0x2D, 0x57, 0x41, 0x5A, 0x5B, 0xFD, 0x0B, 0x5B, 0xA2, 0xD7,
    0x7A, 0x7A, 0xD6, 0xA1, 0x5C, 0x5B, 0xA3, 0xD5, 0x7A, 0x7A, 0xD6, 0xA3, 0x5B, 0x78, 0x6E, 0xC4,
    0x01, 0x01, 0x93, 0x93, 0x01, 0x01, 0xC3, 0x6F, 0x6F, 0xC3, 0xFE, 0xFF, 0x93, 0x93, 0xFE, 0xFF,
    0xC4, 0x6E, 0x02, 0x55, 0x9D, 0x9D, 0x62, 0xAE, 0x73, 0x75, 0x73, 0xAE, 0x62, 0x9C, 0x9D, 0x61,
    0x54, 0x41, 0x72, 0x4B, 0x76, 0x4B, 0x73, 0x41, 0x54, 0xE6, 0x84, 0xE4, 0xAB, 0x5F, 0x5F, 0xAB,
    0xE4, 0x84, 0x85, 0xE3, 0xAA, 0x5E, 0x5E, 0xAA, 0xE3, 0x85, 0x9F, 0x01, 0x10, 0xCB, 0x71, 0x71,
    0xCB, 0xFE, 0xF0, 0x9F, 0x9F, 0xFE, 0xF0, 0xCD, 0x71, 0x72, 0xCC, 0x01, 0x10, 0x00, 0x00, 0x02,
    0x00, 0x8A, 0x02, 0xB3, 0x03, 0x0C, 0x05, 0xC4, 0x00, 0x17, 0x00, 0x31, 0x00, 0x1A, 0xB5, 0x31,
    0x1A, 0x1A, 0x0D, 0x16, 0x2A, 0xB8, 0x01, 0x00, 0xB2, 0x08, 0x0D, 0x03, 0x00, 0x3F, 0x33, 0x1A,
    0xDC, 0xC4, 0x12, 0x39, 0x2F, 0x33, 0x30, 0x31, 0x01, 0x11, 0x34, 0x26, 0x26, 0x23, 0x22, 0x06,
    0x15, 0x27, 0x34, 0x36, 0x36, 0x33, 0x32, 0x16, 0x16, 0x15, 0x11, 0x14, 0x16, 0x17, 0x23, 0x26,
    0x13, 0x17, 0x23, 0x22, 0x06, 0x06, 0x15, 0x14, 0x16, 0x33, 0x32, 0x36, 0x36, 0x35, 0x17, 0x0E,
    0x02, 0x23, 0x22, 0x26, 0x35, 0x34, 0x36, 0x36, 0x33, 0x02, 0x47, 0x1A, 0x35, 0x28, 0x42, 0x4B,
    0xA9, 0x4D, 0x8C, 0x5D, 0x57, 0x82, 0x49, 0x0C, 0x0E, 0xAD, 0x18, 0x2A, 0x01, 0x92, 0x3B, 0x4B,
    0x25, 0x3B, 0x3D, 0x2A, 0x54, 0x39, 0x12, 0x0F, 0x3E, 0x62, 0x44, 0x78, 0x81, 0x4B, 0x97, 0x73,
    0x03, 0x5D, 0x01, 0x54, 0x2A, 0x3A, 0x1E, 0x34, 0x31, 0x0D, 0x44, 0x69, 0x3C, 0x3E, 0x7A, 0x5C,
    0xFE, 0xC6, 0x31, 0x58, 0x2C, 0x49, 0x01, 0x74, 0x73, 0x20, 0x32, 0x1E, 0x2A, 0x30, 0x26, 0x36,
    0x19, 0x74, 0x20, 0x42, 0x2D, 0x7D, 0x67, 0x4A, 0x67, 0x36, 0xFF, 0xFF, 0x00, 0x4C, 0x00, 0x7F,
    0x03, 0xA1, 0x03, 0x9D, 0x00, 0x26, 0x01, 0x93, 0xE0, 0xFF, 0x00, 0x07, 0x01, 0x93, 0x01, 0x63,
    0xFF, 0xFF, 0x00, 0x02, 0x00, 0x7E, 0x01, 0x77, 0x03, 0xC0, 0x03, 0x24, 0x00, 0x03, 0x00, 0x07,
    0x00, 0x12, 0xB6, 0x06, 0x07, 0x03, 0x06, 0x02, 0x02, 0x03, 0x00, 0x2F, 0x33, 0x11, 0x33, 0x12,
    0x39, 0x2F, 0x30, 0x31, 0x01, 0x15, 0x21, 0x35, 0x05, 0x11, 0x23, 0x11, 0x03, 0xC0, 0xFC, 0xBE,
    0x03, 0x42, 0xC3, 0x03, 0x24, 0xA8, 0xA8, 0x4D, 0xFE, 0xA0, 0x01, 0x60, 0x00, 0x04, 0x00, 0x58,
    0xFF, 0xEC, 0x05, 0xE3, 0x05, 0xC4, 0x00, 0x1E, 0x00, 0x2F, 0x00, 0x43, 0x00, 0x57, 0x00, 0x35,
    0x40, 0x1B, 0x1F, 0x1B, 0x18, 0x20, 0x04, 0x02, 0x02, 0x01, 0x01, 0x0F, 0x29, 0x0D, 0x0D, 0x35,
    0x35, 0x53, 0x0C, 0x0F, 0x0F, 0x49, 0x53, 0x13, 0x72, 0x3F, 0x49, 0x03, 0x72, 0x00, 0x2B, 0x32,
    0x2B, 0x12, 0x39, 0x2F, 0x33, 0x11, 0x33, 0x11, 0x33, 0x2F, 0x33, 0x12, 0x39, 0x7D, 0x2F, 0x33,
    0x12, 0x17, 0x39, 0x30, 0x31, 0x01, 0x23, 0x27, 0x33, 0x32, 0x36, 0x36, 0x35, 0x34, 0x26, 0x26,
    0x23, 0x23, 0x11, 0x23, 0x11, 0x21, 0x32, 0x16, 0x16, 0x15, 0x14, 0x06, 0x06, 0x07, 0x22, 0x06,
    0x23, 0x0E, 0x02, 0x23, 0x37, 0x32, 0x16, 0x15, 0x15, 0x14, 0x16, 0x17, 0x15, 0x23, 0x26, 0x26,
    0x35, 0x35, 0x34, 0x26, 0x25, 0x14, 0x1E, 0x02, 0x33, 0x32, 0x3E, 0x02, 0x35, 0x34, 0x2E, 0x02,
    0x23, 0x22, 0x0E, 0x02, 0x07, 0x34, 0x12, 0x36, 0x24, 0x33, 0x32, 0x04, 0x16, 0x12, 0x15, 0x14,
    0x02, 0x06, 0x04, 0x23, 0x22, 0x24, 0x26, 0x02, 0x03, 0x36, 0xD7, 0x02, 0xB8, 0x2E, 0x4E, 0x30,
    0x21, 0x4E, 0x42, 0x84, 0x93, 0x01, 0x17, 0x63, 0x92, 0x4F, 0x32, 0x61, 0x47, 0x03, 0x07, 0x03,
    0x11, 0x09, 0x09, 0x1E, 0x15, 0x9C, 0x73, 0x08, 0x09, 0x97, 0x0A, 0x03, 0x42, 0xFD, 0x54, 0x5C,
    0xA2, 0xD6, 0x7A, 0x7B, 0xD5, 0xA2, 0x5C, 0x5C, 0xA2, 0xD5, 0x7A, 0x7A, 0xD7, 0xA2, 0x5C, 0x77,
    0x6E, 0xC4, 0x01, 0x01, 0x93, 0x93, 0x01, 0x01, 0xC3, 0x6E, 0x6E, 0xC3, 0xFE, 0xFF, 0x93, 0x93,
    0xFE, 0xFF, 0xC4, 0x6E, 0x02, 0x8E, 0x84, 0x1B, 0x34, 0x26, 0x32, 0x38, 0x1A, 0xFD, 0x31, 0x03,
    0x52, 0x3B, 0x74, 0x56, 0x36, 0x54, 0x3C, 0x13, 0x0D, 0x0A, 0x09, 0x02, 0x6B, 0x8C, 0x6A, 0x38,
    0x25, 0x43, 0x17, 0x10, 0x1A, 0x60, 0x16, 0x36, 0x48, 0x44, 0x4B, 0x84, 0xE4, 0xAB, 0x5F, 0x5F,
    0xAB, 0xE4, 0x84, 0x85, 0xE3, 0xAA, 0x5E, 0x5E, 0xAA, 0xE3, 0x85, 0x9F, 0x01, 0x10, 0xCB, 0x71,
    0x71, 0xCB, 0xFE, 0xF0, 0x9F, 0x9F, 0xFE, 0xF0, 0xCD, 0x71, 0x72, 0xCC, 0x01, 0x10, 0x00, 0x01,
    0x00, 0xA9, 0x05, 0x0B, 0x03, 0x57, 0x05, 0xAE, 0x00, 0x03, 0x00, 0x08, 0xB1, 0x03, 0x02, 0x00,
    0x2F, 0x33, 0x30, 0x31, 0x01, 0x15, 0x21, 0x35, 0x03, 0x57, 0xFD, 0x52, 0x05, 0xAE, 0xA3, 0xA3,
    0x00, 0x02, 0x00, 0x80, 0x03, 0xA4, 0x02, 0x9B, 0x05, 0xC4, 0x00, 0x0F, 0x00, 0x1B, 0x00, 0x0F,
    0xB5, 0x13, 0x0C, 0xC0, 0x19, 0x04, 0x03, 0x00, 0x3F, 0x33, 0x1A, 0xCC, 0x32, 0x30, 0x31, 0x13,
    0x34, 0x36, 0x36, 0x33, 0x32, 0x16, 0x16, 0x15, 0x14, 0x06, 0x06, 0x23, 0x22, 0x26, 0x26, 0x37,
    0x14, 0x16, 0x33, 0x32, 0x36, 0x35, 0x34, 0x26, 0x23, 0x22, 0x06, 0x80, 0x4A, 0x7C, 0x4A, 0x49,
    0x7A, 0x48, 0x48, 0x7A, 0x4A, 0x49, 0x7C, 0x4A, 0x90, 0x4C, 0x34, 0x34, 0x46, 0x46, 0x34, 0x34,
    0x4C, 0x04, 0xB2, 0x4B, 0x7D, 0x4A, 0x4A, 0x7D, 0x4B, 0x4B, 0x7B, 0x48, 0x48, 0x7B, 0x4B, 0x35,
    0x49, 0x48, 0x36, 0x37, 0x4A, 0x4A, 0x00, 0x03, 0x00, 0x58, 0x00, 0x01, 0x03, 0xEC, 0x05, 0x05,
    0x00, 0x03, 0x00, 0x07, 0x00, 0x0B, 0x00, 0x12, 0xB7, 0x0B, 0x02, 0x03, 0x03, 0x04, 0x0A, 0x12,
    0x72, 0x00, 0x2B, 0x2F, 0x39, 0x2F, 0x33, 0x32, 0x30, 0x31, 0x01, 0x15, 0x21, 0x35, 0x01, 0x11,
    0x23, 0x11, 0x01, 0x15, 0x21, 0x35, 0x03, 0xEC, 0xFC, 0x6C, 0x02, 0x4C, 0xFD, 0x02, 0x2A, 0xFC,
    0x9F, 0x03, 0xA8, 0xE9, 0xE9, 0x01, 0x5D, 0xFC, 0x49, 0x03, 0xB7, 0xFB, 0xE0, 0xE4, 0xE4, 0x00,
    0x00, 0x01, 0x00, 0x39, 0x02, 0x9B, 0x02, 0xB4, 0x05, 0xBC, 0x00, 0x1C, 0x00, 0x13, 0xB1, 0x1C,
    0x02, 0xB8, 0x01, 0x00, 0xB3, 0x0B, 0x13, 0x03, 0x72, 0x00, 0x2B, 0x32, 0x1A, 0xCC, 0x32, 0x30,
    0x31, 0x01, 0x15, 0x21, 0x35, 0x01, 0x3E, 0x02, 0x35, 0x34, 0x26, 0x23, 0x22, 0x06, 0x15, 0x23,
    0x34, 0x36, 0x36, 0x33, 0x32, 0x16, 0x16, 0x15, 0x14, 0x06, 0x06, 0x07, 0x07, 0x02, 0xB4, 0xFD,
    0x97, 0x01, 0x1E, 0x25, 0x2E, 0x17, 0x31, 0x30, 0x37, 0x37, 0xCB, 0x4A, 0x88, 0x5E, 0x62, 0x8A,
    0x49, 0x30, 0x60, 0x4A, 0x6F, 0x03, 0x3B, 0xA0, 0x86, 0x01, 0x03, 0x22, 0x3D, 0x31, 0x10, 0x27,
    0x30, 0x43, 0x2E, 0x4B, 0x7C, 0x4B, 0x3B, 0x6E, 0x4E, 0x3A, 0x5E, 0x5C, 0x39, 0x5D, 0x00, 0x02,
    0x00, 0x31, 0x02, 0x90, 0x02, 0xB5, 0x05, 0xBC, 0x00, 0x19, 0x00, 0x33, 0x00, 0x2C, 0x40, 0x0C,
    0x1C, 0x18, 0x00, 0x00, 0x1A, 0x1A, 0x10, 0x2C, 0x29, 0x29, 0x24, 0x10, 0xB8, 0x01, 0x00, 0xB5,
    0x0B, 0x0B, 0x08, 0x10, 0x03, 0x72, 0x00, 0x2B, 0x32, 0x32, 0x2F, 0x1A, 0x10, 0xCC, 0x32, 0x2F,
    0x32, 0x11, 0x39, 0x2F, 0x33, 0x12, 0x39, 0x39, 0x30, 0x31, 0x01, 0x33, 0x32, 0x36, 0x36, 0x35,
    0x34, 0x26, 0x23, 0x22, 0x06, 0x15, 0x23, 0x34, 0x36, 0x36, 0x33, 0x32, 0x16, 0x16, 0x15, 0x14,
    0x06, 0x06, 0x23, 0x23, 0x15, 0x35, 0x33, 0x32, 0x16, 0x16, 0x15, 0x14, 0x06, 0x06, 0x23, 0x22,
    0x26, 0x26, 0x35, 0x33, 0x14, 0x16, 0x33, 0x32, 0x36, 0x35, 0x34, 0x26, 0x26, 0x23, 0x01, 0x11,
    0x59, 0x27, 0x32, 0x19, 0x30, 0x3C, 0x2A, 0x3C, 0xCB, 0x54, 0x88, 0x4F, 0x5E, 0x8F, 0x50, 0x4B,
    0x80, 0x51, 0x7A, 0x7A, 0x58, 0x86, 0x4C, 0x57, 0x96, 0x5E, 0x49, 0x91, 0x5F, 0xCC, 0x42, 0x38,
    0x3D, 0x36, 0x1F, 0x39, 0x28, 0x04, 0x70, 0x17, 0x29, 0x1B, 0x1E, 0x32, 0x22, 0x1E, 0x49, 0x64,
    0x34, 0x34, 0x65, 0x49, 0x3D, 0x57, 0x2E, 0x2D, 0x55, 0x26, 0x57, 0x4B, 0x49, 0x68, 0x37, 0x30,
    0x6D, 0x59, 0x21, 0x34, 0x35, 0x25, 0x23, 0x2A, 0x13, 0x00, 0x00, 0x01, 0x00, 0x65, 0x04, 0xCC,
    0x02, 0x62, 0x06, 0x00, 0x00, 0x03, 0x00, 0x0A, 0xB2, 0x01, 0x80, 0x00, 0x00, 0x2F, 0x1A, 0xCD,
    0x30, 0x31, 0x13, 0x13, 0x21, 0x01, 0x65, 0xC4, 0x01, 0x39, 0xFE, 0xED, 0x04, 0xCC, 0x01, 0x34,
    0xFE, 0xCC, 0x00, 0x03, 0x00, 0x8C, 0xFE, 0x60, 0x04, 0x51, 0x04, 0x3A, 0x00, 0x04, 0x00, 0x1A,
    0x00, 0x1E, 0x00, 0x19, 0x40, 0x0C, 0x1D, 0x05, 0x00, 0x16, 0x0B, 0x13, 0x72, 0x03, 0x12, 0x72,
    0x1C, 0x00, 0x00, 0x2F, 0x32, 0x2B, 0x2B, 0x32, 0x11, 0x39, 0x2F, 0x30, 0x31, 0x01, 0x21, 0x11,
    0x21, 0x27, 0x37, 0x37, 0x14, 0x0E, 0x02, 0x23, 0x22, 0x26, 0x26, 0x27, 0x03, 0x33, 0x14, 0x1E,
    0x02, 0x33, 0x32, 0x3E, 0x02, 0x01, 0x21, 0x11, 0x21, 0x03, 0x30, 0x01, 0x21, 0xFE, 0xF3, 0x14,
    0x24, 0x75, 0x2D, 0x5B, 0x8A, 0x5C, 0x48, 0x75, 0x57, 0x1C, 0x1A, 0x9B, 0x1A, 0x30, 0x43, 0x29,
    0x45, 0x5E, 0x37, 0x18, 0xFD, 0x38, 0x01, 0x20, 0xFE, 0xE0, 0x04, 0x3A, 0xFB, 0xC6, 0xFA, 0xFD,
    0x02, 0x72, 0xC0, 0x8E, 0x4E, 0x2E, 0x63, 0x4D, 0x01, 0x04, 0x4E, 0x64, 0x37, 0x15, 0x2C, 0x50,
    0x6C, 0x02, 0x83, 0xFA, 0x26, 0x00, 0x00, 0x01, 0x00, 0x4D, 0x00, 0x00, 0x03, 0x65, 0x05, 0xB0,
    0x00, 0x0C, 0x00, 0x0E, 0xB6, 0x03, 0x0B, 0x02, 0x72, 0x00, 0x12, 0x72, 0x00, 0x2B, 0x2B, 0xCD,
    0x30, 0x31, 0x21, 0x23, 0x11, 0x23, 0x22, 0x26, 0x26, 0x35, 0x34, 0x36, 0x36, 0x33, 0x21, 0x03,
    0x65, 0xD7, 0x55, 0x9F, 0xDB, 0x72, 0x72, 0xDB, 0x9F, 0x01, 0x2C, 0x02, 0x08, 0x79, 0xD4, 0x87,
    0x86, 0xD4, 0x7A, 0x00, 0x00, 0x01, 0x00, 0x8D, 0x02, 0x26, 0x01, 0xD4, 0x03, 0x52, 0x00, 0x0B,
    0x00, 0x08, 0xB1, 0x03, 0x09, 0x00, 0x2F, 0x33, 0x30, 0x31, 0x13, 0x34, 0x36, 0x33, 0x32, 0x16,
    0x15, 0x14, 0x06, 0x23, 0x22, 0x26, 0x8D, 0x59, 0x4B, 0x4A, 0x59, 0x59, 0x4A, 0x4B, 0x59, 0x02,
    0xBB, 0x40, 0x57, 0x57, 0x40, 0x3F, 0x56, 0x56, 0x00, 0x01, 0x00, 0x61, 0xFE, 0x34, 0x01, 0xE5,
    0x00, 0x07, 0x00, 0x13, 0x00, 0x11, 0xB6, 0x0B, 0x0A, 0x80, 0x13, 0x02, 0x00, 0x12, 0x00, 0x3F,
    0x32, 0x32, 0x1A, 0xCC, 0x32, 0x30, 0x31, 0x37, 0x33, 0x07, 0x16, 0x16, 0x15, 0x14, 0x0E, 0x02,
    0x23, 0x27, 0x32, 0x36, 0x36, 0x35, 0x34, 0x26, 0x26, 0x27, 0x80, 0xD9, 0x0B, 0x39, 0x5E, 0x2D,
    0x58, 0x84, 0x56, 0x07, 0x20, 0x34, 0x1E, 0x1E, 0x3F, 0x33, 0x07, 0x3B, 0x0A, 0x4C, 0x57, 0x35,
    0x56, 0x3F, 0x21, 0xA0, 0x12, 0x25, 0x1E, 0x1C, 0x20, 0x10, 0x03, 0x00, 0x00, 0x01, 0x00, 0x89,
    0x02, 0x9B, 0x02, 0x10, 0x05, 0xAE, 0x00, 0x06, 0x00, 0x0A, 0xB3, 0x06, 0x02, 0x72, 0x01, 0x00,
    0x2F, 0x2B, 0x30, 0x31, 0x01, 0x11, 0x23, 0x11, 0x07, 0x35, 0x25, 0x02, 0x10, 0xCB, 0xBC, 0x01,
    0x74, 0x05, 0xAE, 0xFC, 0xED, 0x02, 0x2B, 0x2B, 0x9B, 0x78, 0x00, 0x02, 0x00, 0x78, 0x02, 0xB2,
    0x03, 0x2A, 0x05, 0xC4, 0x00, 0x11, 0x00, 0x23, 0x00, 0x10, 0xB6, 0x17, 0x0E, 0x20, 0x05, 0x03,
    0x72, 0x0E, 0x00, 0x2F, 0x2B, 0x32, 0x11, 0x33, 0x30, 0x31, 0x13, 0x35, 0x34, 0x36, 0x36, 0x33,
    0x32, 0x16, 0x16, 0x15, 0x15, 0x14, 0x06, 0x06, 0x23, 0x22, 0x26, 0x26, 0x37, 0x15, 0x14, 0x16,
    0x16, 0x33, 0x32, 0x36, 0x36, 0x35, 0x35, 0x34, 0x26, 0x26, 0x23, 0x22, 0x06, 0x06, 0x78, 0x54,
    0x9B, 0x6A, 0x6B, 0x9A, 0x54, 0x54, 0x99, 0x6A, 0x6B, 0x9C, 0x54, 0xAB, 0x26, 0x4E, 0x3B, 0x3A,
    0x4D, 0x26, 0x27, 0x4C, 0x3C, 0x3A, 0x4D, 0x26, 0x04, 0x14, 0x4E, 0x68, 0x9F, 0x5B, 0x5B, 0x9F,
    0x68, 0x4E, 0x68, 0x9F, 0x5B, 0x5B, 0xA0, 0xB5, 0x4E, 0x3C, 0x5F, 0x37, 0x37, 0x5F, 0x3C, 0x4E,
    0x3B, 0x5E, 0x38, 0x38, 0x5E, 0x00, 0xFF, 0xFF, 0x00, 0x56, 0x00, 0x7F, 0x03, 0xB0, 0x03, 0x9D,
    0x00, 0x26, 0x01, 0x94, 0x05, 0x00, 0x00, 0x07, 0x01, 0x94, 0x01, 0x8D, 0x00, 0x00, 0xFF, 0xFF,
    0x00, 0x67, 0x00, 0x00, 0x05, 0x6B, 0x05, 0xAB, 0x00, 0x27, 0x01, 0xDE, 0xFF, 0xDF, 0x02, 0x98,
    0x00, 0x27, 0x01, 0x95, 0x01, 0x1F, 0x00, 0x08, 0x00, 0x07, 0x01, 0xE1, 0x02, 0xAA, 0x00, 0x00,
    0xFF, 0xFF, 0x00, 0x55, 0x00, 0x00, 0x05, 0xC2, 0x05, 0xB0, 0x00, 0x27, 0x01, 0x95, 0x00, 0xF5,
    0x00, 0x08, 0x00, 0x27, 0x01, 0xDE, 0xFF, 0xCD, 0x02, 0x9D, 0x00, 0x07, 0x01, 0xDD, 0x03, 0x0D,
    0x00, 0x00, 0xFF, 0xFF, 0x00, 0x5E, 0x00, 0x00, 0x06, 0x0F, 0x05, 0xBC, 0x00, 0x27, 0x01, 0x95,
    0x01, 0xC3, 0x00, 0x08, 0x00, 0x27, 0x01, 0xE1, 0x03, 0x4E, 0x00, 0x00, 0x00, 0x07, 0x01, 0xE0,
    0x00, 0x2E, 0x02, 0x9B, 0x00, 0x02, 0x00, 0x47, 0xFE, 0x7F, 0x03, 0xCE, 0x04, 0x4F, 0x00, 0x21,
    0x00, 0x2D, 0x00, 0x18, 0x40, 0x0A, 0x00, 0x00, 0x25, 0x25, 0x2B, 0x10, 0x11, 0x11, 0x0D, 0x16,
    0x00, 0x2F, 0x33, 0x33, 0x2F, 0x3F, 0x33, 0x2F, 0x33, 0x2F, 0x30, 0x31, 0x01, 0x33, 0x14, 0x06,
    0x06, 0x07, 0x0E, 0x02, 0x15, 0x14, 0x16, 0x16, 0x33, 0x32, 0x36, 0x36, 0x37, 0x21, 0x0E, 0x02,
    0x23, 0x22, 0x26, 0x26, 0x35, 0x34, 0x36, 0x36, 0x37, 0x3E, 0x02, 0x01, 0x14, 0x06, 0x23, 0x22,
    0x26, 0x35, 0x34, 0x36, 0x33, 0x32, 0x16, 0x01, 0x9C, 0xFF, 0x1A, 0x3E, 0x39, 0x2E, 0x49, 0x2B,
    0x26, 0x46, 0x2F, 0x2E, 0x4C, 0x2F, 0x01, 0x01, 0x21, 0x02, 0x79, 0xCC, 0x7F, 0x8C, 0xC9, 0x6C,
    0x47, 0x73, 0x41, 0x26, 0x26, 0x0E, 0x01, 0x25, 0x59, 0x49, 0x4A, 0x58, 0x58, 0x4A, 0x49, 0x59,
    0x02, 0x86, 0x5A, 0x81, 0x67, 0x35, 0x2B, 0x4D, 0x57, 0x39, 0x37, 0x4A, 0x23, 0x25, 0x4E, 0x3D,
    0x89, 0xB4, 0x57, 0x5A, 0xAE, 0x7F, 0x58, 0x8B, 0x78, 0x3C, 0x23, 0x43, 0x50, 0x01, 0x67, 0x3F,
    0x55, 0x55, 0x3F, 0x3F, 0x56, 0x56, 0x00, 0x06, 0x00, 0x06, 0x00, 0x00, 0x07, 0x45, 0x05, 0xB0,
    0x00, 0x04, 0x00, 0x08, 0x00, 0x0C, 0x00, 0x10, 0x00, 0x14, 0x00, 0x18, 0x00, 0x31, 0x40, 0x18,
    0x00, 0x17, 0x17, 0x08, 0x07, 0x14, 0x13, 0x07, 0x13, 0x07, 0x13, 0x02, 0x0D, 0x03, 0x18, 0x02,
    0x72, 0x0C, 0x0B, 0x0B, 0x0E, 0x02, 0x08, 0x72, 0x00, 0x2B, 0x32, 0x32, 0x11, 0x33, 0x2B, 0x32,
    0x32, 0x11, 0x39, 0x39, 0x2F, 0x2F, 0x11, 0x33, 0x11, 0x33, 0x32, 0x11, 0x33, 0x30, 0x31, 0x01,
    0x01, 0x21, 0x01, 0x33, 0x13, 0x15, 0x21, 0x35, 0x01, 0x15, 0x21, 0x35, 0x13, 0x13, 0x21, 0x03,
    0x01, 0x15, 0x21, 0x35, 0x01, 0x15, 0x21, 0x35, 0x03, 0xE3, 0xFD, 0x74, 0xFE, 0xAF, 0x03, 0x0E,
    0xB7, 0x7D, 0xFD, 0x13, 0x05, 0xEA, 0xFD, 0x24, 0x43, 0x3D, 0xFE, 0xDF, 0x3D, 0x03, 0x2C, 0xFD,
    0x89, 0x02, 0xC8, 0xFD, 0x24, 0x05, 0x15, 0xFA, 0xEB, 0x05, 0xB0, 0xFC, 0x90, 0xEF, 0xEF, 0xFE,
    0xA4, 0xE4, 0xE4, 0x04, 0xCC, 0xFA, 0x50, 0x05, 0xB0, 0xFD, 0xAE, 0xE3, 0xE3, 0x02, 0x52, 0xE4,
    0xE4, 0x00, 0x00, 0x02, 0x00, 0x41, 0x00, 0xC9, 0x03, 0xF6, 0x04, 0x87, 0x00, 0x03, 0x00, 0x07,
    0x00, 0x0C, 0xB3, 0x04, 0x06, 0x02, 0x00, 0x00, 0x2F, 0x2F, 0x33, 0x32, 0x30, 0x31, 0x37, 0x27,
    0x01, 0x17, 0x03, 0x01, 0x37, 0x01, 0xEA, 0xA9, 0x03, 0x0B, 0xA9, 0xA8, 0xFC, 0xF5, 0xA9, 0x03,
    0x0B, 0xC9, 0xA3, 0x03, 0x1B, 0xA4, 0xFC, 0xE6, 0x03, 0x1A, 0xA4, 0xFC, 0xE5, 0x00, 0x00, 0x03,
    0x00, 0x5D, 0xFF, 0xA2, 0x05, 0x36, 0x05, 0xED, 0x00, 0x03, 0x00, 0x1B, 0x00, 0x33, 0x00, 0x17,
    0x40, 0x0B, 0x01, 0x00, 0x2F, 0x0A, 0x23, 0x16, 0x03, 0x72, 0x0A, 0x09, 0x72, 0x00, 0x2B, 0x2B,
    0x32, 0x11, 0x33, 0x32, 0x33, 0x30, 0x31, 0x01, 0x01, 0x23, 0x01, 0x13, 0x15, 0x14, 0x02, 0x06,
    0x06, 0x23, 0x22, 0x2E, 0x03, 0x35, 0x35, 0x34, 0x12, 0x36, 0x36, 0x33, 0x32, 0x1E, 0x03, 0x05,
    0x35, 0x34, 0x2E, 0x03, 0x23, 0x22, 0x0E, 0x02, 0x15, 0x15, 0x14, 0x1E, 0x03, 0x33, 0x32, 0x3E,
    0x02, 0x05, 0x05, 0xFC, 0x49, 0xBB, 0x03, 0xB8, 0xEB, 0x59, 0xA6, 0xE2, 0x8A, 0x6D, 0xBF, 0x99,
    0x6E, 0x3B, 0x5B, 0xA4, 0xE4, 0x89, 0x6E, 0xBE, 0x99, 0x6D, 0x3B, 0xFE, 0xD1, 0x1C, 0x35, 0x4D,
    0x63, 0x3D, 0x4D, 0x75, 0x50, 0x2A, 0x1B, 0x35, 0x4D, 0x64, 0x3D, 0x4C, 0x75, 0x51, 0x2A, 0x05,
    0xED, 0xF9, 0xB5, 0x06, 0x4B, 0xFD, 0x0D, 0x45, 0xA6, 0xFE, 0xF8, 0xB9, 0x62, 0x3F, 0x79, 0xAE,
    0xDE, 0x85, 0x45, 0xA7, 0x01, 0x07, 0xBA, 0x62, 0x3F, 0x79, 0xAE, 0xDE, 0xCB, 0x47, 0x5C, 0x96,
    0x72, 0x4D, 0x28, 0x3D, 0x78, 0xB0, 0x74, 0x47, 0x5C, 0x96, 0x73, 0x4E, 0x28, 0x3E, 0x79, 0xB1,
    0x00, 0x02, 0x00, 0x85, 0x00, 0x00, 0x04, 0x9F, 0x05, 0xB0, 0x00, 0x03, 0x00, 0x19, 0x00, 0x1D,
    0x40, 0x0E, 0x0F, 0x0E, 0x0E, 0x03, 0x19, 0x04, 0x04, 0x03, 0x00, 0x02, 0x72, 0x03, 0x08, 0x72,
    0x00, 0x2B, 0x2B, 0x11, 0x39, 0x2F, 0x33, 0x11, 0x39, 0x2F, 0x33, 0x30, 0x31, 0x13, 0x21, 0x11,
    0x21, 0x13, 0x21, 0x32, 0x16, 0x16, 0x15, 0x14, 0x06, 0x06, 0x23, 0x21, 0x35, 0x21, 0x32, 0x36,
    0x36, 0x35, 0x34, 0x26, 0x26, 0x23, 0x23, 0x85, 0x01, 0x21, 0xFE, 0xDF, 0x63, 0x01, 0x9E, 0xAF,
    0xEE, 0x7C, 0x7C, 0xEE, 0xAF, 0xFE, 0xF7, 0x01, 0x09, 0x59, 0x6D, 0x32, 0x32, 0x6D, 0x59, 0xE1,
    0x05, 0xB0, 0xFA, 0x50, 0x04, 0xA3, 0x74, 0xCA, 0x83, 0x82, 0xCB, 0x73, 0xE0, 0x40, 0x65, 0x39,
    0x3A, 0x67, 0x41, 0x00, 0x00, 0x01, 0x00, 0x89, 0xFF, 0xEC, 0x04, 0xCA, 0x06, 0x17, 0x00, 0x39,
    0x00, 0x19, 0x40, 0x0D, 0x23, 0x1B, 0x36, 0x08, 0x02, 0x0A, 0x72, 0x08, 0x01, 0x72, 0x1B, 0x0B,
    0x72, 0x00, 0x2B, 0x2B, 0x2B, 0x11, 0x33, 0x11, 0x33, 0x30, 0x31, 0x01, 0x11, 0x21, 0x11, 0x34,
    0x3E, 0x02, 0x33, 0x32, 0x16, 0x16, 0x15, 0x14, 0x0E, 0x02, 0x15, 0x14, 0x1E, 0x03, 0x15, 0x14,
    0x06, 0x06, 0x23, 0x22, 0x26, 0x26, 0x27, 0x37, 0x16, 0x16, 0x33, 0x32, 0x36, 0x36, 0x35, 0x34,
    0x2E, 0x03, 0x35, 0x34, 0x3E, 0x02, 0x35, 0x34, 0x26, 0x26, 0x23, 0x22, 0x06, 0x06, 0x01, 0xA8,
    0xFE, 0xE1, 0x41, 0x7C, 0xAF, 0x6E, 0x74, 0xBF, 0x72, 0x20, 0x29, 0x20, 0x3C, 0x59, 0x5A, 0x3C,
    0x68, 0xC8, 0x8F, 0x33, 0x6D, 0x5B, 0x1C, 0x36, 0x20, 0x73, 0x48, 0x35, 0x4A, 0x27, 0x3D, 0x59,
    0x5A, 0x3D, 0x21, 0x2B, 0x20, 0x28, 0x47, 0x2E, 0x32, 0x4A, 0x29, 0x04, 0x4B, 0xFB, 0xB5, 0x04,
    0x4F, 0x71, 0xAA, 0x73, 0x3A, 0x52, 0xA2, 0x7A, 0x4B, 0x59, 0x42, 0x4A, 0x3B, 0x29, 0x4C, 0x4E,
    0x5C, 0x74, 0x4B, 0x77, 0xA6, 0x57, 0x0F, 0x1A, 0x11, 0xDD, 0x12, 0x24, 0x23, 0x40, 0x2B, 0x32,
    0x4D, 0x49, 0x53, 0x6F, 0x4E, 0x42, 0x57, 0x45, 0x4F, 0x3A, 0x30, 0x46, 0x27, 0x2D, 0x68, 0x00,
    0x00, 0x03, 0x00, 0x43, 0xFF, 0xEC, 0x06, 0x8E, 0x04, 0x4F, 0x00, 0x14, 0x00, 0x32, 0x00, 0x5E,
    0x00, 0x37, 0x40, 0x1C, 0x57, 0x33, 0x33, 0x32, 0x17, 0x46, 0x45, 0x14, 0x25, 0x00, 0x03, 0x29,
    0x17, 0x45, 0x17, 0x45, 0x0F, 0x1F, 0x29, 0x0B, 0x72, 0x4C, 0x3E, 0x3E, 0x05, 0x0F, 0x07, 0x72,
    0x00, 0x2B, 0x32, 0x32, 0x11, 0x33, 0x2B, 0x32, 0x12, 0x39, 0x39, 0x2F, 0x2F, 0x12, 0x17, 0x39,
    0x11, 0x33, 0x11, 0x33, 0x32, 0x11, 0x33, 0x30, 0x31, 0x25, 0x11, 0x34, 0x26, 0x26, 0x23, 0x22,
    0x06, 0x06, 0x15, 0x25, 0x34, 0x3E, 0x02, 0x33, 0x32, 0x16, 0x16, 0x15, 0x11, 0x03, 0x17, 0x23,
    0x22, 0x06, 0x06, 0x15, 0x14, 0x16, 0x16, 0x33, 0x32, 0x3E, 0x02, 0x37, 0x17, 0x0E, 0x02, 0x23,
    0x22, 0x26, 0x26, 0x35, 0x34, 0x3E, 0x02, 0x33, 0x01, 0x22, 0x2E, 0x02, 0x35, 0x35, 0x34, 0x3E,
    0x02, 0x17, 0x32, 0x1E, 0x02, 0x15, 0x15, 0x21, 0x35, 0x21, 0x35, 0x34, 0x26, 0x26, 0x23, 0x22,
    0x0E, 0x02, 0x15, 0x15, 0x14, 0x1E, 0x02, 0x33, 0x32, 0x36, 0x37, 0x17, 0x0E, 0x02, 0x02, 0xD7,
    0x24, 0x47, 0x34, 0x38, 0x50, 0x2A, 0xFE, 0xE0, 0x42, 0x7B, 0xAE, 0x6B, 0x84, 0xC3, 0x6C, 0xED,
    0x02, 0xCE, 0x45, 0x5E, 0x30, 0x25, 0x4A, 0x3A, 0x2A, 0x58, 0x4A, 0x2D, 0x01, 0x86, 0x19, 0x71,
    0xB3, 0x7A, 0x82, 0xB3, 0x5D, 0x40, 0x7D, 0xB9, 0x7B, 0x02, 0xAA, 0x7D, 0xC0, 0x84, 0x43, 0x40,
    0x7F, 0xB8, 0x77, 0x6B, 0xA8, 0x75, 0x3E, 0xFC, 0xC3, 0x02, 0x21, 0x24, 0x4B, 0x3B, 0x3A, 0x53,
    0x33, 0x18, 0x1F, 0x40, 0x67, 0x48, 0x68, 0x84, 0x3A, 0x4C, 0x22, 0x77, 0x9D, 0xB7, 0x02, 0x0C,
    0x35, 0x4C, 0x29, 0x23, 0x3B, 0x25, 0x13, 0x4A, 0x7A, 0x5B, 0x32, 0x59, 0xB0, 0x84, 0xFE, 0x19,
    0x01, 0xAF, 0xB7, 0x2B, 0x46, 0x27, 0x26, 0x3A, 0x20, 0x1E, 0x31, 0x38, 0x19, 0x98, 0x31, 0x63,
    0x42, 0x53, 0x98, 0x67, 0x4F, 0x7B, 0x55, 0x2C, 0xFD, 0x63, 0x4C, 0x8B, 0xBD, 0x70, 0x44, 0x77,
    0xC5, 0x90, 0x4F, 0x01, 0x44, 0x7F, 0xB5, 0x71, 0x9E, 0xBD, 0x1C, 0x3D, 0x5C, 0x34, 0x2F, 0x55,
    0x73, 0x42, 0x44, 0x3E, 0x6A, 0x4F, 0x2C, 0x32, 0x1E, 0xB8, 0x1A, 0x39, 0x26, 0x00, 0x00, 0x02,
    0x00, 0x55, 0xFF, 0xEC, 0x04, 0x53, 0x06, 0x2C, 0x00, 0x34, 0x00, 0x38, 0x00, 0x19, 0x40, 0x0B,
    0x36, 0x20, 0x16, 0x16, 0x01, 0x2A, 0x0C, 0x0B, 0x72, 0x38, 0x01, 0x00, 0x2F, 0x33, 0x2B, 0x32,
    0x12, 0x39, 0x2F, 0x33, 0x33, 0x30, 0x31, 0x13, 0x37, 0x16, 0x04, 0x16, 0x12, 0x15, 0x15, 0x14,
    0x0E, 0x02, 0x23, 0x22, 0x2E, 0x02, 0x35, 0x34, 0x3E, 0x02, 0x33, 0x32, 0x16, 0x16, 0x17, 0x27,
    0x34, 0x2E, 0x02, 0x23, 0x22, 0x0E, 0x02, 0x15, 0x14, 0x1E, 0x02, 0x33, 0x32, 0x3E, 0x02, 0x35,
    0x35, 0x34, 0x2E, 0x02, 0x25, 0x01, 0x27, 0x01, 0xEC, 0x5B, 0xAC, 0x01, 0x1E, 0xD1, 0x71, 0x4E,
    0x8C, 0xBD, 0x70, 0x71, 0xB9, 0x85, 0x48, 0x3D, 0x74, 0xA7, 0x6B, 0x71, 0xB6, 0x70, 0x07, 0x67,
    0x1E, 0x3D, 0x5D, 0x3F, 0x38, 0x56, 0x38, 0x1D, 0x1D, 0x39, 0x51, 0x34, 0x37, 0x55, 0x38, 0x1D,
    0x60, 0xA4, 0xD0, 0x02, 0x80, 0xFD, 0xCC, 0x4C, 0x02, 0x34, 0x05, 0x53, 0xD9, 0x24, 0xA1, 0xF0,
    0xFE, 0xCB, 0xB9, 0x4B, 0x84, 0xDA, 0x9F, 0x55, 0x4B, 0x86, 0xB1, 0x66, 0x71, 0xB7, 0x84, 0x46,
    0x63, 0xAB, 0x6B, 0x02, 0x1A, 0x39, 0x32, 0x1E, 0x28, 0x4A, 0x69, 0x43, 0x35, 0x5F, 0x49, 0x2A,
    0x34, 0x5C, 0x7D, 0x49, 0x68, 0x9F, 0xF0, 0xAC, 0x6F, 0x3F, 0xFE, 0x99, 0x70, 0x01, 0x67, 0x00,
    0x00, 0x03, 0x00, 0x40, 0x00, 0x84, 0x04, 0x45, 0x04, 0xD5, 0x00, 0x03, 0x00, 0x0F, 0x00, 0x1B,
    0x00, 0x13, 0xB7, 0x19, 0x13, 0x02, 0x07, 0x0D, 0x03, 0x02, 0x12, 0x00, 0x3F, 0xDD, 0xC6, 0x32,
    0x10, 0xC6, 0x32, 0x30, 0x31, 0x01, 0x15, 0x21, 0x35, 0x01, 0x34, 0x36, 0x33, 0x32, 0x16, 0x15,
    0x14, 0x06, 0x23, 0x22, 0x26, 0x11, 0x34, 0x36, 0x33, 0x32, 0x16, 0x15, 0x14, 0x06, 0x23, 0x22,
    0x26, 0x04, 0x45, 0xFB, 0xFB, 0x01, 0x60, 0x59, 0x4A, 0x4B, 0x58, 0x58, 0x4B, 0x4A, 0x59, 0x59,
    0x4A, 0x4B, 0x58, 0x58, 0x4B, 0x4A, 0x59, 0x03, 0x20, 0xE1, 0xE1, 0x01, 0x22, 0x40, 0x53, 0x53,
    0x40, 0x40, 0x52, 0x52, 0xFD, 0x15, 0x40, 0x53, 0x53, 0x40, 0x40, 0x53, 0x53, 0x00, 0x00, 0x03,
    0x00, 0x42, 0xFF, 0x72, 0x04, 0x42, 0x04, 0xC0, 0x00, 0x03, 0x00, 0x19, 0x00, 0x2F, 0x00, 0x19,
    0x40, 0x0C, 0x20, 0x01, 0x01, 0x15, 0x0B, 0x72, 0x2B, 0x00, 0x00, 0x0A, 0x07, 0x72, 0x00, 0x2B,
    0x32, 0x2F, 0x32, 0x2B, 0x32, 0x2F, 0x32, 0x30, 0x31, 0x01, 0x01, 0x23, 0x01, 0x01, 0x35, 0x34,
    0x3E, 0x02, 0x33, 0x32, 0x1E, 0x02, 0x15, 0x15, 0x14, 0x0E, 0x02, 0x23, 0x22, 0x2E, 0x02, 0x25,
    0x15, 0x14, 0x1E, 0x02, 0x33, 0x32, 0x3E, 0x02, 0x35, 0x35, 0x34, 0x2E, 0x02, 0x23, 0x22, 0x0E,
    0x02, 0x03, 0xE0, 0xFD, 0x69, 0x9F, 0x02, 0x97, 0xFD, 0x01, 0x44, 0x82, 0xBE, 0x7B, 0x7B, 0xC0,
    0x82, 0x44, 0x44, 0x82, 0xBE, 0x7B, 0x7B, 0xBF, 0x83, 0x44, 0x01, 0x20, 0x18, 0x35, 0x56, 0x3E,
    0x3C, 0x56, 0x34, 0x19, 0x19, 0x35, 0x56, 0x3D, 0x3D, 0x55, 0x35, 0x18, 0x04, 0xC0, 0xFA, 0xB2,
    0x05, 0x4E, 0xFD, 0x52, 0x15, 0x77, 0xC9, 0x94, 0x53, 0x53, 0x94, 0xC9, 0x77, 0x15, 0x76, 0xC9,
    0x95, 0x52, 0x52, 0x95, 0xC9, 0x8B, 0x15, 0x44, 0x76, 0x59, 0x32, 0x32, 0x59, 0x76, 0x44, 0x15,
    0x42, 0x75, 0x5B, 0x34, 0x34, 0x5B, 0x75, 0x00, 0x00, 0x03, 0x00, 0x70, 0xFE, 0x60, 0x04, 0x3E,
    0x06, 0x00, 0x00, 0x03, 0x00, 0x19, 0x00, 0x2F, 0x00, 0x1B, 0x40, 0x0F, 0x2B, 0x0A, 0x20, 0x15,
    0x07, 0x72, 0x0A, 0x0B, 0x72, 0x03, 0x00, 0x72, 0x02, 0x0E, 0x72, 0x00, 0x2B, 0x2B, 0x2B, 0x2B,
    0x32, 0x11, 0x33, 0x30, 0x31, 0x01, 0x11, 0x21, 0x11, 0x01, 0x15, 0x14, 0x0E, 0x02, 0x23, 0x22,
    0x2E, 0x02, 0x27, 0x35, 0x3E, 0x03, 0x33, 0x32, 0x1E, 0x02, 0x05, 0x35, 0x34, 0x2E, 0x02, 0x23,
    0x22, 0x0E, 0x02, 0x07, 0x15, 0x1E, 0x03, 0x33, 0x32, 0x3E, 0x02, 0x01, 0x92, 0xFE, 0xDE, 0x03,
    0xCE, 0x36, 0x6B, 0x9C, 0x67, 0x63, 0x91, 0x64, 0x3C, 0x0F, 0x0F, 0x3D, 0x62, 0x90, 0x63, 0x67,
    0x9E, 0x6B, 0x36, 0xFE, 0xE0, 0x17, 0x31, 0x4F, 0x39, 0x3B, 0x52, 0x35, 0x1A, 0x03, 0x03, 0x1B,
    0x35, 0x53, 0x3B, 0x39, 0x4F, 0x30, 0x16, 0x06, 0x00, 0xF8, 0x60, 0x07, 0xA0, 0xFC, 0x29, 0x15,
    0x76, 0xCA, 0x95, 0x53, 0x50, 0x91, 0xC0, 0x6E, 0x37, 0x76, 0xC5, 0x91, 0x50, 0x4E, 0x92, 0xCA,
    0x90, 0x15, 0x45, 0x75, 0x58, 0x31, 0x26, 0x48, 0x64, 0x3F, 0x8B, 0x37, 0x5F, 0x46, 0x27, 0x33,
    0x5A, 0x76, 0x00, 0x04, 0x00, 0x43, 0xFF, 0xEC, 0x04, 0xAC, 0x06, 0x00, 0x00, 0x04, 0x00, 0x1A,
    0x00, 0x2F, 0x00, 0x33, 0x00, 0x1D, 0x40, 0x0F, 0x21, 0x04, 0x04, 0x16, 0x0B, 0x72, 0x33, 0x32,
    0x2B, 0x0B, 0x07, 0x72, 0x01, 0x00, 0x72, 0x00, 0x2B, 0x2B, 0x32, 0xCE, 0x32, 0x2B, 0x32, 0x2F,
    0x32, 0x30, 0x31, 0x25, 0x11, 0x21, 0x11, 0x21, 0x01, 0x35, 0x34, 0x3E, 0x02, 0x33, 0x32, 0x1E,
    0x02, 0x17, 0x15, 0x0E, 0x03, 0x23, 0x22, 0x2E, 0x02, 0x25, 0x15, 0x14, 0x1E, 0x02, 0x33, 0x32,
    0x36, 0x36, 0x37, 0x35, 0x2E, 0x03, 0x23, 0x22, 0x0E, 0x02, 0x01, 0x15, 0x21, 0x35, 0x02, 0xEF,
    0x01, 0x22, 0xFE, 0xFB, 0xFD, 0x37, 0x38, 0x6C, 0x9E, 0x65, 0x5F, 0x8F, 0x65, 0x3E, 0x0E, 0x0E,
    0x3E, 0x65, 0x90, 0x60, 0x65, 0x9D, 0x6B, 0x38, 0x01, 0x20, 0x15, 0x31, 0x4F, 0x39, 0x4A, 0x60,
    0x33, 0x04, 0x03, 0x1D, 0x37, 0x51, 0x37, 0x38, 0x50, 0x31, 0x17, 0x03, 0x49, 0xFD, 0x44, 0xEC,
    0x05, 0x14, 0xFA, 0x00, 0x02, 0x10, 0x15, 0x7C, 0xCB, 0x92, 0x50, 0x50, 0x93, 0xC7, 0x76, 0x2E,
    0x71, 0xC2, 0x91, 0x50, 0x52, 0x94, 0xC8, 0x8B, 0x15, 0x43, 0x74, 0x59, 0x31, 0x43, 0x76, 0x4D,
    0x83, 0x3F, 0x65, 0x48, 0x28, 0x33, 0x58, 0x77, 0x03, 0x0D, 0xB2, 0xB2, 0x00, 0x04, 0x00, 0x20,
    0x00, 0x00, 0x05, 0xAC, 0x05, 0xB0, 0x00, 0x03, 0x00, 0x07, 0x00, 0x0B, 0x00, 0x0F, 0x00, 0x1F,
    0x40, 0x0F, 0x03, 0x02, 0x80, 0x07, 0x06, 0x06, 0x0A, 0x0C, 0x0B, 0x02, 0x72, 0x0D, 0x0A, 0x08,
    0x72, 0x00, 0x2B, 0x32, 0x2B, 0x32, 0x11, 0x39, 0x2F, 0x33, 0x1A, 0xCC, 0x32, 0x30, 0x31, 0x01,
    0x15, 0x21, 0x35, 0x01, 0x15, 0x21, 0x35, 0x13, 0x11, 0x21, 0x11, 0x21, 0x11, 0x21, 0x11, 0x05,
    0xAC, 0xFA, 0x74, 0x04, 0x3C, 0xFD, 0x08, 0x59, 0xFE, 0xD4, 0x04, 0xA1, 0xFE, 0xD5, 0x04, 0xC2,
    0xAA, 0xAA, 0xFE, 0x9D, 0xEA, 0xEA, 0x02, 0x51, 0xFA, 0x50, 0x05, 0xB0, 0xFA, 0x50, 0x05, 0xB0,
    0x00, 0x01, 0x00, 0x86, 0x00, 0x00, 0x01, 0xA7, 0x04, 0x3A, 0x00, 0x03, 0x00, 0x0C, 0xB5, 0x03,
    0x06, 0x72, 0x02, 0x0A, 0x72, 0x00, 0x2B, 0x2B, 0x30, 0x31, 0x01, 0x11, 0x21, 0x11, 0x01, 0xA7,
    0xFE, 0xDF, 0x04, 0x3A, 0xFB, 0xC6, 0x04, 0x3A, 0x00, 0x03, 0x00, 0x82, 0x00, 0x00, 0x04, 0x93,
    0x04, 0x3A, 0x00, 0x03, 0x00, 0x09, 0x00, 0x0D, 0x00, 0x1F, 0x40, 0x0F, 0x0C, 0x07, 0x07, 0x0B,
    0x06, 0x06, 0x02, 0x09, 0x03, 0x06, 0x72, 0x0A, 0x02, 0x0A, 0x72, 0x00, 0x2B, 0x32, 0x2B, 0x32,
    0x11, 0x39, 0x2F, 0x33, 0x33, 0x11, 0x33, 0x30, 0x31, 0x01, 0x11, 0x21, 0x11, 0x21, 0x01, 0x21,
    0x03, 0x33, 0x01, 0x13, 0x01, 0x37, 0x01, 0x01, 0xA2, 0xFE, 0xE0, 0x04, 0x00, 0xFE, 0x11, 0xFE,
    0xDC, 0x22, 0xB0, 0x01, 0x18, 0x0D, 0xFE, 0xD6, 0xFB, 0x01, 0xA0, 0x04, 0x3A, 0xFB, 0xC6, 0x04,
    0x3A, 0xFD, 0x5B, 0x01, 0x0A, 0x01, 0x9B, 0xFB, 0xC6, 0x01, 0xC9, 0x8B, 0xFD, 0xAC, 0x00, 0x03,
    0x00, 0x1D, 0x00, 0x00, 0x04, 0x4C, 0x05, 0xB0, 0x00, 0x03, 0x00, 0x07, 0x00, 0x0B, 0x00, 0x1B,
    0x40, 0x0D, 0x02, 0x0A, 0x00, 0x07, 0x06, 0x06, 0x0A, 0x0B, 0x02, 0x72, 0x0A, 0x08, 0x72, 0x00,
    0x2B, 0x2B, 0x11, 0x33, 0x11, 0x33, 0x32, 0x11, 0x33, 0x30, 0x31, 0x01, 0x15, 0x05, 0x35, 0x01,
    0x15, 0x21, 0x35, 0x13, 0x11, 0x21, 0x11, 0x02, 0xA8, 0xFD, 0x75, 0x04, 0x2F, 0xFD, 0x23, 0x60,
    0xFE, 0xD5, 0x03, 0xBA, 0xA0, 0xBB, 0xA0, 0xFD, 0xEB, 0xEA, 0xEA, 0x04, 0xC6, 0xFA, 0x50, 0x05,
    0xB0, 0x00, 0x00, 0x02, 0x00, 0x1E, 0x00, 0x00, 0x02, 0x53, 0x06, 0x00, 0x00, 0x03, 0x00, 0x07,
    0x00, 0x13, 0x40, 0x09, 0x02, 0x06, 0x00, 0x07, 0x00, 0x72, 0x06, 0x0A, 0x72, 0x00, 0x2B, 0x2B,
    0x32, 0x11, 0x33, 0x30, 0x31, 0x01, 0x15, 0x05, 0x35, 0x01, 0x11, 0x21, 0x11, 0x02, 0x53, 0xFD,
    0xCB, 0x01, 0xA7, 0xFE, 0xDE, 0x03, 0xBB, 0xA1, 0xBB, 0xA1, 0x03, 0x00, 0xFA, 0x00, 0x06, 0x00,
    0x00, 0x03, 0x00, 0x81, 0xFE, 0x4B, 0x05, 0x22, 0x05, 0xB0, 0x00, 0x03, 0x00, 0x07, 0x00, 0x19,
    0x00, 0x1D, 0x40, 0x0E, 0x15, 0x0E, 0x06, 0x07, 0x07, 0x03, 0x08, 0x72, 0x09, 0x05, 0x04, 0x00,
    0x02, 0x72, 0x00, 0x2B, 0x32, 0x32, 0x32, 0x2B, 0x32, 0x11, 0x33, 0x2F, 0x33, 0x30, 0x31, 0x13,
    0x21, 0x11, 0x21, 0x13, 0x37, 0x01, 0x07, 0x11, 0x21, 0x11, 0x14, 0x06, 0x06, 0x23, 0x22, 0x26,
    0x27, 0x37, 0x16, 0x16, 0x33, 0x32, 0x36, 0x36, 0x35, 0x81, 0x01, 0x2C, 0xFE, 0xD4, 0x59, 0xD3,
    0x03, 0x1E, 0xD5, 0x01, 0x2C, 0x5D, 0xAE, 0x79, 0x27, 0x46, 0x27, 0x0E, 0x17, 0x2E, 0x1E, 0x28,
    0x37, 0x1C, 0x05, 0xB0, 0xFA, 0x50, 0x05, 0x39, 0x77, 0xFA, 0xC7, 0x77, 0x05, 0xB0, 0xFA, 0x30,
    0x83, 0xB4, 0x5E, 0x07, 0x0A, 0xE5, 0x06, 0x05, 0x26, 0x4D, 0x37, 0x00, 0x00, 0x02, 0x00, 0x6C,
    0xFE, 0x4B, 0x04, 0x17, 0x04, 0x4E, 0x00, 0x04, 0x00, 0x2A, 0x00, 0x19, 0x40, 0x0E, 0x1C, 0x15,
    0x0F, 0x72, 0x26, 0x0B, 0x07, 0x72, 0x03, 0x06, 0x72, 0x02, 0x0A, 0x72, 0x00, 0x2B, 0x2B, 0x2B,
    0x32, 0x2B, 0x32, 0x30, 0x31, 0x01, 0x11, 0x21, 0x11, 0x21, 0x03, 0x07, 0x34, 0x3E, 0x02, 0x33,
    0x32, 0x1E, 0x02, 0x15, 0x11, 0x14, 0x06, 0x06, 0x23, 0x22, 0x26, 0x27, 0x37, 0x16, 0x16, 0x33,
    0x32, 0x36, 0x36, 0x35, 0x11, 0x34, 0x2E, 0x02, 0x23, 0x22, 0x0E, 0x02, 0x01, 0x8C, 0xFE, 0xE0,
    0x01, 0x0D, 0x28, 0x28, 0x39, 0x6A, 0x94, 0x5C, 0x4E, 0x7F, 0x5C, 0x32, 0x5C, 0xAB, 0x77, 0x26,
    0x44, 0x27, 0x0E, 0x17, 0x31, 0x1C, 0x28, 0x37, 0x1D, 0x16, 0x2B, 0x3C, 0x27, 0x41, 0x60, 0x40,
    0x20, 0x03, 0x53, 0xFC, 0xAD, 0x04, 0x3A, 0xFE, 0x07, 0x02, 0x73, 0xC0, 0x8E, 0x4E, 0x31, 0x68,
    0xA9, 0x77, 0xFD, 0x44, 0x80, 0xB2, 0x5C, 0x07, 0x0A, 0xDF, 0x06, 0x06, 0x26, 0x4D, 0x37, 0x02,
    0xBC, 0x3C, 0x54, 0x31, 0x16, 0x2E, 0x51, 0x6D, 0x00, 0x05, 0x00, 0x61, 0xFF, 0xEC, 0x07, 0x58,
    0x05, 0xC4, 0x00, 0x23, 0x00, 0x27, 0x00, 0x2B, 0x00, 0x2F, 0x00, 0x33, 0x00, 0x33, 0x40, 0x1A,
    0x2F, 0x2E, 0x2E, 0x26, 0x32, 0x28, 0x33, 0x02, 0x72, 0x29, 0x27, 0x26, 0x08, 0x72, 0x15, 0x12,
    0x12, 0x16, 0x19, 0x09, 0x04, 0x07, 0x07, 0x03, 0x00, 0x03, 0x00, 0x3F, 0x32, 0x32, 0x11, 0x33,
    0x3F, 0x33, 0x33, 0x11, 0x33, 0x2B, 0x32, 0x32, 0x2B, 0x32, 0x32, 0x11, 0x39, 0x2F, 0x33, 0x30,
    0x31, 0x01, 0x32, 0x16, 0x17, 0x15, 0x26, 0x26, 0x23, 0x22, 0x0E, 0x02, 0x15, 0x11, 0x14, 0x1E,
    0x02, 0x33, 0x32, 0x36, 0x37, 0x15, 0x06, 0x06, 0x23, 0x22, 0x2E, 0x02, 0x35, 0x11, 0x34, 0x3E,
    0x02, 0x01, 0x15, 0x21, 0x35, 0x13, 0x11, 0x21, 0x11, 0x01, 0x15, 0x21, 0x35, 0x01, 0x15, 0x21,
    0x35, 0x02, 0xBD, 0x4C, 0x94, 0x43, 0x41, 0x94, 0x4E, 0x49, 0x75, 0x53, 0x2B, 0x2C, 0x54, 0x75,
    0x49, 0x4D, 0x94, 0x40, 0x43, 0x92, 0x4C, 0x87, 0xDF, 0xA1, 0x57, 0x57, 0xA0, 0xDE, 0x05, 0x22,
    0xFC, 0xFA, 0x61, 0xFE, 0xD4, 0x03, 0x6D, 0xFD, 0x5E, 0x03, 0x05, 0xFC, 0xFB, 0x05, 0xC4, 0x0C,
    0x08, 0xE8, 0x0B, 0x10, 0x2E, 0x5D, 0x8A, 0x5C, 0xFE, 0xCE, 0x5C, 0x8B, 0x5D, 0x2F, 0x0F, 0x0C,
    0xE8, 0x07, 0x0D, 0x56, 0x9F, 0xDB, 0x84, 0x01, 0x30, 0x84, 0xDB, 0x9F, 0x56, 0xFB, 0x26, 0xEA,
    0xEA, 0x04, 0xC6, 0xFA, 0x50, 0x05, 0xB0, 0xFD, 0xAF, 0xE4, 0xE4, 0x02, 0x51, 0xEB, 0xEB, 0x00,
    0x00, 0x03, 0x00, 0x53, 0xFF, 0xEC, 0x06, 0xEE, 0x04, 0x4F, 0x00, 0x2A, 0x00, 0x40, 0x00, 0x56,
    0x00, 0x27, 0x40, 0x13, 0x24, 0x00, 0x00, 0x47, 0x3C, 0x13, 0x12, 0x12, 0x3C, 0x52, 0x19, 0x0B,
    0x0B, 0x31, 0x07, 0x72, 0x3C, 0x0B, 0x72, 0x00, 0x2B, 0x2B, 0x32, 0x11, 0x33, 0x32, 0x11, 0x39,
    0x2F, 0x33, 0x11, 0x33, 0x33, 0x11, 0x33, 0x30, 0x31, 0x05, 0x22, 0x2E, 0x02, 0x35, 0x35, 0x34,
    0x3E, 0x02, 0x17, 0x32, 0x1E, 0x02, 0x15, 0x15, 0x21, 0x35, 0x21, 0x35, 0x34, 0x26, 0x26, 0x23,
    0x22, 0x0E, 0x02, 0x15, 0x15, 0x14, 0x1E, 0x02, 0x33, 0x32, 0x36, 0x37, 0x17, 0x06, 0x06, 0x01,
    0x35, 0x34, 0x3E, 0x02, 0x33, 0x32, 0x1E, 0x02, 0x15, 0x15, 0x14, 0x0E, 0x02, 0x23, 0x22, 0x2E,
    0x02, 0x25, 0x15, 0x14, 0x1E, 0x02, 0x33, 0x32, 0x3E, 0x02, 0x35, 0x35, 0x34, 0x2E, 0x02, 0x23,
    0x22, 0x0E, 0x02, 0x05, 0x3A, 0x76, 0xBE, 0x86, 0x47, 0x43, 0x7E, 0xB6, 0x71, 0x6F, 0xAC, 0x75,
    0x3D, 0xFC, 0xC6, 0x02, 0x1E, 0x25, 0x4D, 0x3F, 0x35, 0x4C, 0x30, 0x16, 0x1F, 0x40, 0x60, 0x41,
    0x6B, 0x85, 0x3E, 0x4D, 0x3B, 0xD3, 0xFA, 0x8C, 0x43, 0x83, 0xBC, 0x7B, 0x7C, 0xBE, 0x82, 0x43,
    0x43, 0x81, 0xBE, 0x7B, 0x7B, 0xBE, 0x83, 0x43, 0x01, 0x20, 0x18, 0x34, 0x55, 0x3E, 0x3D, 0x55,
    0x34, 0x17, 0x17, 0x35, 0x56, 0x3D, 0x3D, 0x54, 0x34, 0x18, 0x14, 0x50, 0x90, 0xC1, 0x71, 0x28,
    0x77, 0xC9, 0x96, 0x53, 0x01, 0x45, 0x80, 0xB4, 0x6E, 0xA0, 0xC0, 0x1A, 0x3C, 0x5C, 0x34, 0x34,
    0x5A, 0x77, 0x42, 0x28, 0x3E, 0x6E, 0x55, 0x30, 0x2F, 0x21, 0xB4, 0x2F, 0x4E, 0x02, 0x26, 0x15,
    0x77, 0xC9, 0x94, 0x53, 0x53, 0x94, 0xC9, 0x77, 0x15, 0x76, 0xC9, 0x95, 0x52, 0x52, 0x95, 0xC9,
    0x8B, 0x15, 0x44, 0x76, 0x59, 0x32, 0x32, 0x59, 0x76, 0x44, 0x15, 0x42, 0x75, 0x5B, 0x34, 0x34,
    0x5B, 0x75, 0x00, 0x01, 0x00, 0x74, 0x00, 0x00, 0x02, 0xA3, 0x06, 0x15, 0x00, 0x11, 0x00, 0x0E,
    0xB6, 0x0D, 0x06, 0x01, 0x72, 0x01, 0x0A, 0x72, 0x00, 0x2B, 0x2B, 0x32, 0x30, 0x31, 0x21, 0x21,
    0x11, 0x34, 0x36, 0x36, 0x33, 0x32, 0x16, 0x17, 0x07, 0x26, 0x26, 0x23, 0x22, 0x06, 0x06, 0x15,
    0x01, 0x94, 0xFE, 0xE0, 0x5F, 0xB3, 0x7D, 0x29, 0x4E, 0x29, 0x18, 0x16, 0x2C, 0x21, 0x2F, 0x42,
    0x23, 0x04, 0x9A, 0x7B, 0xA9, 0x57, 0x0C, 0x09, 0xD7, 0x05, 0x06, 0x24, 0x45, 0x31, 0x00, 0x01,
    0x00, 0x4D, 0xFF, 0xEB, 0x05, 0x30, 0x05, 0xC5, 0x00, 0x2C, 0x00, 0x1B, 0x40, 0x0D, 0x0F, 0x00,
    0x06, 0x09, 0x09, 0x00, 0x1A, 0x22, 0x03, 0x72, 0x00, 0x09, 0x72, 0x00, 0x2B, 0x2B, 0x32, 0x11,
    0x39, 0x2F, 0x33, 0x11, 0x33, 0x30, 0x31, 0x05, 0x22, 0x2E, 0x02, 0x35, 0x35, 0x21, 0x15, 0x21,
    0x15, 0x14, 0x1E, 0x02, 0x33, 0x32, 0x3E, 0x02, 0x35, 0x35, 0x34, 0x2E, 0x02, 0x23, 0x22, 0x06,
    0x07, 0x27, 0x3E, 0x02, 0x33, 0x32, 0x04, 0x16, 0x16, 0x15, 0x15, 0x14, 0x0E, 0x02, 0x02, 0xC0,
    0x99, 0xEB, 0x9E, 0x51, 0x04, 0x08, 0xFD, 0x23, 0x24, 0x4D, 0x7E, 0x59, 0x51, 0x7A, 0x52, 0x29,
    0x2B, 0x5F, 0x9B, 0x72, 0x86, 0xC6, 0x3B, 0x30, 0x17, 0x86, 0xBE, 0x6C, 0xA9, 0x01, 0x02, 0xAE,
    0x58, 0x5F, 0xA9, 0xE4, 0x15, 0x60, 0xB2, 0xFC, 0x9C, 0xA0, 0xEB, 0x20, 0x43, 0x75, 0x58, 0x32,
    0x42, 0x73, 0x99, 0x57, 0x92, 0x58, 0x99, 0x75, 0x42, 0x2C, 0x16, 0xEE, 0x0C, 0x27, 0x1F, 0x64,
    0xB5, 0xF8, 0x95, 0x92, 0x95, 0xF7, 0xB4, 0x62, 0x00, 0x01, 0xFF, 0xDA, 0xFE, 0x4B, 0x02, 0xE8,
    0x06, 0x15, 0x00, 0x27, 0x00, 0x29, 0x40, 0x15, 0x14, 0x02, 0x02, 0x15, 0x27, 0x06, 0x72, 0x1F,
    0x22, 0x22, 0x1E, 0x1B, 0x01, 0x72, 0x0B, 0x0E, 0x0E, 0x0A, 0x07, 0x0F, 0x72, 0x00, 0x2B, 0x32,
    0x32, 0x11, 0x33, 0x2B, 0x32, 0x32, 0x11, 0x33, 0x2B, 0x32, 0x32, 0x11, 0x33, 0x30, 0x31, 0x01,
    0x15, 0x23, 0x11, 0x14, 0x06, 0x06, 0x23, 0x22, 0x26, 0x27, 0x37, 0x16, 0x16, 0x33, 0x32, 0x36,
    0x36, 0x35, 0x11, 0x23, 0x35, 0x33, 0x35, 0x34, 0x36, 0x36, 0x33, 0x32, 0x16, 0x17, 0x07, 0x26,
    0x26, 0x23, 0x22, 0x06, 0x06, 0x15, 0x15, 0x02, 0xAC, 0xD3, 0x58, 0xA4, 0x72, 0x27, 0x43, 0x27,
    0x0F, 0x0F, 0x3A, 0x12, 0x2C, 0x33, 0x16, 0xA2, 0xA2, 0x5F, 0xB2, 0x7E, 0x28, 0x4F, 0x29, 0x19,
    0x15, 0x2E, 0x21, 0x2F, 0x41, 0x22, 0x04, 0x3A, 0xCC, 0xFC, 0x5E, 0x7D, 0xAB, 0x59, 0x07, 0x0A,
    0xDD, 0x05, 0x08, 0x25, 0x47, 0x34, 0x03, 0xA2, 0xCC, 0x60, 0x7B, 0xA9, 0x57, 0x0C, 0x09, 0xD8,
    0x05, 0x05, 0x23, 0x44, 0x31, 0x60, 0x00, 0x03, 0x00, 0x52, 0xFF, 0xEC, 0x05, 0xBE, 0x06, 0x20,
    0x00, 0x09, 0x00, 0x21, 0x00, 0x39, 0x00, 0x1D, 0x40, 0x0E, 0x05, 0x06, 0x06, 0x29, 0x29, 0x00,
    0x00, 0x1C, 0x03, 0x72, 0x35, 0x10, 0x09, 0x72, 0x00, 0x2B, 0x32, 0x2B, 0x32, 0x2F, 0x32, 0x11,
    0x39, 0x11, 0x33, 0x30, 0x31, 0x01, 0x33, 0x14, 0x06, 0x06, 0x23, 0x35, 0x32, 0x36, 0x36, 0x13,
    0x15, 0x14, 0x02, 0x06, 0x06, 0x23, 0x22, 0x2E, 0x03, 0x35, 0x35, 0x34, 0x12, 0x36, 0x36, 0x33,
    0x32, 0x1E, 0x03, 0x05, 0x35, 0x34, 0x2E, 0x03, 0x23, 0x22, 0x0E, 0x02, 0x15, 0x15, 0x14, 0x1E,
    0x03, 0x33, 0x32, 0x3E, 0x02, 0x04, 0xFD, 0xC1, 0x4F, 0xA4, 0x81, 0x47, 0x4E, 0x1E, 0x2D, 0x59,
    0xA5, 0xE3, 0x89, 0x6D, 0xBF, 0x99, 0x6E, 0x3B, 0x5B, 0xA5, 0xE3, 0x89, 0x6D, 0xBF, 0x99, 0x6D,
    0x3A, 0xFE, 0xD1, 0x1B, 0x35, 0x4D, 0x63, 0x3D, 0x4C, 0x76, 0x51, 0x2A, 0x1B, 0x35, 0x4D, 0x65,
    0x3D, 0x4C, 0x75, 0x51, 0x29, 0x06, 0x20, 0x8C, 0xC4, 0x68, 0x9B, 0x44, 0x80, 0xFD, 0x33, 0x45,
    0xA6, 0xFE, 0xF8, 0xB9, 0x62, 0x3F, 0x79, 0xAE, 0xDE, 0x85, 0x45, 0xA7, 0x01, 0x07, 0xBA, 0x62,
    0x3F, 0x79, 0xAE, 0xDE, 0xCB, 0x47, 0x5C, 0x96, 0x72, 0x4D, 0x28, 0x3D, 0x78, 0xB0, 0x74, 0x47,
    0x5C, 0x96, 0x73, 0x4E, 0x28, 0x3E, 0x79, 0xB1, 0x00, 0x03, 0x00, 0x40, 0xFF, 0xEC, 0x04, 0xB5,
    0x04, 0xA1, 0x00, 0x09, 0x00, 0x1F, 0x00, 0x35, 0x00, 0x15, 0x40, 0x0A, 0x26, 0x1B, 0x0B, 0x72,
    0x31, 0x00, 0x00, 0x10, 0x07, 0x72, 0x00, 0x2B, 0x32, 0x2F, 0x32, 0x2B, 0x32, 0x30, 0x31, 0x01,
    0x33, 0x14, 0x06, 0x06, 0x23, 0x35, 0x32, 0x36, 0x36, 0x01, 0x35, 0x34, 0x3E, 0x02, 0x33, 0x32,
    0x1E, 0x02, 0x15, 0x15, 0x14, 0x0E, 0x02, 0x23, 0x22, 0x2E, 0x02, 0x25, 0x15, 0x14, 0x1E, 0x02,
    0x33, 0x32, 0x3E, 0x02, 0x35, 0x35, 0x34, 0x2E, 0x02, 0x23, 0x22, 0x0E, 0x02, 0x04, 0x09, 0xAC,
    0x49, 0x9D, 0x7E, 0x4B, 0x4F, 0x1E, 0xFC, 0x37, 0x44, 0x83, 0xBE, 0x7B, 0x7B, 0xBF, 0x83, 0x44,
    0x44, 0x83, 0xBE, 0x7A, 0x7B, 0xC0, 0x83, 0x44, 0x01, 0x20, 0x19, 0x35, 0x56, 0x3E, 0x3C, 0x55,
    0x34, 0x19, 0x18, 0x35, 0x56, 0x3D, 0x3D, 0x55, 0x35, 0x19, 0x04, 0xA1, 0x78, 0xAB, 0x5B, 0x7A,
    0x40, 0x74, 0xFD, 0xC1, 0x15, 0x77, 0xC9, 0x94, 0x53, 0x53, 0x94, 0xC9, 0x77, 0x15, 0x76, 0xC9,
    0x95, 0x52, 0x52, 0x95, 0xC9, 0x8B, 0x15, 0x44, 0x76, 0x59, 0x32, 0x32, 0x59, 0x76, 0x44, 0x15,
    0x42, 0x75, 0x5B, 0x34, 0x34, 0x5B, 0x75, 0x00, 0x00, 0x02, 0x00, 0x75, 0xFF, 0xEC, 0x06, 0x53,
    0x06, 0x01, 0x00, 0x09, 0x00, 0x1F, 0x00, 0x19, 0x40, 0x0C, 0x05, 0x0A, 0x0A, 0x00, 0x00, 0x15,
    0x02, 0x72, 0x1B, 0x10, 0x09, 0x72, 0x00, 0x2B, 0x32, 0x2B, 0x32, 0x2F, 0x32, 0x11, 0x33, 0x30,
    0x31, 0x01, 0x33, 0x14, 0x06, 0x06, 0x23, 0x35, 0x32, 0x36, 0x36, 0x25, 0x21, 0x11, 0x14, 0x06,
    0x06, 0x23, 0x22, 0x26, 0x26, 0x35, 0x11, 0x21, 0x11, 0x14, 0x16, 0x16, 0x33, 0x32, 0x36, 0x36,
    0x35, 0x05, 0x95, 0xBE, 0x4C, 0xB9, 0xA3, 0x6A, 0x64, 0x1C, 0xFE, 0x11, 0x01, 0x2B, 0x8F, 0xFB,
    0xA3, 0xA3, 0xFD, 0x8F, 0x01, 0x2C, 0x3E, 0x75, 0x50, 0x52, 0x73, 0x3D, 0x06, 0x01, 0x93, 0xCF,
    0x6D, 0x9B, 0x49, 0x8A, 0x10, 0xFC, 0x3E, 0xA8, 0xE6, 0x74, 0x74, 0xE6, 0xA8, 0x03, 0xC2, 0xFC,
    0x3E, 0x62, 0x7C, 0x3A, 0x3A, 0x7C, 0x62, 0x00, 0x00, 0x03, 0x00, 0x68, 0xFF, 0xEC, 0x05, 0x35,
    0x04, 0x99, 0x00, 0x09, 0x00, 0x0E, 0x00, 0x25, 0x00, 0x1D, 0x40, 0x0E, 0x05, 0x0B, 0x0B, 0x00,
    0x00, 0x1B, 0x06, 0x72, 0x22, 0x0E, 0x0E, 0x15, 0x0B, 0x72, 0x00, 0x2B, 0x32, 0x2F, 0x32, 0x2B,
    0x32, 0x2F, 0x32, 0x11, 0x33, 0x30, 0x31, 0x01, 0x33, 0x14, 0x06, 0x06, 0x23, 0x37, 0x32, 0x36,
    0x36, 0x01, 0x11, 0x21, 0x11, 0x21, 0x13, 0x37, 0x14, 0x0E, 0x02, 0x23, 0x22, 0x2E, 0x02, 0x35,
    0x11, 0x21, 0x11, 0x14, 0x1E, 0x02, 0x33, 0x32, 0x36, 0x36, 0x04, 0x8A, 0xAB, 0x48, 0xA9, 0x94,
    0x01, 0x61, 0x5D, 0x1B, 0xFE, 0x66, 0x01, 0x20, 0xFE, 0xF1, 0x0F, 0x55, 0x32, 0x64, 0x98, 0x67,
    0x4F, 0x85, 0x5F, 0x35, 0x01, 0x20, 0x17, 0x2A, 0x39, 0x23, 0x59, 0x67, 0x2B, 0x04, 0x99, 0x7B,
    0xA6, 0x55, 0x86, 0x34, 0x6B, 0xFC, 0xBB, 0x03, 0x37, 0xFB, 0xC6, 0x01, 0xE1, 0x02, 0x6C, 0xB9,
    0x87, 0x4B, 0x2D, 0x61, 0x99, 0x6C, 0x02, 0xBB, 0xFD, 0x43, 0x30, 0x42, 0x2A, 0x12, 0x48, 0x7D,
    0x00, 0x01, 0xFF, 0xA8, 0xFE, 0x4B, 0x01, 0xB7, 0x04, 0x3A, 0x00, 0x11, 0x00, 0x0E, 0xB6, 0x0D,
    0x06, 0x0F, 0x72, 0x01, 0x06, 0x72, 0x00, 0x2B, 0x2B, 0x32, 0x30, 0x31, 0x13, 0x21, 0x11, 0x14,
    0x06, 0x06, 0x23, 0x22, 0x26, 0x27, 0x37, 0x16, 0x16, 0x33, 0x32, 0x36, 0x36, 0x35, 0x97, 0x01,
    0x20, 0x5C, 0xAB, 0x76, 0x27, 0x44, 0x27, 0x0F, 0x17, 0x30, 0x1C, 0x27, 0x38, 0x1E, 0x04, 0x3A,
    0xFB, 0x9F, 0x80, 0xB2, 0x5C, 0x07, 0x0A, 0xDD, 0x06, 0x07, 0x28, 0x4E, 0x37, 0x00, 0x00, 0x01,
    0x00, 0x4D, 0xFF, 0xEC, 0x04, 0x01, 0x04, 0x4F, 0x00, 0x2A, 0x00, 0x19, 0x40, 0x0C, 0x11, 0x14,
    0x14, 0x00, 0x19, 0x0B, 0x0B, 0x72, 0x24, 0x00, 0x07, 0x72, 0x00, 0x2B, 0x32, 0x2B, 0x32, 0x12,
    0x39, 0x2F, 0x33, 0x30, 0x31, 0x01, 0x32, 0x1E, 0x02, 0x15, 0x15, 0x14, 0x0E, 0x02, 0x27, 0x22,
    0x2E, 0x02, 0x35, 0x35, 0x21, 0x15, 0x21, 0x15, 0x14, 0x16, 0x16, 0x33, 0x32, 0x3E, 0x02, 0x35,
    0x35, 0x34, 0x2E, 0x02, 0x23, 0x22, 0x06, 0x07, 0x27, 0x36, 0x36, 0x02, 0x00, 0x77, 0xBE, 0x85,
    0x47, 0x43, 0x7E, 0xB5, 0x72, 0x6F, 0xAB, 0x76, 0x3C, 0x03, 0x3A, 0xFD, 0xE1, 0x25, 0x4F, 0x3D,
    0x36, 0x4B, 0x30, 0x17, 0x20, 0x3F, 0x60, 0x41, 0x6C, 0x84, 0x3E, 0x4E, 0x3C, 0xD3, 0x04, 0x4F,
    0x50, 0x90, 0xC1, 0x71, 0x28, 0x76, 0xCA, 0x96, 0x53, 0x01, 0x45, 0x80, 0xB4, 0x6E, 0xA0, 0xC0,
    0x1A, 0x3B, 0x5D, 0x34, 0x34, 0x5A, 0x77, 0x42, 0x28, 0x3E, 0x6E, 0x54, 0x31, 0x2E, 0x22, 0xB4,
    0x2F, 0x4E, 0x00, 0x01, 0x00, 0x79, 0x04, 0xDE, 0x03, 0x77, 0x06, 0x00, 0x00, 0x08, 0x00, 0x14,
    0xB7, 0x07, 0x05, 0x05, 0x04, 0x01, 0x03, 0x80, 0x08, 0x00, 0x2F, 0x1A, 0xCD, 0x32, 0x39, 0x32,
    0x11, 0x33, 0x30, 0x31, 0x01, 0x01, 0x15, 0x23, 0x27, 0x07, 0x23, 0x35, 0x01, 0x02, 0x49, 0x01,
    0x2E, 0xE5, 0x9D, 0x9B, 0xE1, 0x01, 0x29, 0x06, 0x00, 0xFE, 0xEA, 0x0C, 0x92, 0x92, 0x0F, 0x01,
    0x13, 0x00, 0x00, 0x01, 0x00, 0x54, 0x04, 0xDE, 0x03, 0x68, 0x06, 0x00, 0x00, 0x08, 0x00, 0x12,
    0xB6, 0x01, 0x06, 0x80, 0x07, 0x04, 0x02, 0x00, 0x00, 0x2F, 0x32, 0x32, 0x32, 0x1A, 0xCD, 0x39,
    0x30, 0x31, 0x01, 0x17, 0x37, 0x33, 0x15, 0x01, 0x23, 0x01, 0x35, 0x01, 0x4A, 0x94, 0x94, 0xF6,
    0xFE, 0xD2, 0xB7, 0xFE, 0xD1, 0x06, 0x00, 0x91, 0x91, 0x0A, 0xFE, 0xE8, 0x01, 0x19, 0x09, 0x00,
    0xFF, 0xFF, 0x00, 0xA9, 0x05, 0x0B, 0x03, 0x57, 0x05, 0xAE, 0x02, 0x06, 0x00, 0x70, 0x00, 0x00,
    0x00, 0x01, 0x00, 0x6A, 0x04, 0xCE, 0x03, 0x21, 0x05, 0xF4, 0x00, 0x0E, 0x00, 0x10, 0xB5, 0x01,
    0x01, 0x09, 0x80, 0x0C, 0x05, 0x00, 0x2F, 0x33, 0x1A, 0xCC, 0x32, 0x2F, 0x30, 0x31, 0x01, 0x33,
    0x14, 0x06, 0x06, 0x23, 0x22, 0x26, 0x35, 0x33, 0x14, 0x16, 0x33, 0x32, 0x36, 0x02, 0x54, 0xCD,
    0x55, 0x9C, 0x6A, 0xA1, 0xBB, 0xCC, 0x41, 0x4F, 0x4E, 0x40, 0x05, 0xF4, 0x56, 0x85, 0x4B, 0xA4,
    0x82, 0x34, 0x52, 0x52, 0x00, 0x01, 0x00, 0x76, 0x04, 0xDA, 0x01, 0x9E, 0x05, 0xE5, 0x00, 0x0B,
    0x00, 0x09, 0xB2, 0x03, 0x09, 0x10, 0x00, 0x3F, 0x33, 0x30, 0x31, 0x13, 0x34, 0x36, 0x33, 0x32,
    0x16, 0x15, 0x14, 0x06, 0x23, 0x22, 0x26, 0x76, 0x51, 0x43, 0x43, 0x51, 0x51, 0x43, 0x43, 0x51,
    0x05, 0x5F, 0x3A, 0x4C, 0x4C, 0x3A, 0x3A, 0x4B, 0x4B, 0x00, 0x00, 0x02, 0x00, 0x78, 0x04, 0x6A,
    0x02, 0x33, 0x06, 0x00, 0x00, 0x0D, 0x00, 0x19, 0x00, 0x0E, 0xB4, 0x17, 0x04, 0x80, 0x11, 0x0B,
    0x00, 0x2F, 0x33, 0x1A, 0xCC, 0x32, 0x30, 0x31, 0x13, 0x34, 0x36, 0x36, 0x33, 0x32, 0x16, 0x15,
    0x14, 0x06, 0x06, 0x23, 0x22, 0x26, 0x37, 0x14, 0x16, 0x33, 0x32, 0x36, 0x35, 0x34, 0x26, 0x23,
    0x22, 0x06, 0x78, 0x39, 0x64, 0x40, 0x5F, 0x7F, 0x3A, 0x64, 0x40, 0x5F, 0x7E, 0x72, 0x3A, 0x31,
    0x31, 0x3B, 0x3B, 0x31, 0x31, 0x3A, 0x05, 0x33, 0x38, 0x5D, 0x38, 0x79, 0x54, 0x38, 0x5B, 0x36,
    0x75, 0x54, 0x2B, 0x40, 0x3F, 0x2C, 0x2D, 0x41, 0x41, 0x00, 0x00, 0x01, 0x00, 0x22, 0xFE, 0x5A,
    0x01, 0xA9, 0x00, 0x3B, 0x00, 0x15, 0x00, 0x0E, 0xB4, 0x08, 0x0F, 0x80, 0x01, 0x00, 0x00, 0x2F,
    0x32, 0x1A, 0xCC, 0x32, 0x30, 0x31, 0x37, 0x17, 0x0E, 0x02, 0x15, 0x14, 0x16, 0x33, 0x32, 0x36,
    0x37, 0x17, 0x06, 0x06, 0x23, 0x22, 0x26, 0x35, 0x34, 0x36, 0x36, 0xFD, 0x96, 0x32, 0x45, 0x23,
    0x1E, 0x24, 0x1C, 0x25, 0x0E, 0x1F, 0x19, 0x4F, 0x3D, 0x5E, 0x84, 0x28, 0x60, 0x3B, 0x3B, 0x1D,
    0x36, 0x3D, 0x25, 0x1C, 0x25, 0x0E, 0x07, 0x99, 0x0F, 0x1D, 0x69, 0x65, 0x33, 0x61, 0x59, 0x00,
    0x00, 0x01, 0x00, 0x74, 0x04, 0xE1, 0x03, 0x64, 0x05, 0xFD, 0x00, 0x19, 0x00, 0x27, 0x40, 0x13,
    0x00, 0x00, 0x01, 0x01, 0x0A, 0x12, 0x40, 0x0F, 0x1A, 0x48, 0x12, 0x05, 0x80, 0x0D, 0x0D, 0x0E,
    0x0E, 0x17, 0x05, 0x00, 0x2F, 0x33, 0x33, 0x2F, 0x33, 0x2F, 0x1A, 0x10, 0xCD, 0x2B, 0x32, 0x32,
    0x2F, 0x33, 0x2F, 0x30, 0x31, 0x01, 0x17, 0x14, 0x06, 0x06, 0x23, 0x22, 0x2E, 0x02, 0x23, 0x22,
    0x06, 0x15, 0x27, 0x34, 0x36, 0x36, 0x33, 0x32, 0x1E, 0x02, 0x33, 0x32, 0x36, 0x02, 0xBE, 0xA6,
    0x3A, 0x66, 0x42, 0x30, 0x45, 0x3A, 0x3D, 0x27, 0x23, 0x31, 0xA7, 0x3A, 0x66, 0x41, 0x29, 0x44,
    0x3F, 0x42, 0x25, 0x23, 0x33, 0x05, 0xFD, 0x0B, 0x49, 0x77, 0x47, 0x1A, 0x23, 0x1A, 0x32, 0x2F,
    0x09, 0x48, 0x78, 0x49, 0x1B, 0x22, 0x1A, 0x33, 0x00, 0x02, 0x00, 0x3A, 0x04, 0xD2, 0x03, 0x7E,
    0x05, 0xFF, 0x00, 0x03, 0x00, 0x07, 0x00, 0x0E, 0xB4, 0x01, 0x05, 0x80, 0x00, 0x04, 0x00, 0x2F,
    0x33, 0x1A, 0xCD, 0x32, 0x30, 0x31, 0x01, 0x13, 0x21, 0x01, 0x21, 0x13, 0x33, 0x03, 0x01, 0x9C,
    0xE2, 0x01, 0x00, 0xFE, 0xF5, 0xFD, 0xC7, 0xBD, 0xFD, 0xE7, 0x04, 0xD2, 0x01, 0x2D, 0xFE, 0xD3,
    0x01, 0x2D, 0xFE, 0xD3, 0x00, 0x02, 0x00, 0x92, 0xFE, 0x71, 0x02, 0x05, 0xFF, 0xC4, 0x00, 0x0B,
    0x00, 0x17, 0x00, 0x0E, 0xB4, 0x0F, 0x09, 0x80, 0x15, 0x03, 0x00, 0x2F, 0x33, 0x1A, 0xCC, 0x32,
    0x30, 0x31, 0x17, 0x34, 0x36, 0x33, 0x32, 0x16, 0x15, 0x14, 0x06, 0x23, 0x22, 0x26, 0x37, 0x14,
    0x16, 0x33, 0x32, 0x36, 0x35, 0x34, 0x26, 0x23, 0x22, 0x06, 0x92, 0x6D, 0x4F, 0x4D, 0x6A, 0x6A,
    0x4D, 0x4F, 0x6D, 0x71, 0x2B, 0x20, 0x1E, 0x28, 0x28, 0x1E, 0x20, 0x2B, 0xE7, 0x4A, 0x61, 0x61,
    0x4A, 0x49, 0x5F, 0x5F, 0x49, 0x20, 0x2A, 0x2A, 0x20, 0x22, 0x2B, 0x2B, 0x00, 0x01, 0xFC, 0x82,
    0x04, 0xCC, 0xFE, 0x81, 0x06, 0x00, 0x00, 0x03, 0x00, 0x0A, 0xB2, 0x03, 0x80, 0x02, 0x00, 0x2F,
    0x1A, 0xCD, 0x30, 0x31, 0x01, 0x13, 0x23, 0x01, 0xFD, 0xBC, 0xC5, 0xEC, 0xFE, 0xED, 0x06, 0x00,
    0xFE, 0xCC, 0x01, 0x34, 0x00, 0x01, 0xFD, 0x58, 0x04, 0xCC, 0xFF, 0x55, 0x06, 0x00, 0x00, 0x03,
    0x00, 0x0A, 0xB2, 0x01, 0x80, 0x00, 0x00, 0x2F, 0x1A, 0xCD, 0x30, 0x31, 0x01, 0x13, 0x21, 0x01,
    0xFD, 0x58, 0xC4, 0x01, 0x39, 0xFE, 0xED, 0x04, 0xCC, 0x01, 0x34, 0xFE, 0xCC, 0x00, 0xFF, 0xFF,
    0xFC, 0x61, 0x04, 0xE1, 0xFF, 0x52, 0x05, 0xFD, 0x00, 0x07, 0x00, 0xA5, 0xFB, 0xEE, 0x00, 0x00,
    0x00, 0x01, 0xFD, 0x1D, 0x04, 0xF1, 0xFE, 0xA1, 0x06, 0x84, 0x00, 0x14, 0x00, 0x10, 0xB5, 0x14,
    0x02, 0x00, 0x80, 0x0B, 0x0C, 0x00, 0x2F, 0x33, 0x1A, 0xCC, 0x32, 0x32, 0x30, 0x31, 0x01, 0x23,
    0x27, 0x3E, 0x02, 0x35, 0x34, 0x2E, 0x02, 0x23, 0x37, 0x32, 0x1E, 0x02, 0x15, 0x14, 0x06, 0x07,
    0xFE, 0x0A, 0xD9, 0x10, 0x32, 0x3D, 0x1D, 0x15, 0x28, 0x34, 0x1F, 0x07, 0x5D, 0x8F, 0x60, 0x31,
    0x5E, 0x39, 0x04, 0xF1, 0x86, 0x03, 0x0F, 0x1C, 0x15, 0x15, 0x1B, 0x0F, 0x07, 0x84, 0x1A, 0x33,
    0x48, 0x2D, 0x45, 0x43, 0x08, 0x00, 0x00, 0x02, 0xFB, 0xEE, 0x04, 0xE4, 0xFF, 0x54, 0x05, 0xEE,
    0x00, 0x03, 0x00, 0x07, 0x00, 0x0E, 0xB4, 0x07, 0x03, 0x80, 0x04, 0x00, 0x00, 0x2F, 0x32, 0x1A,
    0xCD, 0x32, 0x30, 0x31, 0x01, 0x23, 0x01, 0x21, 0x01, 0x23, 0x03, 0x21, 0xFD, 0xFE, 0xEE, 0xFE,
    0xDE, 0x01, 0x1A, 0x02, 0x4C, 0xEA, 0xF5, 0x01, 0x16, 0x04, 0xE4, 0x01, 0x0A, 0xFE, 0xF6, 0x01,
    0x0A, 0x00, 0x00, 0x01, 0xFD, 0x07, 0xFE, 0x8E, 0xFE, 0x4B, 0xFF, 0x9C, 0x00, 0x0B, 0x00, 0x08,
    0xB1, 0x03, 0x09, 0x00, 0x2F, 0x33, 0x30, 0x31, 0x05, 0x34, 0x36, 0x33, 0x32, 0x16, 0x15, 0x14,
    0x06, 0x23, 0x22, 0x26, 0xFD, 0x07, 0x58, 0x4A, 0x49, 0x59, 0x59, 0x49, 0x4A, 0x58, 0xEB, 0x3A,
    0x4D, 0x4D, 0x3A, 0x39, 0x4E, 0x4E, 0x00, 0x01, 0x00, 0xDE, 0x04, 0xEA, 0x02, 0x2F, 0x06, 0x41,
    0x00, 0x03, 0x00, 0x0A, 0xB2, 0x00, 0x80, 0x01, 0x00, 0x2F, 0x1A, 0xCD, 0x30, 0x31, 0x13, 0x13,
    0x21, 0x03, 0xDE, 0x4B, 0x01, 0x06, 0xA5, 0x04, 0xEA, 0x01, 0x57, 0xFE, 0xA9, 0x00, 0x00, 0x03,
    0x00, 0x6A, 0x04, 0xDB, 0x03, 0xE3, 0x06, 0xD2, 0x00, 0x03, 0x00, 0x0F, 0x00, 0x1B, 0x00, 0x19,
    0x40, 0x0A, 0x13, 0x19, 0x19, 0x0D, 0x01, 0x80, 0x00, 0x00, 0x07, 0x0D, 0x00, 0x2F, 0x33, 0x33,
    0x2F, 0x1A, 0xCD, 0x11, 0x33, 0x11, 0x33, 0x30, 0x31, 0x01, 0x13, 0x21, 0x03, 0x05, 0x34, 0x36,
    0x33, 0x32, 0x16, 0x15, 0x14, 0x06, 0x23, 0x22, 0x26, 0x25, 0x34, 0x36, 0x33, 0x32, 0x16, 0x15,
    0x14, 0x06, 0x23, 0x22, 0x26, 0x01, 0xD3, 0x28, 0x01, 0x03, 0x9A, 0xFE, 0x06, 0x4E, 0x3B, 0x3B,
    0x4F, 0x4F, 0x3B, 0x3B, 0x4E, 0x02, 0x65, 0x4F, 0x3B, 0x3B, 0x4F, 0x4F, 0x3B, 0x3B, 0x4F, 0x05,
    0x8B, 0x01, 0x47, 0xFE, 0xB9, 0x34, 0x34, 0x49, 0x49, 0x34, 0x34, 0x48, 0x48, 0x33, 0x35, 0x48,
    0x48, 0x35, 0x34, 0x47, 0x47, 0x00, 0xFF, 0xFF, 0x00, 0x8D, 0x02, 0x26, 0x01, 0xD4, 0x03, 0x52,
    0x02, 0x06, 0x00, 0x78, 0x00, 0x00, 0x00, 0x01, 0x00, 0x83, 0x00, 0x00, 0x04, 0x3E, 0x05, 0xB0,
    0x00, 0x05, 0x00, 0x0E, 0xB6, 0x02, 0x05, 0x02, 0x72, 0x04, 0x08, 0x72, 0x00, 0x2B, 0x2B, 0x32,
    0x30, 0x31, 0x01, 0x15, 0x21, 0x11, 0x21, 0x11, 0x04, 0x3E, 0xFD, 0x70, 0xFE, 0xD5, 0x05, 0xB0,
    0xEB, 0xFB, 0x3B, 0x05, 0xB0, 0x00, 0x00, 0x03, 0x00, 0x16, 0x00, 0x00, 0x05, 0xD0, 0x05, 0xB0,
    0x00, 0x04, 0x00, 0x09, 0x00, 0x0D, 0x00, 0x1B, 0x40, 0x0D, 0x06, 0x02, 0x07, 0x03, 0x02, 0x72,
    0x0D, 0x0C, 0x0C, 0x05, 0x02, 0x12, 0x72, 0x00, 0x2B, 0x32, 0x32, 0x11, 0x33, 0x2B, 0x32, 0x12,
    0x39, 0x30, 0x31, 0x01, 0x01, 0x21, 0x01, 0x33, 0x01, 0x01, 0x37, 0x33, 0x01, 0x25, 0x15, 0x21,
    0x35, 0x03, 0x48, 0xFE, 0x08, 0xFE, 0xC6, 0x02, 0x43, 0xA5, 0x01, 0x97, 0xFE, 0x0A, 0x4D, 0xA6,
    0x02, 0x3E, 0xFE, 0xE5, 0xFC, 0x53, 0x05, 0x34, 0xFA, 0xCC, 0x05, 0xB0, 0xFA, 0x50, 0x05, 0x3D,
    0x73, 0xFA, 0x50, 0xEA, 0xEA, 0xEA, 0x00, 0x03, 0x00, 0x53, 0xFF, 0xEC, 0x05, 0x2B, 0x05, 0xC4,
    0x00, 0x03, 0x00, 0x1B, 0x00, 0x33, 0x00, 0x1B, 0x40, 0x0D, 0x2F, 0x0A, 0x03, 0x02, 0x02, 0x0A,
    0x23, 0x16, 0x03, 0x72, 0x0A, 0x09, 0x72, 0x00, 0x2B, 0x2B, 0x32, 0x11, 0x39, 0x2F, 0x33, 0x11,
    0x33, 0x30, 0x31, 0x01, 0x15, 0x21, 0x35, 0x05, 0x15, 0x14, 0x02, 0x06, 0x06, 0x23, 0x22, 0x2E,
    0x03, 0x35, 0x35, 0x34, 0x12, 0x36, 0x36, 0x33, 0x32, 0x1E, 0x03, 0x05, 0x35, 0x34, 0x2E, 0x03,
    0x23, 0x22, 0x0E, 0x02, 0x15, 0x15, 0x14, 0x1E, 0x03, 0x33, 0x32, 0x3E, 0x02, 0x03, 0x83, 0xFE,
    0x84, 0x03, 0x24, 0x59, 0xA6, 0xE2, 0x8A, 0x6D, 0xBF, 0x99, 0x6E, 0x3A, 0x5A, 0xA5, 0xE3, 0x89,
    0x6E, 0xBE, 0x9A, 0x6D, 0x3A, 0xFE, 0xD1, 0x1B, 0x35, 0x4D, 0x64, 0x3D, 0x4C, 0x75, 0x51, 0x2A,
    0x1B, 0x35, 0x4D, 0x64, 0x3D, 0x4C, 0x75, 0x51, 0x2A, 0x03, 0x44, 0xE0, 0xE0, 0x4A, 0x45, 0xA6,
    0xFE, 0xF8, 0xB9, 0x62, 0x3F, 0x79, 0xAE, 0xDE, 0x85, 0x45, 0xA7, 0x01, 0x07, 0xBA, 0x62, 0x3F,
    0x79, 0xAE, 0xDE, 0xCB, 0x47, 0x5C, 0x96, 0x72, 0x4D, 0x28, 0x3D, 0x78, 0xB0, 0x74, 0x47, 0x5C,
    0x96, 0x73, 0x4E, 0x28, 0x3E, 0x79, 0xB1, 0x00, 0x00, 0x02, 0x00, 0x11, 0x00, 0x00, 0x05, 0x1A,
    0x05, 0xB0, 0x00, 0x04, 0x00, 0x09, 0x00, 0x17, 0x40, 0x0B, 0x06, 0x00, 0x02, 0x07, 0x03, 0x02,
    0x72, 0x05, 0x02, 0x08, 0x72, 0x00, 0x2B, 0x32, 0x2B, 0x32, 0x12, 0x39, 0x39, 0x30, 0x31, 0x01,
    0x01, 0x21, 0x01, 0x33, 0x01, 0x01, 0x03, 0x33, 0x01, 0x02, 0xB7, 0xFE, 0x9D, 0xFE, 0xBD, 0x01,
    0xE7, 0xDA, 0x01, 0x04, 0xFE, 0x9C, 0x1A, 0xDA, 0x01, 0xE8, 0x04, 0x96, 0xFB, 0x6A, 0x05, 0xB0,
    0xFA, 0x50, 0x04, 0x9A, 0x01, 0x16, 0xFA, 0x50, 0x00, 0x03, 0x00, 0x5E, 0x00, 0x00, 0x04, 0x38,
    0x05, 0xB0, 0x00, 0x03, 0x00, 0x07, 0x00, 0x0B, 0x00, 0x1B, 0x40, 0x0D, 0x01, 0x00, 0x05, 0x04,
    0x04, 0x00, 0x08, 0x09, 0x02, 0x72, 0x00, 0x08, 0x72, 0x00, 0x2B, 0x2B, 0x32, 0x11, 0x39, 0x2F,
    0x33, 0x11, 0x33, 0x30, 0x31, 0x33, 0x35, 0x21, 0x15, 0x01, 0x35, 0x21, 0x15, 0x01, 0x35, 0x21,
    0x15, 0x5E, 0x03, 0xDA, 0xFC, 0x9B, 0x02, 0xF0, 0xFC, 0xB4, 0x03, 0x93, 0xEA, 0xEA, 0x02, 0x70,
    0xE1, 0xE1, 0x02, 0x55, 0xEB, 0xEB, 0x00, 0x01, 0x00, 0x83, 0x00, 0x00, 0x05, 0x24, 0x05, 0xB0,
    0x00, 0x07, 0x00, 0x13, 0x40, 0x09, 0x02, 0x06, 0x04, 0x07, 0x02, 0x72, 0x06, 0x08, 0x72, 0x00,
    0x2B, 0x2B, 0x32, 0x11, 0x33, 0x30, 0x31, 0x01, 0x11, 0x21, 0x11, 0x21, 0x11, 0x21, 0x11, 0x05,
    0x24, 0xFE, 0xD4, 0xFD, 0xB7, 0xFE, 0xD4, 0x05, 0xB0, 0xFA, 0x50, 0x04, 0xC5, 0xFB, 0x3B, 0x05,
    0xB0, 0x00, 0x00, 0x03, 0x00, 0x48, 0x00, 0x00, 0x04, 0x51, 0x05, 0xB0, 0x00, 0x03, 0x00, 0x07,
    0x00, 0x10, 0x00, 0x21, 0x40, 0x10, 0x0E, 0x06, 0x06, 0x07, 0x07, 0x0F, 0x02, 0x72, 0x0C, 0x03,
    0x03, 0x02, 0x02, 0x0B, 0x08, 0x72, 0x00, 0x2B, 0x32, 0x11, 0x33, 0x11, 0x33, 0x2B, 0x32, 0x11,
    0x33, 0x11, 0x33, 0x30, 0x31, 0x25, 0x15, 0x21, 0x35, 0x01, 0x15, 0x21, 0x35, 0x01, 0x15, 0x01,
    0x23, 0x35, 0x01, 0x01, 0x35, 0x33, 0x04, 0x51, 0xFC, 0x68, 0x03, 0x80, 0xFC, 0x9F, 0x02, 0x65,
    0xFD, 0xF7, 0xEC, 0x01, 0xB8, 0xFE, 0x48, 0xEC, 0xE9, 0xE9, 0xE9, 0x04, 0xC7, 0xEB, 0xEB, 0xFD,
    0x38, 0x11, 0xFD, 0x29, 0x94, 0x02, 0x4C, 0x02, 0x3C, 0x94, 0x00, 0x03, 0x00, 0x4B, 0x00, 0x00,
    0x05, 0xEF, 0x05, 0xB0, 0x00, 0x13, 0x00, 0x27, 0x00, 0x2B, 0x00, 0x21, 0x40, 0x10, 0x14, 0x15,
    0x15, 0x01, 0x00, 0x29, 0x08, 0x72, 0x1F, 0x1E, 0x1E, 0x0A, 0x0B, 0x28, 0x02, 0x72, 0x00, 0x2B,
    0xCD, 0x32, 0x32, 0x11, 0x33, 0x2B, 0xCD, 0x32, 0x32, 0x11, 0x33, 0x30, 0x31, 0x25, 0x23, 0x22,
    0x2E, 0x02, 0x35, 0x34, 0x12, 0x24, 0x33, 0x33, 0x32, 0x1E, 0x02, 0x15, 0x14, 0x06, 0x04, 0x25,
    0x33, 0x32, 0x36, 0x36, 0x35, 0x34, 0x2E, 0x02, 0x23, 0x23, 0x22, 0x06, 0x06, 0x15, 0x14, 0x1E,
    0x02, 0x01, 0x11, 0x21, 0x11, 0x03, 0x92, 0xEB, 0x88, 0xDD, 0xA1, 0x56, 0x98, 0x01, 0x0F, 0xB3,
    0xEE, 0x86, 0xDE, 0xA0, 0x58, 0x98, 0xFE, 0xF0, 0xFE, 0x60, 0xED, 0x60, 0x89, 0x4B, 0x2B, 0x50,
    0x71, 0x47, 0xF0, 0x5E, 0x8B, 0x4C, 0x2B, 0x52, 0x73, 0x01, 0x54, 0xFE, 0xD4, 0xA7, 0x4D, 0x91,
    0xCC, 0x7D, 0xAC, 0x01, 0x00, 0x8D, 0x50, 0x95, 0xD1, 0x81, 0xA7, 0xFA, 0x88, 0xFB, 0x45, 0x87,
    0x62, 0x4E, 0x76, 0x50, 0x28, 0x48, 0x8D, 0x69, 0x4A, 0x70, 0x4C, 0x26, 0x04, 0x0E, 0xFA, 0x50,
    0x05, 0xB0, 0x00, 0x02, 0x00, 0x35, 0x00, 0x00, 0x05, 0x9D, 0x05, 0xB0, 0x00, 0x19, 0x00, 0x1D,
    0x00, 0x19, 0x40, 0x0C, 0x14, 0x07, 0x07, 0x0D, 0x1C, 0x08, 0x72, 0x1D, 0x01, 0x0D, 0x02, 0x72,
    0x00, 0x2B, 0x32, 0x32, 0x2B, 0x11, 0x39, 0x11, 0x33, 0x30, 0x31, 0x01, 0x21, 0x11, 0x14, 0x02,
    0x04, 0x23, 0x23, 0x22, 0x2E, 0x02, 0x35, 0x11, 0x21, 0x11, 0x14, 0x1E, 0x02, 0x33, 0x33, 0x32,
    0x36, 0x36, 0x35, 0x03, 0x11, 0x21, 0x11, 0x04, 0x70, 0x01, 0x2D, 0x9D, 0xFE, 0xE6, 0xBC, 0x86,
    0x8C, 0xE6, 0xA4, 0x59, 0x01, 0x2C, 0x2E, 0x56, 0x7D, 0x4F, 0x85, 0x6A, 0x8B, 0x45, 0xEC, 0xFE,
    0xD5, 0x05, 0xB0, 0xFE, 0x2D, 0xC1, 0xFE, 0xF2, 0x8D, 0x50, 0x9A, 0xE1, 0x91, 0x01, 0xD3, 0xFE,
    0x2D, 0x5D, 0x8B, 0x5C, 0x2E, 0x52, 0xA4, 0x7C, 0x01, 0xD3, 0xFA, 0x50, 0x05, 0xB0, 0x00, 0x03,
    0x00, 0x68, 0x00, 0x00, 0x04, 0xE8, 0x05, 0xC3, 0x00, 0x2D, 0x00, 0x31, 0x00, 0x35, 0x00, 0x25,
    0x40, 0x12, 0x28, 0x12, 0x12, 0x2F, 0x29, 0x29, 0x34, 0x11, 0x11, 0x33, 0x2E, 0x32, 0x12, 0x72,
    0x06, 0x1D, 0x03, 0x72, 0x00, 0x2B, 0x32, 0x2B, 0x32, 0x32, 0x32, 0x11, 0x33, 0x33, 0x11, 0x33,
    0x32, 0x11, 0x33, 0x30, 0x31, 0x01, 0x35, 0x34, 0x2E, 0x02, 0x23, 0x22, 0x0E, 0x02, 0x15, 0x15,
    0x14, 0x1E, 0x02, 0x17, 0x15, 0x2E, 0x03, 0x35, 0x35, 0x34, 0x3E, 0x02, 0x33, 0x32, 0x1E, 0x02,
    0x15, 0x15, 0x14, 0x0E, 0x02, 0x07, 0x35, 0x3E, 0x03, 0x03, 0x35, 0x21, 0x15, 0x21, 0x35, 0x21,
    0x15, 0x03, 0x9A, 0x21, 0x40, 0x5A, 0x39, 0x37, 0x59, 0x3F, 0x21, 0x1D, 0x32, 0x47, 0x2A, 0x60,
    0xBC, 0x97, 0x5B, 0x53, 0x99, 0xD2, 0x80, 0x82, 0xD3, 0x9A, 0x53, 0x59, 0x97, 0xB9, 0x5F, 0x28,
    0x44, 0x32, 0x1C, 0xBA, 0x01, 0xF7, 0xFB, 0xA0, 0x01, 0xFF, 0x03, 0x04, 0x5A, 0x5D, 0x8D, 0x5F,
    0x30, 0x30, 0x5F, 0x8D, 0x5D, 0x5A, 0x7C, 0xB8, 0x80, 0x4E, 0x11, 0x90, 0x0B, 0x71, 0xB6, 0xEB,
    0x86, 0x58, 0x88, 0xE1, 0xA4, 0x5A, 0x5A, 0xA4, 0xE1, 0x88, 0x58, 0x86, 0xEA, 0xB6, 0x71, 0x0C,
    0x90, 0x12, 0x4E, 0x80, 0xB8, 0xFD, 0x77, 0xEC, 0xEC, 0xEC, 0xEC, 0x00, 0x00, 0x03, 0x00, 0x4A,
    0xFF, 0xEB, 0x04, 0x7D, 0x04, 0x4E, 0x00, 0x16, 0x00, 0x2C, 0x00, 0x41, 0x00, 0x1A, 0x40, 0x0D,
    0x2E, 0x06, 0x34, 0x3B, 0x3B, 0x1D, 0x12, 0x0B, 0x72, 0x28, 0x06, 0x07, 0x72, 0x00, 0x2B, 0x32,
    0x2B, 0x32, 0x32, 0x11, 0x33, 0x3F, 0x30, 0x31, 0x13, 0x35, 0x34, 0x3E, 0x02, 0x33, 0x32, 0x1E,
    0x03, 0x17, 0x15, 0x0E, 0x03, 0x23, 0x22, 0x2E, 0x02, 0x25, 0x15, 0x14, 0x1E, 0x02, 0x33, 0x32,
    0x3E, 0x02, 0x37, 0x35, 0x2E, 0x03, 0x23, 0x22, 0x0E, 0x02, 0x01, 0x33, 0x11, 0x14, 0x1E, 0x02,
    0x33, 0x32, 0x36, 0x37, 0x17, 0x06, 0x06, 0x23, 0x22, 0x2E, 0x02, 0x27, 0x11, 0x4A, 0x37, 0x6B,
    0x9E, 0x67, 0x47, 0x71, 0x55, 0x3C, 0x28, 0x0B, 0x0D, 0x38, 0x5A, 0x85, 0x5A, 0x66, 0x9D, 0x6C,
    0x36, 0x01, 0x21, 0x15, 0x30, 0x4E, 0x39, 0x38, 0x4F, 0x34, 0x1E, 0x07, 0x06, 0x1D, 0x35, 0x4F,
    0x37, 0x38, 0x4F, 0x31, 0x16, 0x01, 0xA1, 0xFA, 0x0A, 0x13, 0x1B, 0x11, 0x08, 0x0A, 0x04, 0x18,
    0x20, 0x3A, 0x22, 0x3B, 0x60, 0x49, 0x2E, 0x09, 0x02, 0x01, 0x15, 0x7C, 0xD0, 0x98, 0x54, 0x35,
    0x64, 0x89, 0xA7, 0x5F, 0x2C, 0x71, 0xC0, 0x8F, 0x4E, 0x4E, 0x8F, 0xC3, 0x8A, 0x15, 0x43, 0x6F,
    0x54, 0x2E, 0x2A, 0x4B, 0x67, 0x3F, 0x4A, 0x45, 0x73, 0x54, 0x2F, 0x36, 0x5E, 0x7D, 0x01, 0xDE,
    0xFD, 0x20, 0x27, 0x34, 0x20, 0x0D, 0x03, 0x01, 0xD2, 0x10, 0x09, 0x24, 0x4B, 0x73, 0x4F, 0x02,
    0x36, 0x00, 0x00, 0x02, 0x00, 0x8F, 0xFE, 0x6B, 0x04, 0x88, 0x05, 0xC4, 0x00, 0x1C, 0x00, 0x3A,
    0x00, 0x1E, 0x40, 0x0E, 0x35, 0x00, 0x26, 0x27, 0x27, 0x1C, 0x1C, 0x30, 0x1D, 0x03, 0x13, 0x09,
    0x0B, 0x72, 0x00, 0x2B, 0x32, 0x3F, 0x33, 0x39, 0x2F, 0x33, 0x12, 0x39, 0x39, 0x2F, 0x30, 0x31,
    0x01, 0x33, 0x32, 0x16, 0x16, 0x15, 0x14, 0x06, 0x06, 0x23, 0x22, 0x2E, 0x02, 0x35, 0x37, 0x14,
    0x16, 0x16, 0x33, 0x32, 0x36, 0x36, 0x35, 0x34, 0x26, 0x26, 0x23, 0x23, 0x13, 0x32, 0x16, 0x16,
    0x15, 0x14, 0x06, 0x06, 0x23, 0x23, 0x35, 0x33, 0x32, 0x36, 0x36, 0x35, 0x34, 0x26, 0x26, 0x23,
    0x22, 0x06, 0x06, 0x15, 0x11, 0x21, 0x11, 0x34, 0x36, 0x36, 0x02, 0x2E, 0x88, 0x94, 0xD0, 0x6E,
    0x6B, 0xC8, 0x8A, 0x4F, 0xA4, 0x8B, 0x54, 0x6A, 0x4A, 0x84, 0x58, 0x47, 0x63, 0x35, 0x32, 0x62,
    0x47, 0x5F, 0x45, 0x8E, 0xD3, 0x74, 0x6C, 0xC2, 0x82, 0x6A, 0x41, 0x42, 0x51, 0x25, 0x27, 0x50,
    0x3D, 0x38, 0x59, 0x33, 0xFE, 0xE0, 0x84, 0xDB, 0x03, 0x24, 0x60, 0xAE, 0x78, 0x8A, 0xC2, 0x66,
    0x2F, 0x64, 0x9B, 0x6C, 0x0D, 0x37, 0x5A, 0x35, 0x38, 0x60, 0x3D, 0x48, 0x69, 0x39, 0x03, 0x38,
    0x5D, 0xAF, 0x7D, 0x67, 0xA6, 0x62, 0x8D, 0x32, 0x5C, 0x40, 0x31, 0x56, 0x35, 0x35, 0x60, 0x42,
    0xFA, 0x5F, 0x05, 0xA1, 0x84, 0xC6, 0x6E, 0x00, 0x00, 0x03, 0x00, 0x10, 0xFE, 0x5F, 0x04, 0x06,
    0x04, 0x3A, 0x00, 0x03, 0x00, 0x08, 0x00, 0x0D, 0x00, 0x19, 0x40, 0x0E, 0x08, 0x0C, 0x03, 0x04,
    0x0A, 0x05, 0x01, 0x05, 0x0D, 0x06, 0x72, 0x01, 0x0E, 0x72, 0x00, 0x2B, 0x2B, 0x32, 0x12, 0x17,
    0x39, 0x30, 0x31, 0x25, 0x11, 0x21, 0x11, 0x37, 0x13, 0x21, 0x01, 0x23, 0x03, 0x13, 0x13, 0x23,
    0x01, 0x02, 0x9A, 0xFE, 0xE0, 0x82, 0xDC, 0x01, 0x2E, 0xFE, 0x90, 0xC3, 0x95, 0xE6, 0x1E, 0xC2,
    0xFE, 0x90, 0x5A, 0xFE, 0x05, 0x01, 0xFB, 0xAE, 0x03, 0x32, 0xFB, 0xC6, 0x04, 0x3A, 0xFC, 0xC8,
    0xFE, 0xFE, 0x04, 0x3A, 0x00, 0x02, 0x00, 0x43, 0xFF, 0xEC, 0x04, 0x49, 0x06, 0x24, 0x00, 0x2C,
    0x00, 0x42, 0x00, 0x19, 0x40, 0x0D, 0x14, 0x28, 0x3E, 0x03, 0x04, 0x33, 0x1E, 0x0B, 0x72, 0x0B,
    0x04, 0x01, 0x72, 0x00, 0x2B, 0x32, 0x2B, 0x32, 0x12, 0x17, 0x39, 0x30, 0x31, 0x13, 0x34, 0x36,
    0x36, 0x33, 0x32, 0x16, 0x17, 0x07, 0x26, 0x26, 0x23, 0x22, 0x06, 0x06, 0x15, 0x14, 0x1E, 0x02,
    0x17, 0x1E, 0x02, 0x15, 0x15, 0x14, 0x0E, 0x02, 0x23, 0x22, 0x2E, 0x02, 0x35, 0x35, 0x34, 0x36,
    0x36, 0x37, 0x27, 0x2E, 0x02, 0x13, 0x15, 0x14, 0x1E, 0x02, 0x33, 0x32, 0x3E, 0x02, 0x35, 0x35,
    0x34, 0x2E, 0x02, 0x27, 0x22, 0x0E, 0x02, 0xBF, 0x64, 0xB7, 0x80, 0x4F, 0x6E, 0x4A, 0x01, 0x27,
    0x7D, 0x47, 0x33, 0x49, 0x28, 0x0D, 0x21, 0x3E, 0x33, 0x9C, 0xD2, 0x6B, 0x46, 0x84, 0xBF, 0x79,
    0x7A, 0xC0, 0x85, 0x45, 0x57, 0x91, 0x54, 0x03, 0x39, 0x55, 0x2F, 0xA4, 0x1B, 0x38, 0x56, 0x3B,
    0x3B, 0x54, 0x38, 0x1B, 0x20, 0x3B, 0x52, 0x34, 0x3A, 0x57, 0x38, 0x1C, 0x04, 0xE4, 0x65, 0x8F,
    0x4C, 0x17, 0x17, 0xD7, 0x0D, 0x23, 0x18, 0x2D, 0x20, 0x0F, 0x22, 0x24, 0x26, 0x12, 0x35, 0xA1,
    0xDB, 0x8C, 0x15, 0x73, 0xC6, 0x94, 0x52, 0x50, 0x90, 0xC1, 0x71, 0x14, 0x72, 0xBB, 0x7E, 0x15,
    0x06, 0x1D, 0x4F, 0x64, 0xFD, 0x84, 0x15, 0x43, 0x78, 0x5B, 0x35, 0x35, 0x5B, 0x78, 0x43, 0x15,
    0x35, 0x69, 0x5B, 0x3F, 0x0A, 0x34, 0x59, 0x74, 0x00, 0x02, 0x00, 0x60, 0xFF, 0xEC, 0x04, 0x32,
    0x04, 0x4D, 0x00, 0x1F, 0x00, 0x3F, 0x00, 0x1F, 0x40, 0x0F, 0x00, 0x21, 0x3E, 0x3E, 0x03, 0x03,
    0x16, 0x35, 0x2B, 0x07, 0x72, 0x0C, 0x16, 0x0B, 0x72, 0x00, 0x2B, 0x32, 0x2B, 0x32, 0x12, 0x39,
    0x2F, 0x33, 0x12, 0x39, 0x39, 0x30, 0x31, 0x01, 0x33, 0x15, 0x23, 0x22, 0x06, 0x06, 0x15, 0x14,
    0x1E, 0x02, 0x33, 0x32, 0x36, 0x36, 0x35, 0x21, 0x14, 0x0E, 0x02, 0x23, 0x22, 0x2E, 0x02, 0x35,
    0x34, 0x3E, 0x02, 0x05, 0x23, 0x22, 0x2E, 0x02, 0x35, 0x34, 0x3E, 0x02, 0x33, 0x32, 0x1E, 0x02,
    0x15, 0x21, 0x34, 0x26, 0x26, 0x23, 0x22, 0x06, 0x06, 0x15, 0x14, 0x1E, 0x02, 0x33, 0x33, 0x02,
    0x0D, 0xF6, 0xB9, 0x3D, 0x5C, 0x31, 0x18, 0x33, 0x4B, 0x31, 0x43, 0x5A, 0x2E, 0x01, 0x20, 0x52,
    0x88, 0xAA, 0x57, 0x6A, 0xB8, 0x89, 0x4C, 0x3A, 0x6F, 0xA0, 0x01, 0x5A, 0xF6, 0x5B, 0x96, 0x6E,
    0x3B, 0x46, 0x81, 0xB3, 0x6A, 0x5E, 0xA6, 0x7E, 0x48, 0xFE, 0xE0, 0x30, 0x54, 0x35, 0x40, 0x50,
    0x25, 0x18, 0x2D, 0x45, 0x2D, 0xB9, 0x02, 0x4C, 0x81, 0x1A, 0x3B, 0x30, 0x1A, 0x31, 0x25, 0x17,
    0x24, 0x3B, 0x22, 0x58, 0x81, 0x53, 0x28, 0x2C, 0x54, 0x79, 0x4D, 0x44, 0x69, 0x48, 0x25, 0x48,
    0x2A, 0x4B, 0x62, 0x37, 0x4D, 0x75, 0x50, 0x29, 0x2D, 0x55, 0x79, 0x4E, 0x25, 0x35, 0x1C, 0x25,
    0x39, 0x1F, 0x1B, 0x2B, 0x1F, 0x11, 0x00, 0x02, 0x00, 0x48, 0xFE, 0x7B, 0x03, 0xC5, 0x05, 0xB0,
    0x00, 0x28, 0x00, 0x2C, 0x00, 0x15, 0x40, 0x09, 0x15, 0x02, 0x2C, 0x2C, 0x29, 0x29, 0x00, 0x02,
    0x72, 0x00, 0x2B, 0x32, 0x2F, 0x33, 0x11, 0x33, 0x2F, 0x30, 0x31, 0x01, 0x33, 0x15, 0x01, 0x0E,
    0x02, 0x15, 0x14, 0x1E, 0x02, 0x17, 0x17, 0x1E, 0x02, 0x07, 0x14, 0x06, 0x06, 0x07, 0x27, 0x3E,
    0x02, 0x27, 0x36, 0x26, 0x26, 0x27, 0x27, 0x2E, 0x03, 0x35, 0x34, 0x36, 0x36, 0x37, 0x01, 0x21,
    0x15, 0x21, 0x03, 0x12, 0xB3, 0xFE, 0x95, 0x41, 0x5A, 0x2D, 0x17, 0x2A, 0x3F, 0x28, 0x4C, 0x57,
    0x82, 0x4A, 0x01, 0x47, 0x6B, 0x37, 0x93, 0x21, 0x29, 0x14, 0x01, 0x01, 0x14, 0x31, 0x2B, 0x4A,
    0x5A, 0x84, 0x55, 0x2A, 0x3F, 0x78, 0x57, 0xFE, 0xC7, 0x02, 0xFC, 0xFD, 0x04, 0x05, 0xB0, 0x9F,
    0xFE, 0x50, 0x4E, 0x87, 0x8D, 0x58, 0x2F, 0x41, 0x2C, 0x1D, 0x0C, 0x18, 0x18, 0x38, 0x5E, 0x52,
    0x3A, 0x80, 0x71, 0x24, 0x6D, 0x21, 0x3D, 0x36, 0x15, 0x17, 0x25, 0x1C, 0x0B, 0x14, 0x18, 0x43,
    0x5A, 0x76, 0x4A, 0x6D, 0xC2, 0xC0, 0x69, 0x01, 0xDB, 0xE0, 0x00, 0x02, 0x00, 0x6C, 0xFE, 0x60,
    0x04, 0x17, 0x04, 0x4E, 0x00, 0x04, 0x00, 0x1C, 0x00, 0x17, 0x40, 0x0C, 0x18, 0x0B, 0x03, 0x06,
    0x72, 0x02, 0x0A, 0x72, 0x0B, 0x07, 0x72, 0x11, 0x00, 0x2F, 0x2B, 0x2B, 0x2B, 0x11, 0x33, 0x30,
    0x31, 0x01, 0x11, 0x21, 0x11, 0x21, 0x03, 0x07, 0x34, 0x3E, 0x02, 0x33, 0x32, 0x1E, 0x02, 0x15,
    0x11, 0x21, 0x11, 0x34, 0x2E, 0x02, 0x23, 0x22, 0x0E, 0x02, 0x01, 0x8C, 0xFE, 0xE0, 0x01, 0x0D,
    0x24, 0x3F, 0x3B, 0x6F, 0x9C, 0x60, 0x4E, 0x7F, 0x5C, 0x32, 0xFE, 0xDF, 0x16, 0x2B, 0x3C, 0x27,
    0x3F, 0x5F, 0x3F, 0x20, 0x03, 0x53, 0xFC, 0xAD, 0x04, 0x3A, 0xFE, 0x07, 0x02, 0x73, 0xC0, 0x8E,
    0x4E, 0x2B, 0x60, 0x9D, 0x72, 0xFB, 0xAC, 0x04, 0x54, 0x31, 0x46, 0x2D, 0x15, 0x2E, 0x52, 0x6D,
    0x00, 0x03, 0x00, 0x72, 0xFF, 0xEC, 0x04, 0x4A, 0x05, 0xC4, 0x00, 0x19, 0x00, 0x27, 0x00, 0x36,
    0x00, 0x1D, 0x40, 0x10, 0x0D, 0x28, 0x6A, 0x30, 0x20, 0x6A, 0x30, 0x30, 0x0D, 0x00, 0x1A, 0x6A,
    0x00, 0x0D, 0x0B, 0x72, 0x00, 0x2B, 0x2F, 0x2B, 0x12, 0x39, 0x2F, 0x2B, 0x2B, 0x30, 0x31, 0x01,
    0x32, 0x1E, 0x03, 0x15, 0x15, 0x14, 0x0E, 0x03, 0x23, 0x22, 0x2E, 0x03, 0x35, 0x35, 0x34, 0x3E,
    0x03, 0x17, 0x22, 0x0E, 0x02, 0x15, 0x15, 0x21, 0x35, 0x34, 0x2E, 0x03, 0x03, 0x32, 0x3E, 0x03,
    0x35, 0x35, 0x21, 0x15, 0x14, 0x1E, 0x03, 0x02, 0x5D, 0x58, 0x97, 0x7A, 0x56, 0x2E, 0x2E, 0x55,
    0x79, 0x97, 0x58, 0x58, 0x98, 0x79, 0x56, 0x2E, 0x2E, 0x55, 0x78, 0x98, 0x58, 0x30, 0x4C, 0x34,
    0x1B, 0x01, 0x98, 0x12, 0x22, 0x32, 0x40, 0x25, 0x26, 0x40, 0x31, 0x22, 0x12, 0xFE, 0x68, 0x11,
    0x23, 0x32, 0x40, 0x05, 0xC4, 0x30, 0x62, 0x95, 0xCB, 0x81, 0xEF, 0x81, 0xCC, 0x95, 0x64, 0x30,
    0x30, 0x64, 0x95, 0xCC, 0x81, 0xEF, 0x81, 0xCB, 0x95, 0x62, 0x30, 0xE1, 0x2A, 0x58, 0x89, 0x5F,
    0x31, 0x31, 0x4C, 0x76, 0x56, 0x37, 0x1B, 0xFB, 0xEA, 0x1B, 0x39, 0x57, 0x77, 0x4D, 0x34, 0x34,
    0x4D, 0x77, 0x57, 0x39, 0x1B, 0x00, 0x00, 0x01, 0x00, 0x87, 0xFF, 0xF4, 0x02, 0x6E, 0x04, 0x3A,
    0x00, 0x11, 0x00, 0x0E, 0xB6, 0x06, 0x0D, 0x0B, 0x72, 0x00, 0x06, 0x72, 0x00, 0x2B, 0x2B, 0x32,
    0x30, 0x31, 0x13, 0x21, 0x11, 0x14, 0x16, 0x16, 0x33, 0x32, 0x36, 0x37, 0x15, 0x06, 0x06, 0x23,
    0x22, 0x26, 0x26, 0x35, 0x87, 0x01, 0x21, 0x18, 0x33, 0x26, 0x1B, 0x2A, 0x10, 0x25, 0x56, 0x34,
    0x5F, 0x8C, 0x4D, 0x04, 0x3A, 0xFD, 0x14, 0x2F, 0x31, 0x13, 0x04, 0x03, 0xD3, 0x0C, 0x0F, 0x40,
    0x8C, 0x72, 0x00, 0x02, 0x00, 0x08, 0xFF, 0xEE, 0x04, 0x5D, 0x06, 0x08, 0x00, 0x04, 0x00, 0x26,
    0x00, 0x1E, 0x40, 0x10, 0x00, 0x1B, 0x04, 0x03, 0x04, 0x02, 0x20, 0x05, 0x00, 0x72, 0x0F, 0x16,
    0x16, 0x02, 0x0A, 0x72, 0x00, 0x2B, 0x32, 0x2F, 0x33, 0x2B, 0x32, 0x12, 0x17, 0x39, 0x30, 0x31,
    0x01, 0x03, 0x21, 0x01, 0x17, 0x01, 0x32, 0x1E, 0x02, 0x17, 0x01, 0x1E, 0x02, 0x33, 0x32, 0x36,
    0x33, 0x17, 0x06, 0x06, 0x23, 0x22, 0x26, 0x26, 0x27, 0x01, 0x03, 0x2E, 0x02, 0x23, 0x22, 0x06,
    0x07, 0x27, 0x36, 0x36, 0x02, 0x27, 0xE9, 0xFE, 0xCA, 0x01, 0x92, 0xC5, 0xFE, 0xC0, 0x37, 0x57,
    0x43, 0x2F, 0x0F, 0x01, 0xA0, 0x0C, 0x1D, 0x27, 0x1B, 0x09, 0x11, 0x08, 0x02, 0x16, 0x36, 0x22,
    0x53, 0x74, 0x4C, 0x19, 0xFE, 0xF0, 0x71, 0x0E, 0x25, 0x31, 0x20, 0x0E, 0x1C, 0x12, 0x06, 0x21,
    0x5E, 0x02, 0xC2, 0xFD, 0x3E, 0x04, 0x56, 0x04, 0x01, 0xB6, 0x18, 0x2D, 0x41, 0x28, 0xFB, 0xE4,
    0x1D, 0x31, 0x1F, 0x01, 0xDD, 0x04, 0x03, 0x32, 0x64, 0x48, 0x02, 0xF6, 0x01, 0x07, 0x22, 0x29,
    0x12, 0x01, 0x02, 0xD1, 0x09, 0x0B, 0x00, 0x02, 0x00, 0x69, 0xFE, 0x77, 0x04, 0x02, 0x05, 0xC4,
    0x00, 0x1E, 0x00, 0x46, 0x00, 0x19, 0x40, 0x0B, 0x1F, 0x11, 0x0F, 0x0F, 0x21, 0x21, 0x33, 0x05,
    0x1B, 0x03, 0x72, 0x00, 0x2B, 0x32, 0x2F, 0x39, 0x2F, 0x33, 0x12, 0x39, 0x39, 0x30, 0x31, 0x01,
    0x07, 0x2E, 0x02, 0x23, 0x22, 0x06, 0x06, 0x15, 0x14, 0x1E, 0x02, 0x33, 0x33, 0x15, 0x23, 0x22,
    0x2E, 0x02, 0x35, 0x34, 0x3E, 0x02, 0x33, 0x32, 0x16, 0x16, 0x03, 0x33, 0x15, 0x23, 0x22, 0x06,
    0x06, 0x15, 0x14, 0x16, 0x16, 0x17, 0x17, 0x1E, 0x02, 0x07, 0x14, 0x06, 0x06, 0x07, 0x27, 0x3E,
    0x02, 0x35, 0x34, 0x26, 0x26, 0x27, 0x27, 0x2E, 0x03, 0x35, 0x34, 0x3E, 0x02, 0x03, 0xCB, 0x2D,
    0x34, 0x49, 0x3F, 0x27, 0x4C, 0x62, 0x2E, 0x1A, 0x36, 0x57, 0x3D, 0x96, 0x9A, 0x73, 0xBC, 0x88,
    0x49, 0x43, 0x7D, 0xAF, 0x6C, 0x44, 0x66, 0x59, 0xD6, 0x92, 0x8E, 0x67, 0x90, 0x4B, 0x42, 0x70,
    0x44, 0x60, 0x5A, 0x82, 0x47, 0x01, 0x47, 0x6B, 0x37, 0x95, 0x21, 0x2A, 0x15, 0x17, 0x31, 0x27,
    0x40, 0x6D, 0xAA, 0x77, 0x3D, 0x52, 0x9D, 0xE0, 0x05, 0x93, 0xDA, 0x0D, 0x11, 0x07, 0x25, 0x41,
    0x2C, 0x21, 0x39, 0x29, 0x17, 0xA1, 0x28, 0x4F, 0x74, 0x4C, 0x59, 0x8D, 0x62, 0x34, 0x0B, 0x16,
    0xFD, 0xC3, 0x9C, 0x3A, 0x72, 0x54, 0x48, 0x5E, 0x39, 0x10, 0x18, 0x15, 0x3A, 0x61, 0x4E, 0x3A,
    0x7F, 0x71, 0x24, 0x6D, 0x21, 0x3B, 0x36, 0x18, 0x16, 0x23, 0x1D, 0x0B, 0x13, 0x20, 0x41, 0x5C,
    0x91, 0x70, 0x67, 0x9D, 0x6B, 0x37, 0x00, 0x03, 0x00, 0x36, 0xFF, 0xF4, 0x05, 0x03, 0x04, 0x3A,
    0x00, 0x03, 0x00, 0x07, 0x00, 0x19, 0x00, 0x19, 0x40, 0x0D, 0x0E, 0x15, 0x0B, 0x72, 0x06, 0x0A,
    0x72, 0x09, 0x07, 0x02, 0x03, 0x06, 0x72, 0x00, 0x2B, 0x32, 0x32, 0x32, 0x2B, 0x2B, 0x32, 0x30,
    0x31, 0x01, 0x15, 0x21, 0x35, 0x21, 0x11, 0x21, 0x11, 0x21, 0x21, 0x03, 0x14, 0x16, 0x16, 0x33,
    0x32, 0x36, 0x37, 0x15, 0x06, 0x06, 0x23, 0x22, 0x26, 0x26, 0x35, 0x04, 0xEC, 0xFB, 0x4A, 0x01,
    0xD2, 0xFE, 0xE0, 0x02, 0x35, 0x01, 0x21, 0x01, 0x19, 0x32, 0x26, 0x1B, 0x2A, 0x10, 0x25, 0x56,
    0x34, 0x5F, 0x8C, 0x4C, 0x04, 0x3A, 0xD5, 0xD5, 0xFB, 0xC6, 0x04, 0x3A, 0xFD, 0x14, 0x2F, 0x31,
    0x13, 0x04, 0x03, 0xD3, 0x0C, 0x0F, 0x40, 0x8C, 0x72, 0x00, 0x00, 0x01, 0x00, 0x71, 0xFE, 0x60,
    0x04, 0x3D, 0x04, 0x4E, 0x00, 0x2F, 0x00, 0x17, 0x40, 0x0C, 0x1E, 0x29, 0x06, 0x11, 0x0B, 0x72,
    0x06, 0x07, 0x72, 0x00, 0x0E, 0x72, 0x00, 0x2B, 0x2B, 0x2B, 0x11, 0x33, 0x32, 0x30, 0x31, 0x13,
    0x11, 0x34, 0x3E, 0x02, 0x33, 0x32, 0x1E, 0x02, 0x15, 0x15, 0x14, 0x0E, 0x02, 0x23, 0x22, 0x2E,
    0x02, 0x27, 0x1E, 0x02, 0x33, 0x1E, 0x02, 0x33, 0x32, 0x3E, 0x02, 0x35, 0x35, 0x34, 0x2E, 0x02,
    0x23, 0x22, 0x0E, 0x02, 0x15, 0x11, 0x71, 0x44, 0x81, 0xB6, 0x74, 0x75, 0xB2, 0x79, 0x3D, 0x36,
    0x6B, 0x9C, 0x65, 0x61, 0x8C, 0x5F, 0x3A, 0x0F, 0x04, 0x2F, 0x2D, 0x02, 0x05, 0x31, 0x64, 0x4E,
    0x38, 0x4F, 0x30, 0x16, 0x16, 0x30, 0x4F, 0x38, 0x33, 0x49, 0x2D, 0x16, 0xFE, 0x60, 0x03, 0xE3,
    0x74, 0xC0, 0x8B, 0x4C, 0x54, 0x98, 0xD0, 0x7C, 0x15, 0x75, 0xC3, 0x90, 0x4E, 0x4E, 0x8C, 0xBD,
    0x6F, 0x02, 0x15, 0x14, 0x4A, 0x71, 0x3E, 0x2E, 0x53, 0x70, 0x43, 0x15, 0x46, 0x7D, 0x5E, 0x36,
    0x34, 0x5A, 0x75, 0x40, 0xFC, 0x36, 0x00, 0x01, 0x00, 0x3F, 0xFE, 0x8A, 0x03, 0xEE, 0x04, 0x4E,
    0x00, 0x2D, 0x00, 0x0E, 0xB5, 0x1B, 0x09, 0x05, 0x00, 0x07, 0x72, 0x00, 0x2B, 0xCC, 0x33, 0x2F,
    0x30, 0x31, 0x01, 0x32, 0x16, 0x16, 0x15, 0x21, 0x34, 0x26, 0x26, 0x23, 0x22, 0x0E, 0x02, 0x15,
    0x15, 0x14, 0x16, 0x16, 0x17, 0x1E, 0x02, 0x17, 0x16, 0x06, 0x06, 0x07, 0x27, 0x3E, 0x02, 0x35,
    0x34, 0x26, 0x26, 0x27, 0x2E, 0x02, 0x35, 0x35, 0x34, 0x3E, 0x02, 0x02, 0x32, 0x84, 0xC8, 0x70,
    0xFE, 0xF1, 0x25, 0x4D, 0x3B, 0x3C, 0x52, 0x30, 0x15, 0x38, 0x71, 0x55, 0x62, 0x84, 0x46, 0x03,
    0x01, 0x46, 0x69, 0x36, 0x97, 0x20, 0x29, 0x14, 0x17, 0x2F, 0x22, 0x97, 0xCA, 0x66, 0x40, 0x7E,
    0xBB, 0x04, 0x4E, 0x63, 0xBC, 0x85, 0x36, 0x58, 0x35, 0x35, 0x5B, 0x73, 0x3F, 0x1D, 0x5A, 0x75,
    0x4A, 0x19, 0x1B, 0x38, 0x5C, 0x54, 0x3A, 0x80, 0x71, 0x24, 0x6E, 0x21, 0x3B, 0x35, 0x19, 0x1A,
    0x25, 0x1A, 0x09, 0x28, 0x83, 0xCC, 0x93, 0x1D, 0x73, 0xC7, 0x95, 0x54, 0x00, 0x03, 0x00, 0x41,
    0xFF, 0xEB, 0x04, 0x7D, 0x04, 0x3A, 0x00, 0x18, 0x00, 0x2E, 0x00, 0x32, 0x00, 0x13, 0x40, 0x09,
    0x2A, 0x06, 0x32, 0x06, 0x72, 0x1F, 0x14, 0x0B, 0x72, 0x00, 0x2B, 0x32, 0x2B, 0x32, 0x32, 0x30,
    0x31, 0x13, 0x35, 0x34, 0x3E, 0x02, 0x33, 0x1E, 0x02, 0x17, 0x1E, 0x02, 0x15, 0x15, 0x14, 0x0E,
    0x02, 0x23, 0x22, 0x2E, 0x02, 0x25, 0x15, 0x14, 0x1E, 0x02, 0x33, 0x32, 0x3E, 0x02, 0x35, 0x35,
    0x34, 0x2E, 0x02, 0x23, 0x22, 0x0E, 0x02, 0x01, 0x15, 0x21, 0x35, 0x41, 0x43, 0x83, 0xBD, 0x7A,
    0x16, 0x2B, 0x44, 0x3A, 0x4F, 0x8C, 0x57, 0x41, 0x7F, 0xB7, 0x78, 0x7B, 0xBE, 0x83, 0x43, 0x01,
    0x20, 0x18, 0x34, 0x56, 0x3D, 0x39, 0x4F, 0x30, 0x16, 0x16, 0x30, 0x50, 0x39, 0x3C, 0x56, 0x34,
    0x18, 0x03, 0x1C, 0xFD, 0xC2, 0x02, 0x12, 0x15, 0x72, 0xC2, 0x90, 0x4F, 0x0A, 0x3C, 0x41, 0x11,
    0x1F, 0x7D, 0xA7, 0x60, 0x15, 0x6B, 0xB9, 0x8C, 0x4F, 0x53, 0x95, 0xC9, 0x8B, 0x15, 0x44, 0x76,
    0x59, 0x32, 0x32, 0x59, 0x76, 0x44, 0x15, 0x3E, 0x6E, 0x55, 0x30, 0x30, 0x55, 0x6E, 0x01, 0xD5,
    0xE2, 0xE2, 0x00, 0x02, 0x00, 0x2A, 0xFF, 0xEC, 0x03, 0xFF, 0x04, 0x3A, 0x00, 0x03, 0x00, 0x15,
    0x00, 0x15, 0x40, 0x0A, 0x05, 0x0A, 0x11, 0x02, 0x03, 0x06, 0x72, 0x11, 0x0B, 0x72, 0x00, 0x2B,
    0x2B, 0x32, 0x11, 0x33, 0x32, 0x30, 0x31, 0x01, 0x15, 0x21, 0x35, 0x21, 0x21, 0x11, 0x14, 0x16,
    0x16, 0x33, 0x32, 0x36, 0x37, 0x17, 0x06, 0x06, 0x23, 0x22, 0x26, 0x26, 0x35, 0x03, 0xFF, 0xFC,
    0x2B, 0x01, 0x4D, 0x01, 0x21, 0x16, 0x2A, 0x1E, 0x22, 0x28, 0x18, 0x1D, 0x30, 0x54, 0x35, 0x65,
    0x92, 0x4E, 0x04, 0x3A, 0xDF, 0xDF, 0xFD, 0x0B, 0x2D, 0x34, 0x15, 0x0A, 0x08, 0xD4, 0x14, 0x0D,
    0x4B, 0x9A, 0x77, 0x00, 0x00, 0x01, 0x00, 0x72, 0xFF, 0xEB, 0x04, 0x0F, 0x04, 0x3A, 0x00, 0x1E,
    0x00, 0x13, 0x40, 0x09, 0x10, 0x07, 0x19, 0x00, 0x06, 0x72, 0x19, 0x0B, 0x72, 0x00, 0x2B, 0x2B,
    0x11, 0x33, 0x32, 0x30, 0x31, 0x13, 0x21, 0x11, 0x14, 0x1E, 0x02, 0x33, 0x32, 0x3E, 0x02, 0x35,
    0x26, 0x02, 0x27, 0x21, 0x1E, 0x02, 0x15, 0x14, 0x0E, 0x02, 0x23, 0x22, 0x2E, 0x02, 0x35, 0x72,
    0x01, 0x20, 0x13, 0x24, 0x2D, 0x1A, 0x37, 0x53, 0x38, 0x1D, 0x02, 0x37, 0x2C, 0x01, 0x13, 0x1E,
    0x34, 0x20, 0x3A, 0x7A, 0xBD, 0x84, 0x60, 0x9C, 0x70, 0x3C, 0x04, 0x3A, 0xFD, 0x65, 0x3B, 0x52,
    0x30, 0x16, 0x3E, 0x69, 0x80, 0x42, 0x86, 0x01, 0x03, 0x7C, 0x3D, 0x9D, 0xBC, 0x6F, 0x7A, 0xD5,
    0xA1, 0x5A, 0x34, 0x6B, 0xA6, 0x71, 0x00, 0x01, 0x00, 0x37, 0xFE, 0x22, 0x05, 0xB4, 0x04, 0x48,
    0x00, 0x2F, 0x00, 0x19, 0x40, 0x0C, 0x2B, 0x05, 0x05, 0x19, 0x18, 0x06, 0x72, 0x22, 0x0F, 0x0B,
    0x72, 0x00, 0x00, 0x2F, 0x2B, 0x32, 0x2B, 0x32, 0x32, 0x11, 0x33, 0x30, 0x31, 0x01, 0x11, 0x34,
    0x36, 0x36, 0x33, 0x32, 0x1E, 0x02, 0x15, 0x14, 0x06, 0x06, 0x04, 0x23, 0x22, 0x24, 0x26, 0x26,
    0x35, 0x34, 0x36, 0x36, 0x37, 0x17, 0x0E, 0x02, 0x07, 0x14, 0x1E, 0x02, 0x33, 0x32, 0x36, 0x36,
    0x35, 0x2E, 0x03, 0x23, 0x22, 0x06, 0x15, 0x11, 0x02, 0x64, 0x52, 0x8A, 0x54, 0x8C, 0xCD, 0x86,
    0x41, 0x48, 0xA1, 0xFE, 0xF4, 0xC4, 0xC7, 0xFE, 0xF0, 0xA4, 0x49, 0x3A, 0x66, 0x40, 0xC7, 0x2C,
    0x3B, 0x1E, 0x02, 0x29, 0x5F, 0xA2, 0x7A, 0x9D, 0xB2, 0x4A, 0x01, 0x1D, 0x39, 0x50, 0x35, 0x23,
    0x11, 0xFE, 0x22, 0x05, 0x06, 0x55, 0x82, 0x49, 0x5D, 0x9B, 0xBF, 0x63, 0x6F, 0xCF, 0xA5, 0x60,
    0x64, 0xAD, 0xDD, 0x78, 0x6C, 0xBE, 0x99, 0x34, 0x97, 0x30, 0x75, 0x7E, 0x3D, 0x52, 0x8D, 0x6A,
    0x3C, 0x62, 0xA2, 0x5E, 0x44, 0x72, 0x54, 0x2F, 0x25, 0x11, 0xFA, 0xF1, 0x00, 0x02, 0x00, 0x46,
    0xFE, 0x24, 0x05, 0xB2, 0x04, 0x3A, 0x00, 0x1E, 0x00, 0x22, 0x00, 0x15, 0x40, 0x0A, 0x21, 0x07,
    0x19, 0x0B, 0x72, 0x20, 0x10, 0x00, 0x06, 0x72, 0x00, 0x2B, 0x32, 0x32, 0x2B, 0x32, 0x2F, 0x30,
    0x31, 0x13, 0x21, 0x11, 0x14, 0x1E, 0x02, 0x33, 0x32, 0x3E, 0x02, 0x35, 0x26, 0x26, 0x27, 0x21,
    0x1E, 0x02, 0x15, 0x14, 0x06, 0x06, 0x04, 0x23, 0x22, 0x24, 0x26, 0x26, 0x35, 0x01, 0x21, 0x11,
    0x21, 0x46, 0x01, 0x21, 0x3D, 0x6C, 0x90, 0x51, 0x76, 0xA1, 0x60, 0x2A, 0x02, 0x3E, 0x2D, 0x01,
    0x0B, 0x23, 0x3B, 0x24, 0x47, 0xA1, 0xFE, 0xF5, 0xC4, 0x9C, 0xFF, 0x00, 0xB7, 0x62, 0x02, 0x1B,
    0x01, 0x20, 0xFE, 0xE0, 0x04, 0x3A, 0xFE, 0x11, 0x6E, 0x94, 0x57, 0x26, 0x3C, 0x6B, 0x8D, 0x52,
    0x7E, 0xF5, 0x75, 0x3A, 0x93, 0xB2, 0x69, 0x79, 0xDC, 0xAE, 0x64, 0x46, 0x94, 0xE8, 0xA1, 0x01,
    0xEC, 0xF9, 0xEA, 0x00, 0x00, 0x02, 0x00, 0x53, 0xFF, 0xEC, 0x06, 0x42, 0x04, 0x3A, 0x00, 0x1E,
    0x00, 0x3F, 0x00, 0x19, 0x40, 0x0C, 0x01, 0x17, 0x0A, 0x0A, 0x29, 0x36, 0x1F, 0x06, 0x72, 0x36,
    0x0B, 0x72, 0x00, 0x2B, 0x2B, 0x11, 0x33, 0x33, 0x11, 0x33, 0x32, 0x30, 0x31, 0x01, 0x21, 0x1E,
    0x02, 0x15, 0x14, 0x0E, 0x02, 0x23, 0x22, 0x2E, 0x02, 0x35, 0x11, 0x33, 0x11, 0x14, 0x1E, 0x02,
    0x33, 0x32, 0x3E, 0x02, 0x35, 0x26, 0x02, 0x25, 0x21, 0x06, 0x02, 0x07, 0x14, 0x1E, 0x03, 0x33,
    0x32, 0x3E, 0x02, 0x35, 0x11, 0x33, 0x11, 0x14, 0x0E, 0x02, 0x23, 0x22, 0x2E, 0x03, 0x35, 0x34,
    0x36, 0x36, 0x04, 0x9A, 0x01, 0x12, 0x29, 0x44, 0x29, 0x2C, 0x65, 0xA8, 0x7B, 0x57, 0x8E, 0x66,
    0x36, 0xD6, 0x19, 0x2D, 0x3A, 0x21, 0x2D, 0x3C, 0x25, 0x10, 0x03, 0x49, 0xFC, 0x13, 0x01, 0x13,
    0x3B, 0x4A, 0x03, 0x0A, 0x16, 0x25, 0x35, 0x24, 0x21, 0x3B, 0x2C, 0x19, 0xD6, 0x36, 0x65, 0x8E,
    0x58, 0x62, 0x92, 0x66, 0x3E, 0x1D, 0x2A, 0x45, 0x04, 0x3A, 0x3E, 0x9C, 0xBD, 0x6F, 0x7A, 0xD4,
    0xA0, 0x5A, 0x46, 0x88, 0xC8, 0x81, 0x01, 0x44, 0xFE, 0xA4, 0x4F, 0x6D, 0x44, 0x1E, 0x3C, 0x66,
    0x80, 0x45, 0x86, 0x01, 0x04, 0x7C, 0x7C, 0xFE, 0xFC, 0x86, 0x37, 0x69, 0x5B, 0x46, 0x26, 0x1E,
    0x44, 0x6D, 0x4F, 0x01, 0x5C, 0xFE, 0xBC, 0x81, 0xC8, 0x88, 0x46, 0x3A, 0x6B, 0x92, 0xB0, 0x61,
    0x6F, 0xBD, 0x9C, 0x00, 0x00, 0x01, 0x00, 0x77, 0xFF, 0xEC, 0x04, 0xBC, 0x05, 0xC5, 0x00, 0x38,
    0x00, 0x1D, 0x40, 0x0D, 0x1D, 0x1E, 0x17, 0x36, 0x04, 0x04, 0x0D, 0x23, 0x17, 0x0B, 0x72, 0x2D,
    0x0D, 0x00, 0x2F, 0x33, 0x2B, 0x32, 0x11, 0x39, 0x2F, 0x33, 0x10, 0xCC, 0x32, 0x30, 0x31, 0x01,
    0x17, 0x06, 0x06, 0x23, 0x22, 0x24, 0x26, 0x35, 0x35, 0x34, 0x36, 0x36, 0x33, 0x32, 0x1E, 0x02,
    0x15, 0x11, 0x14, 0x06, 0x06, 0x23, 0x22, 0x2E, 0x02, 0x35, 0x35, 0x25, 0x15, 0x14, 0x16, 0x16,
    0x33, 0x32, 0x36, 0x36, 0x35, 0x11, 0x34, 0x2E, 0x02, 0x23, 0x22, 0x06, 0x06, 0x15, 0x15, 0x14,
    0x16, 0x16, 0x33, 0x32, 0x36, 0x04, 0xB1, 0x0B, 0x35, 0x90, 0x43, 0xAB, 0xFE, 0xEE, 0xA0, 0x63,
    0xAE, 0x70, 0x55, 0x89, 0x61, 0x33, 0x7B, 0xDF, 0x94, 0x6E, 0xB1, 0x81, 0x45, 0x01, 0x11, 0x37,
    0x66, 0x46, 0x38, 0x4E, 0x2A, 0x0A, 0x15, 0x1F, 0x15, 0x1B, 0x2C, 0x19, 0x4B, 0x94, 0x6D, 0x44,
    0x82, 0x03, 0x32, 0xEB, 0x0F, 0x1E, 0x85, 0xEB, 0x99, 0x16, 0x7C, 0xB0, 0x60, 0x38, 0x6B, 0x9C,
    0x63, 0xFD, 0xA5, 0x90, 0xD7, 0x75, 0x47, 0x80, 0xAE, 0x67, 0xFC, 0x01, 0xFD, 0x46, 0x6E, 0x3E,
    0x39, 0x6D, 0x4C, 0x02, 0x77, 0x25, 0x35, 0x24, 0x11, 0x1D, 0x3B, 0x2F, 0x18, 0x51, 0x82, 0x4B,
    0x16, 0x00, 0x00, 0x03, 0xFF, 0xE6, 0x00, 0x00, 0x04, 0xDD, 0x05, 0xCA, 0x00, 0x03, 0x00, 0x16,
    0x00, 0x29, 0x00, 0x1E, 0x40, 0x0E, 0x10, 0x09, 0x09, 0x1F, 0x26, 0x03, 0x72, 0x1A, 0x18, 0x16,
    0x03, 0x03, 0x02, 0x12, 0x00, 0x3F, 0x33, 0x11, 0x33, 0x33, 0x33, 0x2B, 0x32, 0x32, 0x11, 0x33,
    0x30, 0x31, 0x01, 0x11, 0x21, 0x11, 0x37, 0x13, 0x3E, 0x02, 0x33, 0x32, 0x16, 0x17, 0x07, 0x26,
    0x26, 0x23, 0x22, 0x06, 0x06, 0x07, 0x01, 0x27, 0x03, 0x13, 0x17, 0x07, 0x01, 0x2E, 0x02, 0x23,
    0x22, 0x06, 0x07, 0x27, 0x36, 0x36, 0x33, 0x32, 0x16, 0x16, 0x02, 0xF6, 0xFE, 0xD3, 0x85, 0xC9,
    0x21, 0x59, 0x72, 0x48, 0x2A, 0x49, 0x1F, 0x25, 0x04, 0x2B, 0x0C, 0x19, 0x27, 0x1D, 0x0B, 0xFE,
    0xD6, 0xBD, 0x81, 0xCB, 0x1C, 0xC0, 0xFE, 0xD8, 0x0A, 0x20, 0x27, 0x17, 0x0C, 0x2B, 0x03, 0x24,
    0x1E, 0x48, 0x2B, 0x45, 0x72, 0x5C, 0x02, 0xBD, 0xFD, 0x43, 0x02, 0xBD, 0x0F, 0x02, 0x0C, 0x57,
    0x6A, 0x31, 0x10, 0x0A, 0xDE, 0x02, 0x03, 0x11, 0x21, 0x18, 0xFD, 0x47, 0x01, 0x03, 0x0B, 0xFD,
    0xE6, 0xF1, 0x01, 0x02, 0xB9, 0x19, 0x21, 0x10, 0x03, 0x02, 0xDE, 0x0A, 0x10, 0x29, 0x65, 0x00,
    0x00, 0x03, 0x00, 0x11, 0xFF, 0xEC, 0x06, 0x9B, 0x04, 0x3A, 0x00, 0x03, 0x00, 0x24, 0x00, 0x45,
    0x00, 0x21, 0x40, 0x10, 0x26, 0x05, 0x03, 0x1C, 0x0F, 0x2F, 0x3C, 0x0B, 0x72, 0x3C, 0x0F, 0x02,
    0x03, 0x06, 0x72, 0x0F, 0x00, 0x2F, 0x2B, 0x32, 0x11, 0x39, 0x2B, 0x32, 0x11, 0x33, 0x11, 0x33,
    0x33, 0x30, 0x31, 0x01, 0x15, 0x21, 0x35, 0x21, 0x21, 0x1E, 0x02, 0x15, 0x14, 0x0E, 0x03, 0x23,
    0x22, 0x2E, 0x02, 0x35, 0x35, 0x33, 0x15, 0x14, 0x1E, 0x02, 0x33, 0x32, 0x3E, 0x03, 0x35, 0x26,
    0x02, 0x25, 0x21, 0x06, 0x02, 0x07, 0x14, 0x1E, 0x03, 0x33, 0x32, 0x3E, 0x02, 0x35, 0x35, 0x33,
    0x15, 0x14, 0x0E, 0x02, 0x23, 0x22, 0x2E, 0x03, 0x35, 0x34, 0x36, 0x36, 0x06, 0x9B, 0xF9, 0x76,
    0x04, 0x97, 0x01, 0x12, 0x29, 0x43, 0x2A, 0x1C, 0x3D, 0x63, 0x8F, 0x61, 0x5B, 0x93, 0x69, 0x38,
    0xD5, 0x1C, 0x30, 0x3F, 0x25, 0x22, 0x33, 0x22, 0x15, 0x0A, 0x04, 0x49, 0xFC, 0x07, 0x01, 0x12,
    0x3A, 0x4A, 0x04, 0x0A, 0x15, 0x22, 0x33, 0x21, 0x26, 0x3F, 0x31, 0x1B, 0xD6, 0x38, 0x6A, 0x93,
    0x5C, 0x60, 0x8F, 0x63, 0x3D, 0x1C, 0x29, 0x45, 0x04, 0x3A, 0xC7, 0xC7, 0x3E, 0x9C, 0xBD, 0x6F,
    0x61, 0xB0, 0x92, 0x6B, 0x3A, 0x46, 0x88, 0xC8, 0x81, 0xB5, 0xCD, 0x4F, 0x6D, 0x44, 0x1E, 0x26,
    0x46, 0x5B, 0x69, 0x37, 0x86, 0x01, 0x04, 0x7C, 0x7C, 0xFE, 0xFC, 0x86, 0x37, 0x69, 0x5B, 0x46,
    0x26, 0x1E, 0x44, 0x6D, 0x4F, 0xCD, 0xB5, 0x81, 0xC8, 0x88, 0x46, 0x3A, 0x6B, 0x92, 0xB0, 0x61,
    0x6F, 0xBD, 0x9C, 0x00, 0x00, 0x03, 0x00, 0x1D, 0xFF, 0xEF, 0x05, 0xC2, 0x05, 0xB0, 0x00, 0x1B,
    0x00, 0x1F, 0x00, 0x23, 0x00, 0x21, 0x40, 0x11, 0x1F, 0x23, 0x18, 0x05, 0x05, 0x0E, 0x22, 0x23,
    0x1E, 0x08, 0x72, 0x23, 0x02, 0x72, 0x0E, 0x09, 0x72, 0x00, 0x2B, 0x2B, 0x2B, 0x11, 0x33, 0x12,
    0x39, 0x2F, 0x33, 0x11, 0x33, 0x30, 0x31, 0x01, 0x35, 0x3E, 0x02, 0x33, 0x32, 0x16, 0x16, 0x15,
    0x14, 0x0E, 0x02, 0x23, 0x27, 0x32, 0x3E, 0x02, 0x37, 0x34, 0x26, 0x26, 0x23, 0x22, 0x06, 0x06,
    0x13, 0x11, 0x21, 0x11, 0x21, 0x15, 0x21, 0x35, 0x02, 0x34, 0x36, 0x7D, 0x82, 0x3E, 0xA0, 0xF3,
    0x88, 0x38, 0x80, 0xD6, 0x9E, 0x01, 0x57, 0x67, 0x33, 0x11, 0x01, 0x3C, 0x73, 0x51, 0x46, 0x73,
    0x6E, 0x42, 0xFE, 0xD5, 0x03, 0x06, 0xFB, 0x8F, 0x02, 0x57, 0xE8, 0x10, 0x1D, 0x13, 0x63, 0xC9,
    0x99, 0x55, 0xA3, 0x85, 0x4E, 0xDC, 0x2A, 0x44, 0x4E, 0x23, 0x47, 0x68, 0x3A, 0x0E, 0x1A, 0x03,
    0x45, 0xFA, 0x50, 0x05, 0xB0, 0xEB, 0xEB, 0x00, 0x00, 0x02, 0x00, 0x56, 0xFF, 0xEB, 0x04, 0xFB,
    0x05, 0xC4, 0x00, 0x03, 0x00, 0x2C, 0x00, 0x1D, 0x40, 0x0E, 0x03, 0x02, 0x02, 0x09, 0x1D, 0x19,
    0x14, 0x03, 0x72, 0x29, 0x04, 0x09, 0x09, 0x72, 0x00, 0x2B, 0xCC, 0x33, 0x2B, 0xCC, 0x33, 0x12,
    0x39, 0x2F, 0x33, 0x30, 0x31, 0x01, 0x15, 0x21, 0x35, 0x01, 0x21, 0x0E, 0x02, 0x23, 0x22, 0x26,
    0x26, 0x02, 0x35, 0x35, 0x34, 0x12, 0x36, 0x36, 0x33, 0x32, 0x16, 0x16, 0x17, 0x21, 0x2E, 0x02,
    0x23, 0x22, 0x0E, 0x02, 0x15, 0x15, 0x14, 0x1E, 0x03, 0x33, 0x32, 0x36, 0x36, 0x03, 0x41, 0xFD,
    0xB1, 0x02, 0xDC, 0x01, 0x2C, 0x09, 0x90, 0xFF, 0xB2, 0x8C, 0xDF, 0x9C, 0x53, 0x55, 0x9F, 0xDE,
    0x8A, 0xB7, 0xFA, 0x8B, 0x0D, 0xFE, 0xD6, 0x07, 0x3B, 0x79, 0x64, 0x4A, 0x72, 0x4D, 0x27, 0x16,
    0x2E, 0x47, 0x63, 0x40, 0x5E, 0x7A, 0x40, 0x03, 0x4F, 0xEA, 0xEA, 0xFE, 0x94, 0x94, 0xE3, 0x81,
    0x62, 0xB5, 0x01, 0x02, 0xA1, 0x63, 0xA1, 0x01, 0x02, 0xB8, 0x61, 0x84, 0xE7, 0x95, 0x58, 0x7C,
    0x41, 0x39, 0x74, 0xAD, 0x75, 0x65, 0x5B, 0x93, 0x70, 0x4C, 0x27, 0x3E, 0x78, 0x00, 0x00, 0x03,
    0x00, 0x29, 0x00, 0x00, 0x08, 0x36, 0x05, 0xB0, 0x00, 0x11, 0x00, 0x15, 0x00, 0x2E, 0x00, 0x27,
    0x40, 0x13, 0x24, 0x21, 0x21, 0x09, 0x2E, 0x16, 0x16, 0x00, 0x0A, 0x09, 0x08, 0x72, 0x14, 0x15,
    0x15, 0x23, 0x00, 0x02, 0x72, 0x00, 0x2B, 0x32, 0x32, 0x11, 0x33, 0x2B, 0x32, 0x12, 0x39, 0x2F,
    0x33, 0x11, 0x33, 0x11, 0x33, 0x30, 0x31, 0x01, 0x21, 0x03, 0x0E, 0x04, 0x23, 0x23, 0x35, 0x37,
    0x3E, 0x04, 0x37, 0x01, 0x15, 0x21, 0x35, 0x01, 0x21, 0x32, 0x16, 0x16, 0x15, 0x14, 0x0E, 0x02,
    0x23, 0x21, 0x11, 0x21, 0x11, 0x33, 0x32, 0x36, 0x36, 0x35, 0x34, 0x26, 0x26, 0x23, 0x21, 0x01,
    0x54, 0x01, 0x2A, 0x24, 0x09, 0x2C, 0x4C, 0x6F, 0x96, 0x60, 0x4B, 0x27, 0x31, 0x4A, 0x35, 0x22,
    0x15, 0x05, 0x03, 0x0E, 0xFD, 0x2F, 0x03, 0x3F, 0x01, 0x54, 0xAB, 0xF8, 0x87, 0x4D, 0x90, 0xCD,
    0x80, 0xFD, 0xE8, 0x01, 0x2C, 0xEC, 0x55, 0x71, 0x38, 0x38, 0x71, 0x55, 0xFE, 0xAC, 0x05, 0xB0,
    0xFD, 0x25, 0xA4, 0xF2, 0xA9, 0x67, 0x2F, 0xEA, 0x03, 0x05, 0x2A, 0x54, 0x83, 0xBE, 0x7F, 0x02,
    0x80, 0xEB, 0xEB, 0xFE, 0x0B, 0x7C, 0xD8, 0x89, 0x68, 0xAE, 0x81, 0x47, 0x05, 0xB0, 0xFB, 0x3A,
    0x45, 0x70, 0x41, 0x3E, 0x6E, 0x45, 0x00, 0x03, 0x00, 0x83, 0x00, 0x00, 0x08, 0x38, 0x05, 0xB0,
    0x00, 0x03, 0x00, 0x07, 0x00, 0x20, 0x00, 0x23, 0x40, 0x11, 0x08, 0x20, 0x20, 0x03, 0x02, 0x02,
    0x06, 0x15, 0x07, 0x02, 0x72, 0x16, 0x13, 0x13, 0x06, 0x08, 0x72, 0x00, 0x2B, 0x32, 0x11, 0x33,
    0x2B, 0x32, 0x11, 0x39, 0x2F, 0x33, 0x33, 0x2F, 0x33, 0x30, 0x31, 0x01, 0x15, 0x21, 0x35, 0x13,
    0x11, 0x21, 0x11, 0x01, 0x21, 0x32, 0x16, 0x16, 0x15, 0x14, 0x0E, 0x02, 0x23, 0x21, 0x11, 0x21,
    0x11, 0x33, 0x32, 0x36, 0x36, 0x35, 0x34, 0x26, 0x26, 0x23, 0x21, 0x04, 0x4E, 0xFD, 0x08, 0x59,
    0xFE, 0xD4, 0x04, 0x39, 0x01, 0x53, 0xAB, 0xF8, 0x86, 0x4C, 0x90, 0xCD, 0x80, 0xFD, 0xE8, 0x01,
    0x2C, 0xEC, 0x55, 0x71, 0x38, 0x38, 0x71, 0x55, 0xFE, 0xAD, 0x03, 0x48, 0xEA, 0xEA, 0x02, 0x68,
    0xFA, 0x50, 0x05, 0xB0, 0xFE, 0x00, 0x7A, 0xD4, 0x89, 0x67, 0xAD, 0x7F, 0x46, 0x05, 0xB0, 0xFB,
    0x3B, 0x43, 0x6E, 0x3F, 0x3E, 0x6B, 0x42, 0x00, 0x00, 0x03, 0x00, 0x20, 0x00, 0x00, 0x05, 0xB4,
    0x05, 0xB0, 0x00, 0x15, 0x00, 0x19, 0x00, 0x1D, 0x00, 0x1D, 0x40, 0x0E, 0x19, 0x01, 0x18, 0x06,
    0x11, 0x11, 0x18, 0x1C, 0x1D, 0x02, 0x72, 0x18, 0x08, 0x72, 0x00, 0x2B, 0x2B, 0x32, 0x11, 0x39,
    0x2F, 0x33, 0x11, 0x33, 0x32, 0x30, 0x31, 0x25, 0x21, 0x11, 0x34, 0x26, 0x26, 0x23, 0x22, 0x0E,
    0x02, 0x07, 0x35, 0x3E, 0x03, 0x33, 0x32, 0x04, 0x16, 0x15, 0x01, 0x11, 0x21, 0x11, 0x21, 0x15,
    0x21, 0x35, 0x05, 0xB4, 0xFE, 0xD6, 0x3C, 0x79, 0x5B, 0x22, 0x5D, 0x63, 0x59, 0x1E, 0x1F, 0x58,
    0x63, 0x5D, 0x22, 0xAE, 0x01, 0x00, 0x8C, 0xFC, 0xF0, 0xFE, 0xD4, 0x02, 0xFE, 0xFB, 0xAA, 0x01,
    0x01, 0xBF, 0x60, 0x6B, 0x2B, 0x06, 0x0D, 0x11, 0x0B, 0xEA, 0x0B, 0x11, 0x0D, 0x06, 0x64, 0xD4,
    0xA8, 0x03, 0xF0, 0xFA, 0x50, 0x05, 0xB0, 0xEB, 0xEB, 0x00, 0x00, 0x02, 0x00, 0x73, 0xFE, 0x98,
    0x05, 0x15, 0x05, 0xB0, 0x00, 0x07, 0x00, 0x0B, 0x00, 0x17, 0x40, 0x0B, 0x09, 0x06, 0x01, 0x02,
    0x72, 0x0B, 0x03, 0x03, 0x00, 0x08, 0x72, 0x00, 0x2B, 0x32, 0x12, 0x39, 0x2B, 0x32, 0x2F, 0x30,
    0x31, 0x33, 0x11, 0x21, 0x11, 0x21, 0x11, 0x21, 0x11, 0x25, 0x11, 0x21, 0x11, 0x73, 0x01, 0x2C,
    0x02, 0x49, 0x01, 0x2D, 0xFE, 0x53, 0xFE, 0xD3, 0x05, 0xB0, 0xFB, 0x3A, 0x04, 0xC6, 0xFA, 0x50,
    0xE4, 0xFD, 0xB4, 0x02, 0x4C, 0x00, 0x00, 0x02, 0x00, 0x80, 0x00, 0x00, 0x04, 0xC2, 0x05, 0xB0,
    0x00, 0x05, 0x00, 0x1E, 0x00, 0x21, 0x40, 0x10, 0x06, 0x1E, 0x1E, 0x04, 0x02, 0x13, 0x13, 0x05,
    0x02, 0x72, 0x14, 0x11, 0x11, 0x04, 0x08, 0x72, 0x00, 0x2B, 0x32, 0x11, 0x33, 0x2B, 0x32, 0x11,
    0x33, 0x11, 0x39, 0x2F, 0x33, 0x30, 0x31, 0x01, 0x15, 0x21, 0x11, 0x21, 0x11, 0x13, 0x21, 0x32,
    0x16, 0x16, 0x15, 0x14, 0x0E, 0x02, 0x23, 0x21, 0x11, 0x21, 0x11, 0x33, 0x32, 0x36, 0x36, 0x35,
    0x34, 0x26, 0x26, 0x23, 0x21, 0x04, 0x3A, 0xFD, 0x71, 0xFE, 0xD5, 0xC4, 0x01, 0x54, 0xAC, 0xF8,
    0x86, 0x4C, 0x91, 0xCC, 0x81, 0xFD, 0xE8, 0x01, 0x2D, 0xEB, 0x56, 0x70, 0x39, 0x39, 0x70, 0x56,
    0xFE, 0xAC, 0x05, 0xB0, 0xEB, 0xFB, 0x3B, 0x05, 0xB0, 0xFD, 0xED, 0x72, 0xCE, 0x89, 0x68, 0xAB,
    0x7D, 0x44, 0x05, 0xB0, 0xFB, 0x3A, 0x40, 0x6B, 0x41, 0x3E, 0x65, 0x3A, 0x00, 0x06, 0x00, 0x1B,
    0xFE, 0x9A, 0x05, 0xDD, 0x05, 0xB0, 0x00, 0x03, 0x00, 0x07, 0x00, 0x0B, 0x00, 0x0F, 0x00, 0x13,
    0x00, 0x25, 0x00, 0x27, 0x40, 0x13, 0x0B, 0x11, 0x11, 0x20, 0x03, 0x03, 0x07, 0x1E, 0x08, 0x72,
    0x0E, 0x0F, 0x0F, 0x10, 0x14, 0x02, 0x72, 0x09, 0x05, 0x00, 0x2F, 0x33, 0x2B, 0x32, 0x32, 0x11,
    0x33, 0x2B, 0x32, 0x32, 0x11, 0x33, 0x32, 0x11, 0x33, 0x30, 0x31, 0x25, 0x15, 0x21, 0x35, 0x33,
    0x11, 0x21, 0x03, 0x21, 0x03, 0x21, 0x11, 0x03, 0x15, 0x21, 0x35, 0x21, 0x11, 0x21, 0x11, 0x21,
    0x21, 0x03, 0x0E, 0x05, 0x07, 0x23, 0x35, 0x33, 0x3E, 0x03, 0x37, 0x05, 0x05, 0xFB, 0xE7, 0x59,
    0xFE, 0xE6, 0x10, 0x05, 0xC2, 0x1A, 0xFE, 0xED, 0x50, 0xFD, 0x43, 0x03, 0x93, 0xFE, 0xD5, 0xFD,
    0x73, 0x01, 0x2C, 0x27, 0x09, 0x2D, 0x3F, 0x4C, 0x54, 0x56, 0x29, 0xAC, 0x43, 0x1D, 0x41, 0x3B,
    0x2D, 0x0B, 0xEA, 0xEA, 0xEA, 0xFD, 0xB1, 0x02, 0x4F, 0xFD, 0xB0, 0x02, 0x50, 0x04, 0xC6, 0xEB,
    0xEB, 0xFA, 0x50, 0x05, 0xB0, 0xFD, 0xAF, 0x93, 0xE1, 0xAA, 0x7F, 0x5D, 0x47, 0x1E, 0xEA, 0x18,
    0x54, 0x8F, 0xDC, 0x9E, 0x00, 0x05, 0x00, 0x10, 0x00, 0x00, 0x07, 0xFE, 0x05, 0xB0, 0x00, 0x05,
    0x00, 0x09, 0x00, 0x0D, 0x00, 0x13, 0x00, 0x17, 0x00, 0x27, 0x40, 0x13, 0x16, 0x11, 0x09, 0x03,
    0x03, 0x00, 0x00, 0x0F, 0x0F, 0x14, 0x0C, 0x08, 0x08, 0x72, 0x0E, 0x0A, 0x01, 0x02, 0x72, 0x00,
    0x2B, 0x32, 0x32, 0x2B, 0x32, 0x32, 0x32, 0x2F, 0x33, 0x11, 0x33, 0x11, 0x33, 0x33, 0x33, 0x30,
    0x31, 0x01, 0x01, 0x21, 0x01, 0x33, 0x03, 0x27, 0x01, 0x21, 0x01, 0x01, 0x11, 0x21, 0x11, 0x21,
    0x01, 0x21, 0x03, 0x33, 0x01, 0x13, 0x01, 0x37, 0x01, 0x02, 0x51, 0xFD, 0xD5, 0x01, 0x75, 0x01,
    0x46, 0xFD, 0x27, 0xD8, 0xFE, 0xA7, 0xFE, 0x8A, 0x01, 0xDD, 0x02, 0xB5, 0xFE, 0xD6, 0x04, 0x70,
    0xFD, 0xDD, 0xFE, 0x9C, 0x27, 0xFB, 0x01, 0x3E, 0x15, 0xFE, 0xAF, 0xF3, 0x01, 0xD4, 0x02, 0x58,
    0x03, 0x58, 0xFD, 0xB2, 0xFE, 0xF6, 0x2E, 0xFD, 0x7A, 0x03, 0x34, 0x02, 0x7C, 0xFA, 0x50, 0x05,
    0xB0, 0xFC, 0xA8, 0x01, 0x0A, 0x02, 0x4E, 0xFA, 0x50, 0x02, 0x86, 0xAE, 0xFC, 0xCC, 0x00, 0x02,
    0x00, 0x44, 0xFF, 0xED, 0x04, 0x96, 0x05, 0xC3, 0x00, 0x1E, 0x00, 0x3E, 0x00, 0x23, 0x40, 0x11,
    0x00, 0x20, 0x02, 0x02, 0x3E, 0x3E, 0x15, 0x34, 0x30, 0x2A, 0x09, 0x72, 0x0F, 0x0B, 0x15, 0x03,
    0x72, 0x00, 0x2B, 0x32, 0xCC, 0x2B, 0xCC, 0x33, 0x12, 0x39, 0x2F, 0x33, 0x12, 0x39, 0x39, 0x30,
    0x31, 0x01, 0x23, 0x35, 0x33, 0x32, 0x36, 0x36, 0x35, 0x34, 0x26, 0x26, 0x23, 0x22, 0x06, 0x06,
    0x15, 0x21, 0x34, 0x3E, 0x02, 0x33, 0x32, 0x1E, 0x02, 0x15, 0x14, 0x0E, 0x02, 0x25, 0x33, 0x32,
    0x1E, 0x02, 0x15, 0x14, 0x0E, 0x02, 0x23, 0x22, 0x2E, 0x02, 0x35, 0x21, 0x14, 0x16, 0x16, 0x33,
    0x32, 0x36, 0x36, 0x35, 0x34, 0x2E, 0x02, 0x23, 0x23, 0x02, 0xA2, 0xE2, 0xB4, 0x4F, 0x62, 0x2E,
    0x33, 0x6A, 0x52, 0x3E, 0x66, 0x3C, 0xFE, 0xD5, 0x53, 0x91, 0xBE, 0x69, 0x7B, 0xC6, 0x8E, 0x4C,
    0x44, 0x7E, 0xB0, 0xFE, 0xB3, 0xE2, 0x77, 0xB9, 0x81, 0x43, 0x53, 0x97, 0xCD, 0x7B, 0x62, 0xC2,
    0x9E, 0x5E, 0x01, 0x2D, 0x3E, 0x6E, 0x47, 0x53, 0x75, 0x3D, 0x20, 0x3E, 0x5B, 0x3C, 0xB4, 0x02,
    0xBA, 0x9F, 0x31, 0x5A, 0x3D, 0x32, 0x54, 0x33, 0x2C, 0x4F, 0x38, 0x60, 0x99, 0x6B, 0x38, 0x35,
    0x68, 0x9A, 0x66, 0x4B, 0x84, 0x64, 0x39, 0x57, 0x32, 0x60, 0x8D, 0x5B, 0x66, 0x9E, 0x6E, 0x38,
    0x31, 0x66, 0xA0, 0x70, 0x35, 0x57, 0x33, 0x34, 0x5B, 0x37, 0x3B, 0x52, 0x35, 0x18, 0x00, 0x01,
    0x00, 0x77, 0x00, 0x00, 0x05, 0x18, 0x05, 0xB0, 0x00, 0x09, 0x00, 0x17, 0x40, 0x0B, 0x05, 0x00,
    0x06, 0x02, 0x08, 0x02, 0x72, 0x04, 0x06, 0x08, 0x72, 0x00, 0x2B, 0x32, 0x2B, 0x32, 0x12, 0x39,
    0x39, 0x30, 0x31, 0x01, 0x01, 0x21, 0x11, 0x21, 0x11, 0x01, 0x21, 0x11, 0x21, 0x01, 0xA3, 0x02,
    0x49, 0x01, 0x2C, 0xFE, 0xD4, 0xFD, 0xB7, 0xFE, 0xD4, 0x01, 0x2C, 0x01, 0xD8, 0x03, 0xD8, 0xFA,
    0x50, 0x03, 0xD8, 0xFC, 0x28, 0x05, 0xB0, 0x00, 0x00, 0x03, 0x00, 0x29, 0x00, 0x00, 0x05, 0x23,
    0x05, 0xB0, 0x00, 0x03, 0x00, 0x07, 0x00, 0x19, 0x00, 0x19, 0x40, 0x0C, 0x12, 0x05, 0x11, 0x08,
    0x72, 0x02, 0x03, 0x03, 0x04, 0x08, 0x02, 0x72, 0x00, 0x2B, 0x32, 0x32, 0x11, 0x33, 0x2B, 0x32,
    0x32, 0x30, 0x31, 0x01, 0x15, 0x21, 0x35, 0x21, 0x11, 0x21, 0x11, 0x21, 0x21, 0x03, 0x0E, 0x04,
    0x23, 0x23, 0x35, 0x37, 0x3E, 0x04, 0x37, 0x04, 0x4D, 0xFD, 0x2C, 0x03, 0xAA, 0xFE, 0xD4, 0xFD,
    0x5C, 0x01, 0x2B, 0x25, 0x08, 0x2D, 0x4C, 0x6F, 0x96, 0x60, 0x4A, 0x26, 0x31, 0x4A, 0x35, 0x23,
    0x15, 0x04, 0x05, 0xB0, 0xEB, 0xEB, 0xFA, 0x50, 0x05, 0xB0, 0xFD, 0x25, 0xA4, 0xF2, 0xA9, 0x67,
    0x2F, 0xEA, 0x03, 0x05, 0x2A, 0x54, 0x83, 0xBE, 0x7F, 0x00, 0x00, 0x02, 0x00, 0x1C, 0xFF, 0xEB,
    0x04, 0xF4, 0x05, 0xB0, 0x00, 0x13, 0x00, 0x18, 0x00, 0x1A, 0x40, 0x0E, 0x17, 0x16, 0x00, 0x15,
    0x04, 0x08, 0x02, 0x18, 0x02, 0x72, 0x0F, 0x08, 0x09, 0x72, 0x00, 0x2B, 0x32, 0x2B, 0x32, 0x12,
    0x17, 0x39, 0x30, 0x31, 0x01, 0x01, 0x21, 0x01, 0x0E, 0x03, 0x23, 0x22, 0x26, 0x27, 0x27, 0x16,
    0x16, 0x33, 0x32, 0x36, 0x36, 0x37, 0x03, 0x01, 0x13, 0x07, 0x01, 0x02, 0x4B, 0x01, 0x66, 0x01,
    0x43, 0xFE, 0x0D, 0x1A, 0x43, 0x5C, 0x80, 0x59, 0x16, 0x40, 0x13, 0x02, 0x0C, 0x34, 0x0C, 0x3B,
    0x44, 0x29, 0x10, 0xAA, 0x01, 0x4C, 0x5D, 0xDF, 0xFD, 0xF4, 0x02, 0x10, 0x03, 0xA0, 0xFB, 0x6A,
    0x3C, 0x6D, 0x55, 0x31, 0x02, 0x02, 0xEA, 0x03, 0x01, 0x22, 0x3F, 0x2B, 0x04, 0x4F, 0xFD, 0x2F,
    0xFE, 0xB5, 0x04, 0x04, 0x20, 0x00, 0x00, 0x03, 0x00, 0x48, 0xFF, 0xC4, 0x06, 0x45, 0x05, 0xEC,
    0x00, 0x15, 0x00, 0x29, 0x00, 0x2D, 0x00, 0x1B, 0x40, 0x0C, 0x1F, 0x0C, 0x0C, 0x2B, 0x16, 0x00,
    0x00, 0x2B, 0x2A, 0x03, 0x72, 0x2B, 0x00, 0x2F, 0x2B, 0x11, 0x39, 0x2F, 0x33, 0x11, 0x39, 0x2F,
    0x33, 0x30, 0x31, 0x01, 0x21, 0x32, 0x1E, 0x02, 0x15, 0x14, 0x0E, 0x02, 0x23, 0x21, 0x22, 0x2E,
    0x02, 0x35, 0x34, 0x3E, 0x02, 0x17, 0x22, 0x06, 0x06, 0x15, 0x14, 0x1E, 0x02, 0x33, 0x21, 0x32,
    0x36, 0x36, 0x35, 0x34, 0x2E, 0x02, 0x23, 0x03, 0x11, 0x21, 0x11, 0x02, 0xA6, 0x01, 0x44, 0x82,
    0xDC, 0xA3, 0x5A, 0x5A, 0xA3, 0xDC, 0x82, 0xFE, 0xBC, 0x83, 0xDC, 0xA4, 0x5B, 0x5B, 0xA4, 0xDC,
    0x83, 0x60, 0x92, 0x50, 0x2F, 0x56, 0x76, 0x47, 0x01, 0x46, 0x5F, 0x8F, 0x50, 0x2E, 0x54, 0x75,
    0x47, 0x14, 0xFE, 0xE0, 0x05, 0x2D, 0x55, 0x9F, 0xDF, 0x89, 0x86, 0xDB, 0x9C, 0x54, 0x54, 0x9B,
    0xDA, 0x86, 0x89, 0xDF, 0xA0, 0x56, 0xF0, 0x54, 0xA3, 0x77, 0x56, 0x83, 0x58, 0x2E, 0x52, 0x9E,
    0x71, 0x59, 0x88, 0x5C, 0x2F, 0x01, 0xAF, 0xF9, 0xD8, 0x06, 0x28, 0x00, 0x00, 0x02, 0x00, 0x73,
    0xFE, 0xA1, 0x05, 0xDC, 0x05, 0xB0, 0x00, 0x05, 0x00, 0x0D, 0x00, 0x19, 0x40, 0x0C, 0x0C, 0x07,
    0x02, 0x72, 0x05, 0x04, 0x04, 0x09, 0x06, 0x08, 0x72, 0x01, 0x00, 0x2F, 0x2B, 0x32, 0x32, 0x11,
    0x33, 0x2B, 0x32, 0x30, 0x31, 0x25, 0x03, 0x21, 0x11, 0x23, 0x35, 0x05, 0x11, 0x21, 0x11, 0x21,
    0x11, 0x21, 0x11, 0x05, 0xDC, 0x13, 0xFE, 0xE8, 0x77, 0xFC, 0x39, 0x01, 0x2B, 0x02, 0x4A, 0x01,
    0x2D, 0xE9, 0xFD, 0xB8, 0x01, 0x5F, 0xE9, 0xE9, 0x05, 0xB0, 0xFB, 0x3A, 0x04, 0xC6, 0xFA, 0x50,
    0x00, 0x02, 0x00, 0x8B, 0x00, 0x00, 0x05, 0x0C, 0x05, 0xB0, 0x00, 0x15, 0x00, 0x19, 0x00, 0x17,
    0x40, 0x0B, 0x17, 0x06, 0x11, 0x11, 0x18, 0x00, 0x02, 0x72, 0x18, 0x08, 0x72, 0x00, 0x2B, 0x2B,
    0x11, 0x39, 0x2F, 0x33, 0x32, 0x30, 0x31, 0x13, 0x21, 0x11, 0x14, 0x16, 0x16, 0x33, 0x32, 0x3E,
    0x02, 0x37, 0x15, 0x0E, 0x03, 0x23, 0x22, 0x24, 0x26, 0x35, 0x01, 0x21, 0x11, 0x21, 0x8B, 0x01,
    0x2D, 0x3B, 0x79, 0x5A, 0x22, 0x5D, 0x62, 0x5A, 0x1E, 0x1E, 0x5A, 0x62, 0x5D, 0x22, 0xAE, 0xFF,
    0x00, 0x8D, 0x03, 0x55, 0x01, 0x2C, 0xFE, 0xD4, 0x05, 0xB0, 0xFE, 0x41, 0x60, 0x6C, 0x2B, 0x06,
    0x0D, 0x11, 0x0B, 0xEA, 0x0A, 0x12, 0x0D, 0x06, 0x64, 0xD5, 0xA8, 0x01, 0xBF, 0xFA, 0x50, 0x00,
    0x00, 0x01, 0x00, 0x7F, 0x00, 0x00, 0x07, 0x2B, 0x05, 0xB0, 0x00, 0x0B, 0x00, 0x19, 0x40, 0x0C,
    0x05, 0x09, 0x06, 0x02, 0x02, 0x0B, 0x00, 0x02, 0x72, 0x0B, 0x08, 0x72, 0x00, 0x2B, 0x2B, 0x11,
    0x33, 0x11, 0x33, 0x32, 0x32, 0x30, 0x31, 0x13, 0x21, 0x11, 0x21, 0x11, 0x21, 0x11, 0x21, 0x11,
    0x21, 0x11, 0x21, 0x7F, 0x01, 0x2D, 0x01, 0x96, 0x01, 0x2C, 0x01, 0x92, 0x01, 0x2B, 0xF9, 0x54,
    0x05, 0xB0, 0xFB, 0x3A, 0x04, 0xC6, 0xFB, 0x3A, 0x04, 0xC6, 0xFA, 0x50, 0x00, 0x02, 0x00, 0x7F,
    0xFE, 0xA2, 0x07, 0xEC, 0x05, 0xB0, 0x00, 0x05, 0x00, 0x11, 0x00, 0x1D, 0x40, 0x0E, 0x0C, 0x05,
    0x08, 0x08, 0x04, 0x11, 0x08, 0x72, 0x0F, 0x0B, 0x06, 0x02, 0x72, 0x01, 0x00, 0x2F, 0x2B, 0x32,
    0x32, 0x2B, 0x32, 0x32, 0x11, 0x33, 0x33, 0x30, 0x31, 0x25, 0x03, 0x21, 0x11, 0x23, 0x35, 0x01,
    0x21, 0x11, 0x21, 0x11, 0x21, 0x11, 0x21, 0x11, 0x21, 0x11, 0x21, 0x07, 0xEC, 0x13, 0xFE, 0xF4,
    0x7A, 0xFA, 0x2C, 0x01, 0x2D, 0x01, 0x96, 0x01, 0x2C, 0x01, 0x92, 0x01, 0x2B, 0xF9, 0x54, 0xE1,
    0xFD, 0xC1, 0x01, 0x5F, 0xE0, 0x04, 0xCF, 0xFB, 0x3A, 0x04, 0xC6, 0xFB, 0x3A, 0x04, 0xC6, 0xFA,
    0x50, 0x00, 0x00, 0x02, 0x00, 0x18, 0x00, 0x00, 0x05, 0xEE, 0x05, 0xB0, 0x00, 0x03, 0x00, 0x1C,
    0x00, 0x1D, 0x40, 0x0E, 0x11, 0x12, 0x0F, 0x04, 0x1C, 0x1C, 0x0F, 0x00, 0x01, 0x02, 0x72, 0x0F,
    0x08, 0x72, 0x00, 0x2B, 0x2B, 0x32, 0x11, 0x39, 0x2F, 0x33, 0x11, 0x33, 0x32, 0x30, 0x31, 0x13,
    0x35, 0x21, 0x15, 0x13, 0x21, 0x32, 0x16, 0x16, 0x15, 0x14, 0x0E, 0x02, 0x23, 0x21, 0x11, 0x21,
    0x11, 0x33, 0x32, 0x36, 0x36, 0x35, 0x34, 0x26, 0x26, 0x23, 0x21, 0x18, 0x02, 0x0B, 0x4D, 0x01,
    0x54, 0xAB, 0xF9, 0x86, 0x4D, 0x90, 0xCC, 0x81, 0xFD, 0xE8, 0x01, 0x2D, 0xEB, 0x55, 0x71, 0x38,
    0x38, 0x71, 0x55, 0xFE, 0xAC, 0x04, 0xCF, 0xE1, 0xE1, 0xFE, 0xCE, 0x72, 0xCE, 0x89, 0x68, 0xAB,
    0x7D, 0x44, 0x05, 0xB0, 0xFB, 0x3A, 0x40, 0x6B, 0x41, 0x3E, 0x65, 0x3A, 0x00, 0x02, 0x00, 0x84,
    0x00, 0x00, 0x06, 0x71, 0x05, 0xB0, 0x00, 0x18, 0x00, 0x1C, 0x00, 0x1D, 0x40, 0x0E, 0x1A, 0x19,
    0x0E, 0x0B, 0x00, 0x18, 0x18, 0x0B, 0x0C, 0x02, 0x72, 0x0B, 0x08, 0x72, 0x00, 0x2B, 0x2B, 0x11,
    0x39, 0x2F, 0x33, 0x11, 0x33, 0x32, 0x33, 0x30, 0x31, 0x01, 0x21, 0x32, 0x16, 0x16, 0x15, 0x14,
    0x0E, 0x02, 0x23, 0x21, 0x11, 0x21, 0x11, 0x33, 0x32, 0x36, 0x36, 0x35, 0x34, 0x26, 0x26, 0x23,
    0x21, 0x01, 0x11, 0x21, 0x11, 0x01, 0x48, 0x01, 0x54, 0xAB, 0xF9, 0x85, 0x4C, 0x90, 0xCC, 0x81,
    0xFD, 0xE8, 0x01, 0x2D, 0xEB, 0x55, 0x71, 0x38, 0x38, 0x71, 0x55, 0xFE, 0xAC, 0x05, 0x29, 0xFE,
    0xD5, 0x03, 0x9D, 0x72, 0xCE, 0x89, 0x68, 0xAB, 0x7D, 0x44, 0x05, 0xB0, 0xFB, 0x3A, 0x40, 0x6B,
    0x41, 0x3E, 0x65, 0x3A, 0x02, 0xFD, 0xFA, 0x50, 0x05, 0xB0, 0x00, 0x01, 0x00, 0x80, 0x00, 0x00,
    0x04, 0xC2, 0x05, 0xB0, 0x00, 0x18, 0x00, 0x19, 0x40, 0x0C, 0x0E, 0x0B, 0x00, 0x18, 0x18, 0x0B,
    0x0C, 0x02, 0x72, 0x0B, 0x08, 0x72, 0x00, 0x2B, 0x2B, 0x11, 0x39, 0x2F, 0x33, 0x11, 0x33, 0x30,
    0x31, 0x01, 0x21, 0x32, 0x16, 0x16, 0x15, 0x14, 0x0E, 0x02, 0x23, 0x21, 0x11, 0x21, 0x11, 0x33,
    0x32, 0x36, 0x36, 0x35, 0x34, 0x26, 0x26, 0x23, 0x21, 0x01, 0x44, 0x01, 0x54, 0xAC, 0xF8, 0x86,
    0x4C, 0x91, 0xCC, 0x81, 0xFD, 0xE8, 0x01, 0x2D, 0xEB, 0x56, 0x70, 0x39, 0x39, 0x70, 0x56, 0xFE,
    0xAC, 0x03, 0x9D, 0x72, 0xCE, 0x89, 0x68, 0xAB, 0x7D, 0x44, 0x05, 0xB0, 0xFB, 0x3A, 0x40, 0x6B,
    0x41, 0x3E, 0x65, 0x3A, 0x00, 0x02, 0x00, 0x3A, 0xFF, 0xEB, 0x04, 0xDE, 0x05, 0xC4, 0x00, 0x03,
    0x00, 0x2C, 0x00, 0x1D, 0x40, 0x0E, 0x03, 0x02, 0x02, 0x1E, 0x09, 0x05, 0x29, 0x09, 0x72, 0x19,
    0x15, 0x1E, 0x03, 0x72, 0x00, 0x2B, 0x32, 0xCC, 0x2B, 0xCC, 0x33, 0x12, 0x39, 0x2F, 0x33, 0x30,
    0x31, 0x01, 0x15, 0x21, 0x35, 0x01, 0x21, 0x1E, 0x02, 0x33, 0x32, 0x3E, 0x02, 0x35, 0x35, 0x34,
    0x2E, 0x03, 0x23, 0x22, 0x06, 0x06, 0x07, 0x21, 0x3E, 0x02, 0x33, 0x32, 0x16, 0x16, 0x12, 0x15,
    0x15, 0x14, 0x02, 0x06, 0x06, 0x23, 0x22, 0x26, 0x26, 0x04, 0x53, 0xFD, 0x95, 0xFE, 0x53, 0x01,
    0x2B, 0x07, 0x41, 0x7A, 0x5E, 0x50, 0x72, 0x49, 0x23, 0x19, 0x31, 0x4A, 0x61, 0x3C, 0x63, 0x79,
    0x3B, 0x07, 0xFE, 0xD5, 0x0E, 0x8B, 0xFA, 0xB6, 0x8A, 0xDF, 0x9E, 0x54, 0x52, 0x9C, 0xDE, 0x8C,
    0xB2, 0xFF, 0x8F, 0x03, 0x4D, 0xEB, 0xEB, 0xFE, 0x96, 0x59, 0x78, 0x3E, 0x3D, 0x75, 0xAE, 0x71,
    0x65, 0x5D, 0x95, 0x6F, 0x49, 0x25, 0x41, 0x7C, 0x58, 0x95, 0xE7, 0x84, 0x61, 0xB8, 0xFE, 0xFE,
    0xA1, 0x63, 0xA1, 0xFE, 0xFE, 0xB5, 0x62, 0x81, 0xE3, 0x00, 0x00, 0x04, 0x00, 0x8E, 0xFF, 0xEC,
    0x07, 0x36, 0x05, 0xC4, 0x00, 0x03, 0x00, 0x07, 0x00, 0x1D, 0x00, 0x33, 0x00, 0x23, 0x40, 0x13,
    0x2F, 0x07, 0x06, 0x06, 0x0E, 0x24, 0x19, 0x03, 0x02, 0x72, 0x02, 0x08, 0x72, 0x19, 0x03, 0x72,
    0x0E, 0x09, 0x72, 0x00, 0x2B, 0x2B, 0x2B, 0x2B, 0x11, 0x33, 0x12, 0x39, 0x2F, 0x33, 0x32, 0x30,
    0x31, 0x01, 0x11, 0x21, 0x11, 0x01, 0x15, 0x21, 0x35, 0x05, 0x15, 0x14, 0x02, 0x06, 0x06, 0x23,
    0x22, 0x26, 0x26, 0x02, 0x35, 0x35, 0x34, 0x12, 0x36, 0x36, 0x33, 0x32, 0x16, 0x16, 0x12, 0x05,
    0x35, 0x34, 0x2E, 0x02, 0x23, 0x22, 0x0E, 0x02, 0x15, 0x15, 0x14, 0x1E, 0x02, 0x33, 0x32, 0x3E,
    0x02, 0x01, 0xBA, 0xFE, 0xD4, 0x02, 0x42, 0xFE, 0x73, 0x05, 0xF3, 0x5A, 0xA4, 0xE3, 0x8A, 0x89,
    0xE3, 0xA7, 0x5A, 0x5A, 0xA5, 0xE3, 0x89, 0x8A, 0xE3, 0xA5, 0x5B, 0xFE, 0xD1, 0x2A, 0x52, 0x76,
    0x4C, 0x4C, 0x75, 0x51, 0x2A, 0x2A, 0x52, 0x76, 0x4C, 0x4C, 0x75, 0x51, 0x2A, 0x05, 0xB0, 0xFA,
    0x50, 0x05, 0xB0, 0xFD, 0x7B, 0xE1, 0xE1, 0x31, 0x45, 0xA6, 0xFE, 0xF8, 0xB9, 0x62, 0x62, 0xB9,
    0x01, 0x08, 0xA6, 0x45, 0xA7, 0x01, 0x07, 0xBA, 0x62, 0x62, 0xBA, 0xFE, 0xF9, 0xEC, 0x47, 0x74,
    0xB0, 0x78, 0x3D, 0x3D, 0x78, 0xB0, 0x74, 0x47, 0x73, 0xB1, 0x79, 0x3E, 0x3E, 0x79, 0xB1, 0x00,
    0x00, 0x02, 0xFF, 0xDF, 0x00, 0x00, 0x04, 0x4D, 0x05, 0xB0, 0x00, 0x16, 0x00, 0x1A, 0x00, 0x1F,
    0x40, 0x0F, 0x17, 0x16, 0x16, 0x00, 0x00, 0x09, 0x0C, 0x0C, 0x19, 0x08, 0x72, 0x0E, 0x09, 0x02,
    0x72, 0x00, 0x2B, 0x32, 0x2B, 0x32, 0x11, 0x12, 0x39, 0x2F, 0x33, 0x12, 0x39, 0x30, 0x31, 0x01,
    0x21, 0x27, 0x26, 0x26, 0x35, 0x34, 0x36, 0x36, 0x33, 0x21, 0x11, 0x21, 0x11, 0x23, 0x22, 0x06,
    0x15, 0x14, 0x16, 0x16, 0x33, 0x21, 0x05, 0x01, 0x21, 0x01, 0x03, 0x88, 0xFE, 0x74, 0x65, 0xAB,
    0xB5, 0x83, 0xF1, 0xA6, 0x01, 0xFC, 0xFE, 0xD3, 0xCF, 0x7B, 0x74, 0x36, 0x68, 0x4F, 0x01, 0x38,
    0xFE, 0xE0, 0xFE, 0xBD, 0xFE, 0xBB, 0x01, 0x44, 0x02, 0x11, 0x2A, 0x36, 0xD8, 0xA7, 0x93, 0xC7,
    0x66, 0xFA, 0x50, 0x04, 0xC5, 0x7A, 0x70, 0x52, 0x69, 0x33, 0x63, 0xFD, 0x76, 0x02, 0x8A, 0x00,
    0x00, 0x03, 0x00, 0x54, 0xFF, 0xEB, 0x04, 0x51, 0x06, 0x16, 0x00, 0x16, 0x00, 0x2F, 0x00, 0x44,
    0x00, 0x19, 0x40, 0x0C, 0x3A, 0x22, 0x30, 0x17, 0x17, 0x22, 0x00, 0x01, 0x72, 0x22, 0x0B, 0x72,
    0x00, 0x2B, 0x2B, 0x11, 0x39, 0x2F, 0x33, 0x11, 0x33, 0x30, 0x31, 0x01, 0x33, 0x14, 0x0E, 0x02,
    0x07, 0x0E, 0x03, 0x17, 0x15, 0x07, 0x35, 0x36, 0x12, 0x36, 0x36, 0x37, 0x3E, 0x02, 0x03, 0x32,
    0x1E, 0x02, 0x15, 0x15, 0x14, 0x0E, 0x02, 0x23, 0x22, 0x2E, 0x02, 0x35, 0x35, 0x34, 0x36, 0x36,
    0x37, 0x3E, 0x02, 0x17, 0x22, 0x06, 0x06, 0x15, 0x15, 0x14, 0x1E, 0x02, 0x33, 0x32, 0x3E, 0x02,
    0x35, 0x35, 0x34, 0x2E, 0x02, 0x03, 0x07, 0xE9, 0x28, 0x58, 0x94, 0x6D, 0x54, 0x7B, 0x4F, 0x22,
    0x05, 0xE0, 0x01, 0x45, 0x80, 0xB4, 0x6E, 0x4A, 0x59, 0x28, 0x7E, 0x6E, 0xAA, 0x74, 0x3C, 0x43,
    0x82, 0xBE, 0x7A, 0x7B, 0xBF, 0x83, 0x43, 0x1F, 0x2B, 0x11, 0x3C, 0x8E, 0xA9, 0x30, 0x51, 0x62,
    0x2B, 0x18, 0x34, 0x56, 0x3E, 0x3C, 0x55, 0x34, 0x18, 0x18, 0x34, 0x56, 0x06, 0x16, 0x51, 0x73,
    0x51, 0x38, 0x14, 0x11, 0x4E, 0x87, 0xCD, 0x90, 0x30, 0x1F, 0x30, 0xC4, 0x01, 0x22, 0xC7, 0x77,
    0x18, 0x10, 0x1F, 0x30, 0xFE, 0x0F, 0x4B, 0x88, 0xB8, 0x6D, 0x15, 0x6F, 0xBD, 0x8C, 0x4D, 0x53,
    0x97, 0xCB, 0x78, 0x16, 0x11, 0x21, 0x2A, 0x20, 0x6F, 0x97, 0x4D, 0xE1, 0x4D, 0x7F, 0x4B, 0x15,
    0x3D, 0x69, 0x51, 0x2D, 0x2D, 0x51, 0x69, 0x3D, 0x15, 0x39, 0x65, 0x4D, 0x2C, 0x00, 0x00, 0x02,
    0x00, 0x83, 0x00, 0x00, 0x04, 0x45, 0x04, 0x3A, 0x00, 0x1B, 0x00, 0x33, 0x00, 0x2D, 0x40, 0x16,
    0x02, 0x01, 0x1B, 0x2B, 0x29, 0x29, 0x28, 0x01, 0x28, 0x01, 0x28, 0x0F, 0x0D, 0x10, 0x06, 0x72,
    0x1E, 0x1D, 0x1D, 0x0F, 0x0A, 0x72, 0x00, 0x2B, 0x32, 0x11, 0x33, 0x2B, 0x32, 0x11, 0x39, 0x39,
    0x2F, 0x2F, 0x11, 0x33, 0x12, 0x39, 0x39, 0x11, 0x33, 0x30, 0x31, 0x01, 0x21, 0x27, 0x21, 0x32,
    0x36, 0x36, 0x35, 0x34, 0x2E, 0x02, 0x23, 0x23, 0x11, 0x21, 0x11, 0x21, 0x32, 0x1E, 0x02, 0x15,
    0x14, 0x0E, 0x02, 0x07, 0x03, 0x21, 0x37, 0x21, 0x32, 0x36, 0x36, 0x35, 0x34, 0x26, 0x26, 0x23,
    0x21, 0x37, 0x21, 0x17, 0x1E, 0x02, 0x15, 0x14, 0x0E, 0x02, 0x02, 0x8B, 0xFE, 0xAD, 0x02, 0x01,
    0x18, 0x38, 0x46, 0x21, 0x15, 0x2A, 0x3F, 0x2A, 0xA2, 0xFE, 0xE0, 0x01, 0xC2, 0x6A, 0xA8, 0x77,
    0x3F, 0x2D, 0x58, 0x81, 0x54, 0x28, 0xFE, 0x66, 0x63, 0x01, 0x37, 0x35, 0x44, 0x21, 0x1E, 0x43,
    0x39, 0xFE, 0xF3, 0x02, 0x01, 0x32, 0x46, 0x72, 0x94, 0x47, 0x3A, 0x71, 0xA4, 0x01, 0xC4, 0xBD,
    0x17, 0x2F, 0x22, 0x1E, 0x2B, 0x1C, 0x0D, 0xFC, 0xA5, 0x04, 0x3A, 0x25, 0x4A, 0x71, 0x4D, 0x32,
    0x58, 0x44, 0x2B, 0x05, 0xFD, 0xF1, 0xDF, 0x1A, 0x33, 0x24, 0x23, 0x34, 0x1D, 0xBD, 0x4C, 0x07,
    0x48, 0x6F, 0x42, 0x4D, 0x74, 0x4D, 0x27, 0x00, 0x00, 0x01, 0x00, 0x6E, 0x00, 0x00, 0x03, 0x50,
    0x04, 0x3A, 0x00, 0x05, 0x00, 0x0E, 0xB6, 0x02, 0x05, 0x06, 0x72, 0x04, 0x0A, 0x72, 0x00, 0x2B,
    0x2B, 0x32, 0x30, 0x31, 0x01, 0x15, 0x21, 0x11, 0x21, 0x11, 0x03, 0x50, 0xFE, 0x3E, 0xFE, 0xE0,
    0x04, 0x3A, 0xE2, 0xFC, 0xA8, 0x04, 0x3A, 0x00, 0x00, 0x03, 0x00, 0x21, 0xFE, 0xBB, 0x04, 0xE9,
    0x04, 0x3A, 0x00, 0x0F, 0x00, 0x15, 0x00, 0x1D, 0x00, 0x21, 0x40, 0x10, 0x1D, 0x18, 0x09, 0x16,
    0x16, 0x1B, 0x13, 0x08, 0x0A, 0x72, 0x15, 0x10, 0x10, 0x00, 0x06, 0x72, 0x00, 0x2B, 0x32, 0x11,
    0x33, 0x2B, 0x32, 0x32, 0x32, 0x11, 0x33, 0x2F, 0x33, 0x30, 0x31, 0x01, 0x21, 0x03, 0x0E, 0x03,
    0x07, 0x23, 0x27, 0x37, 0x3E, 0x03, 0x37, 0x13, 0x21, 0x11, 0x21, 0x11, 0x21, 0x01, 0x21, 0x11,
    0x21, 0x11, 0x21, 0x11, 0x21, 0x01, 0x33, 0x01, 0x20, 0x09, 0x04, 0x48, 0x78, 0x99, 0x54, 0x36,
    0x03, 0x1E, 0x33, 0x42, 0x24, 0x11, 0x02, 0x57, 0x02, 0xCD, 0xFE, 0xE1, 0xFE, 0x52, 0xFE, 0xA0,
    0x04, 0xC8, 0xFE, 0xE0, 0xFD, 0x7F, 0xFE, 0xD9, 0x04, 0x3A, 0xFE, 0x96, 0xAE, 0xFA, 0xAA, 0x65,
    0x19, 0xDE, 0x03, 0x35, 0x65, 0x70, 0x8A, 0x5B, 0x01, 0x6A, 0xFB, 0xC6, 0x03, 0x53, 0xFD, 0x8E,
    0xFD, 0xDA, 0x01, 0x45, 0xFE, 0xBB, 0x00, 0x05, 0x00, 0x29, 0x00, 0x00, 0x06, 0xC2, 0x04, 0x3A,
    0x00, 0x05, 0x00, 0x09, 0x00, 0x0D, 0x00, 0x13, 0x00, 0x17, 0x00, 0x30, 0x40, 0x17, 0x15, 0x10,
    0x10, 0x00, 0x16, 0x11, 0x11, 0x09, 0x03, 0x03, 0x06, 0x00, 0x00, 0x14, 0x07, 0x0C, 0x12, 0x13,
    0x0D, 0x0D, 0x02, 0x06, 0x72, 0x00, 0x2B, 0x32, 0x11, 0x33, 0x3F, 0x33, 0x33, 0x39, 0x2F, 0x33,
    0x33, 0x11, 0x33, 0x33, 0x11, 0x33, 0x11, 0x33, 0x11, 0x33, 0x30, 0x31, 0x01, 0x01, 0x21, 0x13,
    0x33, 0x03, 0x27, 0x03, 0x21, 0x01, 0x01, 0x11, 0x21, 0x11, 0x21, 0x01, 0x21, 0x03, 0x33, 0x13,
    0x13, 0x03, 0x37, 0x01, 0x01, 0xEE, 0xFE, 0x3E, 0x01, 0x65, 0xE6, 0xCF, 0x23, 0xA8, 0xF7, 0xFE,
    0xA5, 0x01, 0x67, 0x02, 0x71, 0xFE, 0xE0, 0x03, 0xD8, 0xFE, 0x3E, 0xFE, 0xCB, 0x23, 0xCF, 0xE5,
    0x0D, 0xF7, 0xF4, 0x01, 0x65, 0x01, 0x98, 0x02, 0xA2, 0xFE, 0x68, 0xFE, 0xF6, 0x31, 0xFE, 0x37,
    0x02, 0x54, 0x01, 0xE6, 0xFB, 0xC6, 0x04, 0x3A, 0xFD, 0x5E, 0x01, 0x0A, 0x01, 0x98, 0xFB, 0xC6,
    0x01, 0xC9, 0x8B, 0xFD, 0xAC, 0x00, 0x00, 0x02, 0x00, 0x45, 0xFF, 0xEC, 0x03, 0xDD, 0x04, 0x4D,
    0x00, 0x1D, 0x00, 0x3B, 0x00, 0x23, 0x40, 0x11, 0x00, 0x1F, 0x02, 0x02, 0x3B, 0x3B, 0x14, 0x32,
    0x2E, 0x29, 0x0B, 0x72, 0x0F, 0x0B, 0x14, 0x07, 0x72, 0x00, 0x2B, 0x32, 0xCC, 0x2B, 0xCC, 0x33,
    0x12, 0x39, 0x2F, 0x33, 0x12, 0x39, 0x39, 0x30, 0x31, 0x01, 0x23, 0x35, 0x33, 0x32, 0x36, 0x36,
    0x35, 0x34, 0x26, 0x26, 0x23, 0x22, 0x06, 0x06, 0x15, 0x21, 0x34, 0x36, 0x36, 0x33, 0x32, 0x1E,
    0x02, 0x15, 0x14, 0x0E, 0x02, 0x25, 0x33, 0x32, 0x1E, 0x02, 0x15, 0x14, 0x0E, 0x02, 0x23, 0x22,
    0x26, 0x26, 0x35, 0x21, 0x14, 0x16, 0x16, 0x33, 0x32, 0x36, 0x36, 0x35, 0x34, 0x26, 0x26, 0x23,
    0x23, 0x02, 0x52, 0xD6, 0x99, 0x36, 0x41, 0x1D, 0x19, 0x3F, 0x39, 0x2F, 0x49, 0x29, 0xFE, 0xDF,
    0x76, 0xC6, 0x76, 0x67, 0xA6, 0x76, 0x3F, 0x34, 0x62, 0x8B, 0xFE, 0xD3, 0xD6, 0x61, 0x93, 0x64,
    0x33, 0x44, 0x7E, 0xAC, 0x67, 0x6E, 0xD0, 0x85, 0x01, 0x21, 0x28, 0x50, 0x3B, 0x3B, 0x48, 0x21,
    0x25, 0x4B, 0x38, 0x99, 0x02, 0x04, 0x81, 0x1E, 0x37, 0x23, 0x1F, 0x39, 0x25, 0x1C, 0x35, 0x25,
    0x67, 0x93, 0x4F, 0x29, 0x50, 0x75, 0x4D, 0x37, 0x62, 0x4B, 0x2A, 0x48, 0x25, 0x48, 0x69, 0x44,
    0x4D, 0x79, 0x54, 0x2C, 0x48, 0x96, 0x76, 0x22, 0x3C, 0x23, 0x26, 0x3F, 0x22, 0x30, 0x3C, 0x1C,
    0x00, 0x01, 0x00, 0x6F, 0x00, 0x00, 0x04, 0x1A, 0x04, 0x3A, 0x00, 0x09, 0x00, 0x17, 0x40, 0x0B,
    0x05, 0x00, 0x06, 0x02, 0x08, 0x06, 0x72, 0x04, 0x06, 0x0A, 0x72, 0x00, 0x2B, 0x32, 0x2B, 0x32,
    0x12, 0x39, 0x39, 0x30, 0x31, 0x01, 0x01, 0x21, 0x11, 0x21, 0x11, 0x01, 0x21, 0x11, 0x21, 0x01,
    0x8F, 0x01, 0x6B, 0x01, 0x20, 0xFE, 0xE0, 0xFE, 0x95, 0xFE, 0xE0, 0x01, 0x20, 0x01, 0x92, 0x02,
    0xA8, 0xFB, 0xC6, 0x02, 0xA9, 0xFD, 0x57, 0x04, 0x3A, 0x00, 0x00, 0x03, 0x00, 0x83, 0x00, 0x00,
    0x04, 0x84, 0x04, 0x3A, 0x00, 0x03, 0x00, 0x09, 0x00, 0x0D, 0x00, 0x1F, 0x40, 0x0F, 0x0C, 0x07,
    0x07, 0x0B, 0x06, 0x06, 0x02, 0x09, 0x03, 0x06, 0x72, 0x0A, 0x02, 0x0A, 0x72, 0x00, 0x2B, 0x32,
    0x2B, 0x32, 0x11, 0x39, 0x2F, 0x33, 0x33, 0x11, 0x33, 0x30, 0x31, 0x01, 0x11, 0x21, 0x11, 0x21,
    0x01, 0x21, 0x03, 0x33, 0x13, 0x13, 0x01, 0x37, 0x01, 0x01, 0xA3, 0xFE, 0xE0, 0x03, 0xDF, 0xFE,
    0x2E, 0xFE, 0xE0, 0x23, 0xBF, 0xE9, 0x0D, 0xFE, 0xF6, 0xFB, 0x01, 0x91, 0x04, 0x3A, 0xFB, 0xC6,
    0x04, 0x3A, 0xFD, 0x5B, 0x01, 0x0A, 0x01, 0x9B, 0xFB, 0xC6, 0x01, 0xC9, 0x8B, 0xFD, 0xAC, 0x00,
    0x00, 0x03, 0x00, 0x15, 0x00, 0x00, 0x04, 0x1B, 0x04, 0x3A, 0x00, 0x03, 0x00, 0x07, 0x00, 0x19,
    0x00, 0x19, 0x40, 0x0C, 0x12, 0x05, 0x11, 0x0A, 0x72, 0x02, 0x03, 0x03, 0x04, 0x08, 0x06, 0x72,
    0x00, 0x2B, 0x32, 0x32, 0x11, 0x33, 0x2B, 0x32, 0x32, 0x30, 0x31, 0x01, 0x15, 0x21, 0x35, 0x21,
    0x11, 0x21, 0x11, 0x21, 0x21, 0x03, 0x0E, 0x04, 0x23, 0x23, 0x27, 0x37, 0x3E, 0x04, 0x37, 0x03,
    0x48, 0xFD, 0xEC, 0x02, 0xE7, 0xFE, 0xE0, 0xFD, 0xF1, 0x01, 0x1B, 0x1D, 0x06, 0x26, 0x3F, 0x57,
    0x73, 0x45, 0x58, 0x03, 0x25, 0x20, 0x31, 0x23, 0x18, 0x0F, 0x03, 0x04, 0x3A, 0xE2, 0xE2, 0xFB,
    0xC6, 0x04, 0x3A, 0xFD, 0xDE, 0x75, 0xB2, 0x7E, 0x4F, 0x24, 0xE3, 0x04, 0x03, 0x1F, 0x3B, 0x5B,
    0x7C, 0x51, 0x00, 0x03, 0x00, 0x83, 0x00, 0x00, 0x05, 0x88, 0x04, 0x3A, 0x00, 0x06, 0x00, 0x0A,
    0x00, 0x0E, 0x00, 0x1B, 0x40, 0x0D, 0x00, 0x09, 0x0C, 0x06, 0x01, 0x0A, 0x06, 0x72, 0x0B, 0x03,
    0x09, 0x0A, 0x72, 0x00, 0x2B, 0x32, 0x32, 0x2B, 0x32, 0x32, 0x32, 0x12, 0x39, 0x30, 0x31, 0x01,
    0x01, 0x33, 0x01, 0x23, 0x01, 0x33, 0x23, 0x11, 0x21, 0x11, 0x01, 0x11, 0x21, 0x11, 0x03, 0x02,
    0x01, 0x1C, 0xEB, 0xFE, 0x5A, 0xC2, 0xFE, 0x5C, 0xEB, 0x45, 0xFE, 0xE0, 0x03, 0xE5, 0x01, 0x20,
    0x01, 0x4B, 0x02, 0xEF, 0xFB, 0xC6, 0x04, 0x3A, 0xFB, 0xC6, 0x04, 0x3A, 0xFB, 0xC6, 0x04, 0x3A,
    0xFB, 0xC6, 0x00, 0x03, 0x00, 0x6F, 0x00, 0x00, 0x04, 0x18, 0x04, 0x3A, 0x00, 0x03, 0x00, 0x07,
    0x00, 0x0B, 0x00, 0x1B, 0x40, 0x0D, 0x09, 0x06, 0x08, 0x03, 0x02, 0x02, 0x06, 0x07, 0x06, 0x72,
    0x06, 0x0A, 0x72, 0x00, 0x2B, 0x2B, 0x11, 0x39, 0x2F, 0x33, 0x32, 0x11, 0x33, 0x30, 0x31, 0x01,
    0x15, 0x21, 0x35, 0x13, 0x11, 0x21, 0x11, 0x21, 0x11, 0x21, 0x11, 0x03, 0x55, 0xFD, 0xDA, 0x60,
    0xFE, 0xE0, 0x03, 0xA9, 0xFE, 0xDF, 0x02, 0x85, 0xE0, 0xE0, 0x01, 0xB5, 0xFB, 0xC6, 0x04, 0x3A,
    0xFB, 0xC6, 0x04, 0x3A, 0x00, 0x03, 0x00, 0x6F, 0x00, 0x00, 0x04, 0x1A, 0x04, 0x3A, 0x00, 0x03,
    0x00, 0x07, 0x00, 0x0B, 0x00, 0x19, 0x40, 0x0C, 0x09, 0x06, 0x08, 0x02, 0x03, 0x03, 0x07, 0x06,
    0x72, 0x06, 0x0A, 0x72, 0x00, 0x2B, 0x2B, 0x32, 0x11, 0x33, 0x32, 0x11, 0x33, 0x30, 0x31, 0x01,
    0x15, 0x21, 0x35, 0x33, 0x11, 0x21, 0x11, 0x21, 0x11, 0x21, 0x11, 0x03, 0x48, 0xFD, 0xF4, 0x53,
    0xFE, 0xE0, 0x03, 0xAB, 0xFE, 0xDF, 0x04, 0x3A, 0xE2, 0xE2, 0xFB, 0xC6, 0x04, 0x3A, 0xFB, 0xC6,
    0x04, 0x3A, 0x00, 0x02, 0x00, 0x1F, 0x00, 0x00, 0x03, 0xF3, 0x04, 0x3A, 0x00, 0x03, 0x00, 0x07,
    0x00, 0x10, 0xB7, 0x03, 0x06, 0x07, 0x06, 0x72, 0x02, 0x0A, 0x72, 0x00, 0x2B, 0x2B, 0x32, 0x32,
    0x30, 0x31, 0x01, 0x11, 0x21, 0x11, 0x21, 0x15, 0x21, 0x35, 0x02, 0x97, 0xFE, 0xDF, 0x02, 0x7D,
    0xFC, 0x2C, 0x04, 0x3A, 0xFB, 0xC6, 0x04, 0x3A, 0xDF, 0xDF, 0x00, 0x05, 0x00, 0x44, 0xFE, 0x60,
    0x05, 0x95, 0x06, 0x00, 0x00, 0x16, 0x00, 0x2B, 0x00, 0x42, 0x00, 0x56, 0x00, 0x5A, 0x00, 0x27,
    0x40, 0x15, 0x27, 0x06, 0x06, 0x49, 0x1E, 0x11, 0x11, 0x52, 0x33, 0x3E, 0x0B, 0x72, 0x33, 0x07,
    0x72, 0x58, 0x00, 0x72, 0x57, 0x0E, 0x72, 0x00, 0x2B, 0x2B, 0x2B, 0x2B, 0x11, 0x33, 0x33, 0x11,
    0x33, 0x32, 0x32, 0x11, 0x33, 0x30, 0x31, 0x01, 0x15, 0x14, 0x0E, 0x02, 0x23, 0x22, 0x2E, 0x02,
    0x27, 0x35, 0x3E, 0x03, 0x33, 0x32, 0x1E, 0x03, 0x05, 0x35, 0x34, 0x2E, 0x03, 0x23, 0x22, 0x06,
    0x06, 0x07, 0x11, 0x1E, 0x02, 0x33, 0x32, 0x3E, 0x02, 0x25, 0x35, 0x34, 0x3E, 0x03, 0x33, 0x32,
    0x1E, 0x02, 0x17, 0x15, 0x0E, 0x03, 0x23, 0x22, 0x2E, 0x02, 0x25, 0x15, 0x14, 0x1E, 0x02, 0x33,
    0x32, 0x36, 0x36, 0x37, 0x35, 0x2E, 0x02, 0x23, 0x22, 0x0E, 0x02, 0x13, 0x11, 0x21, 0x11, 0x05,
    0x95, 0x33, 0x66, 0x94, 0x61, 0x5A, 0x83, 0x59, 0x37, 0x0D, 0x0D, 0x36, 0x59, 0x82, 0x5A, 0x4E,
    0x7F, 0x61, 0x41, 0x21, 0xFE, 0xDF, 0x0D, 0x1B, 0x2C, 0x3E, 0x28, 0x46, 0x59, 0x2B, 0x03, 0x04,
    0x2B, 0x59, 0x47, 0x33, 0x47, 0x2B, 0x13, 0xFB, 0xD0, 0x22, 0x41, 0x60, 0x7F, 0x4E, 0x59, 0x82,
    0x58, 0x36, 0x0E, 0x0E, 0x36, 0x59, 0x82, 0x5A, 0x60, 0x95, 0x65, 0x34, 0x01, 0x20, 0x13, 0x2B,
    0x46, 0x33, 0x48, 0x59, 0x2C, 0x02, 0x02, 0x2B, 0x58, 0x48, 0x33, 0x47, 0x2B, 0x14, 0xF6, 0x01,
    0x21, 0x02, 0x16, 0x15, 0x75, 0xC3, 0x8F, 0x4E, 0x45, 0x7D, 0xA7, 0x61, 0xAD, 0x68, 0xB3, 0x86,
    0x4A, 0x36, 0x64, 0x8D, 0xAE, 0x78, 0x15, 0x38, 0x67, 0x56, 0x3F, 0x23, 0x37, 0x65, 0x44, 0xFE,
    0xFE, 0x3A, 0x55, 0x2F, 0x2E, 0x54, 0x6F, 0x43, 0x15, 0x63, 0xAE, 0x8D, 0x64, 0x36, 0x4A, 0x86,
    0xB3, 0x68, 0xA5, 0x64, 0xA9, 0x7F, 0x46, 0x4E, 0x8F, 0xC3, 0x8A, 0x15, 0x43, 0x6F, 0x53, 0x2E,
    0x30, 0x58, 0x3D, 0xFA, 0x44, 0x65, 0x37, 0x36, 0x5E, 0x7D, 0xFC, 0x04, 0x07, 0xA0, 0xF8, 0x60,
    0x00, 0x02, 0x00, 0x6F, 0xFE, 0xBF, 0x04, 0xBC, 0x04, 0x3A, 0x00, 0x07, 0x00, 0x0D, 0x00, 0x1B,
    0x40, 0x0D, 0x06, 0x01, 0x03, 0x0D, 0x0C, 0x0C, 0x00, 0x0A, 0x72, 0x01, 0x06, 0x72, 0x09, 0x00,
    0x2F, 0x2B, 0x2B, 0x32, 0x11, 0x33, 0x32, 0x11, 0x33, 0x30, 0x31, 0x33, 0x11, 0x21, 0x11, 0x21,
    0x11, 0x21, 0x11, 0x37, 0x03, 0x21, 0x11, 0x23, 0x35, 0x6F, 0x01, 0x20, 0x01, 0x6A, 0x01, 0x21,
    0xA2, 0x13, 0xFE, 0xF4, 0x79, 0x04, 0x3A, 0xFC, 0xA7, 0x03, 0x59, 0xFB, 0xC6, 0xE0, 0xFD, 0xDF,
    0x01, 0x41, 0xE0, 0x00, 0x00, 0x02, 0x00, 0x58, 0x00, 0x00, 0x04, 0x00, 0x04, 0x3B, 0x00, 0x03,
    0x00, 0x17, 0x00, 0x17, 0x40, 0x0B, 0x0F, 0x14, 0x09, 0x09, 0x01, 0x00, 0x06, 0x72, 0x01, 0x0A,
    0x72, 0x00, 0x2B, 0x2B, 0x11, 0x39, 0x2F, 0x33, 0x32, 0x30, 0x31, 0x01, 0x11, 0x21, 0x11, 0x13,
    0x15, 0x0E, 0x02, 0x23, 0x22, 0x26, 0x26, 0x35, 0x11, 0x21, 0x11, 0x14, 0x16, 0x16, 0x33, 0x32,
    0x36, 0x36, 0x04, 0x00, 0xFE, 0xDF, 0x99, 0x21, 0x68, 0x73, 0x31, 0x9C, 0xDF, 0x78, 0x01, 0x20,
    0x2C, 0x5D, 0x4A, 0x34, 0x62, 0x62, 0x04, 0x3A, 0xFB, 0xC6, 0x04, 0x3A, 0xFE, 0x31, 0xE1, 0x11,
    0x1E, 0x11, 0x56, 0xB8, 0x90, 0x01, 0x53, 0xFE, 0xAD, 0x49, 0x53, 0x21, 0x10, 0x1C, 0x00, 0x01,
    0x00, 0x6F, 0x00, 0x00, 0x06, 0x26, 0x04, 0x3A, 0x00, 0x0B, 0x00, 0x19, 0x40, 0x0C, 0x05, 0x09,
    0x06, 0x02, 0x02, 0x0B, 0x00, 0x06, 0x72, 0x0B, 0x0A, 0x72, 0x00, 0x2B, 0x2B, 0x11, 0x33, 0x11,
    0x33, 0x32, 0x32, 0x30, 0x31, 0x13, 0x21, 0x11, 0x21, 0x11, 0x21, 0x11, 0x21, 0x11, 0x21, 0x11,
    0x21, 0x6F, 0x01, 0x20, 0x01, 0x2B, 0x01, 0x22, 0x01, 0x2A, 0x01, 0x20, 0xFA, 0x49, 0x04, 0x3A,
    0xFC, 0xA7, 0x03, 0x59, 0xFC, 0xA7, 0x03, 0x59, 0xFB, 0xC6, 0x00, 0x02, 0x00, 0x6C, 0xFE, 0xBF,
    0x06, 0xFD, 0x04, 0x3A, 0x00, 0x05, 0x00, 0x11, 0x00, 0x1D, 0x40, 0x0E, 0x0C, 0x05, 0x08, 0x08,
    0x04, 0x11, 0x0A, 0x72, 0x0F, 0x0B, 0x06, 0x06, 0x72, 0x01, 0x00, 0x2F, 0x2B, 0x32, 0x32, 0x2B,
    0x32, 0x32, 0x11, 0x33, 0x33, 0x30, 0x31, 0x25, 0x03, 0x21, 0x11, 0x23, 0x35, 0x01, 0x21, 0x11,
    0x21, 0x11, 0x21, 0x11, 0x21, 0x11, 0x21, 0x11, 0x21, 0x06, 0xFD, 0x14, 0xFE, 0xF4, 0x79, 0xFB,
    0x08, 0x01, 0x20, 0x01, 0x2C, 0x01, 0x21, 0x01, 0x2B, 0x01, 0x20, 0xFA, 0x48, 0xE0, 0xFD, 0xDF,
    0x01, 0x41, 0xE0, 0x03, 0x5A, 0xFC, 0xA7, 0x03, 0x59, 0xFC, 0xA7, 0x03, 0x59, 0xFB, 0xC6, 0x00,
    0x00, 0x02, 0x00, 0x22, 0x00, 0x00, 0x05, 0x1B, 0x04, 0x3A, 0x00, 0x03, 0x00, 0x1C, 0x00, 0x1D,
    0x40, 0x0E, 0x11, 0x12, 0x0F, 0x1C, 0x04, 0x04, 0x0F, 0x02, 0x03, 0x06, 0x72, 0x0F, 0x0A, 0x72,
    0x00, 0x2B, 0x2B, 0x32, 0x11, 0x39, 0x2F, 0x33, 0x11, 0x33, 0x32, 0x30, 0x31, 0x01, 0x15, 0x21,
    0x35, 0x01, 0x21, 0x32, 0x16, 0x16, 0x15, 0x14, 0x0E, 0x02, 0x23, 0x21, 0x11, 0x21, 0x11, 0x33,
    0x32, 0x36, 0x36, 0x35, 0x34, 0x26, 0x26, 0x23, 0x21, 0x02, 0x53, 0xFD, 0xCF, 0x01, 0xEB, 0x01,
    0x39, 0x94, 0xD2, 0x6F, 0x3F, 0x79, 0xAE, 0x6F, 0xFE, 0x12, 0x01, 0x21, 0xCD, 0x41, 0x4F, 0x25,
    0x25, 0x4F, 0x41, 0xFE, 0xC7, 0x04, 0x3A, 0xE2, 0xE2, 0xFE, 0xBF, 0x61, 0xAC, 0x71, 0x52, 0x8B,
    0x66, 0x38, 0x04, 0x3A, 0xFC, 0xA6, 0x2B, 0x46, 0x29, 0x2B, 0x47, 0x2C, 0x00, 0x02, 0x00, 0x83,
    0x00, 0x00, 0x06, 0x13, 0x04, 0x3A, 0x00, 0x18, 0x00, 0x1C, 0x00, 0x1D, 0x40, 0x0E, 0x1A, 0x19,
    0x0E, 0x0B, 0x18, 0x00, 0x00, 0x0B, 0x0C, 0x06, 0x72, 0x0B, 0x0A, 0x72, 0x00, 0x2B, 0x2B, 0x11,
    0x39, 0x2F, 0x33, 0x11, 0x33, 0x32, 0x33, 0x30, 0x31, 0x01, 0x21, 0x32, 0x16, 0x16, 0x15, 0x14,
    0x0E, 0x02, 0x23, 0x21, 0x11, 0x21, 0x11, 0x33, 0x32, 0x36, 0x36, 0x35, 0x34, 0x26, 0x26, 0x23,
    0x21, 0x01, 0x11, 0x21, 0x11, 0x01, 0x37, 0x01, 0x3A, 0x94, 0xD1, 0x6F, 0x3F, 0x78, 0xAE, 0x6F,
    0xFE, 0x12, 0x01, 0x21, 0xCD, 0x41, 0x4F, 0x25, 0x25, 0x4F, 0x41, 0xFE, 0xC6, 0x04, 0xDC, 0xFE,
    0xE0, 0x02, 0xF9, 0x61, 0xAC, 0x71, 0x52, 0x8B, 0x66, 0x38, 0x04, 0x3A, 0xFC, 0xA6, 0x2B, 0x46,
    0x29, 0x2B, 0x47, 0x2C, 0x02, 0x22, 0xFB, 0xC6, 0x04, 0x3A, 0x00, 0x01, 0x00, 0x83, 0x00, 0x00,
    0x04, 0x45, 0x04, 0x3A, 0x00, 0x18, 0x00, 0x19, 0x40, 0x0C, 0x0E, 0x0B, 0x18, 0x00, 0x00, 0x0B,
    0x0C, 0x06, 0x72, 0x0B, 0x0A, 0x72, 0x00, 0x2B, 0x2B, 0x11, 0x39, 0x2F, 0x33, 0x11, 0x33, 0x30,
    0x31, 0x01, 0x21, 0x32, 0x16, 0x16, 0x15, 0x14, 0x0E, 0x02, 0x23, 0x21, 0x11, 0x21, 0x11, 0x33,
    0x32, 0x36, 0x36, 0x35, 0x34, 0x26, 0x26, 0x23, 0x21, 0x01, 0x37, 0x01, 0x3A, 0x94, 0xD1, 0x6F,
    0x3F, 0x78, 0xAE, 0x6F, 0xFE, 0x12, 0x01, 0x21, 0xCD, 0x41, 0x4F, 0x25, 0x25, 0x4F, 0x41, 0xFE,
    0xC6, 0x02, 0xF9, 0x61, 0xAC, 0x71, 0x52, 0x8B, 0x66, 0x38, 0x04, 0x3A, 0xFC, 0xA6, 0x2B, 0x46,
    0x29, 0x2B, 0x47, 0x2C, 0x00, 0x02, 0x00, 0x3F, 0xFF, 0xEC, 0x03, 0xEE, 0x04, 0x4E, 0x00, 0x27,
    0x00, 0x2B, 0x00, 0x1D, 0x40, 0x0E, 0x2B, 0x2A, 0x2A, 0x09, 0x1D, 0x19, 0x14, 0x0B, 0x72, 0x04,
    0x00, 0x09, 0x07, 0x72, 0x00, 0x2B, 0x32, 0xCC, 0x2B, 0xCC, 0x33, 0x12, 0x39, 0x2F, 0x33, 0x30,
    0x31, 0x01, 0x22, 0x06, 0x06, 0x15, 0x21, 0x34, 0x36, 0x36, 0x33, 0x32, 0x1E, 0x02, 0x15, 0x15,
    0x14, 0x0E, 0x02, 0x23, 0x22, 0x26, 0x26, 0x35, 0x21, 0x14, 0x16, 0x16, 0x33, 0x32, 0x3E, 0x02,
    0x35, 0x35, 0x34, 0x2E, 0x02, 0x17, 0x15, 0x21, 0x35, 0x01, 0xF8, 0x33, 0x4D, 0x2A, 0xFE, 0xF1,
    0x76, 0xC9, 0x7A, 0x7C, 0xBB, 0x7F, 0x40, 0x40, 0x7F, 0xBA, 0x7A, 0x83, 0xC9, 0x70, 0x01, 0x0F,
    0x29, 0x4C, 0x38, 0x3C, 0x51, 0x30, 0x15, 0x15, 0x30, 0x51, 0xF3, 0xFE, 0x7B, 0x03, 0x6D, 0x29,
    0x4A, 0x33, 0x71, 0xB1, 0x65, 0x54, 0x95, 0xC7, 0x73, 0x1D, 0x72, 0xC7, 0x95, 0x54, 0x66, 0xBD,
    0x81, 0x37, 0x58, 0x34, 0x35, 0x5A, 0x74, 0x3E, 0x1D, 0x40, 0x73, 0x5B, 0x34, 0xF5, 0xAD, 0xAD,
    0x00, 0x04, 0x00, 0x87, 0xFF, 0xEC, 0x06, 0x3B, 0x04, 0x4E, 0x00, 0x03, 0x00, 0x07, 0x00, 0x1D,
    0x00, 0x33, 0x00, 0x23, 0x40, 0x13, 0x24, 0x03, 0x02, 0x02, 0x19, 0x2F, 0x0E, 0x07, 0x06, 0x72,
    0x06, 0x0A, 0x72, 0x0E, 0x07, 0x72, 0x19, 0x0B, 0x72, 0x00, 0x2B, 0x2B, 0x2B, 0x2B, 0x11, 0x33,
    0x12, 0x39, 0x2F, 0x33, 0x32, 0x30, 0x31, 0x01, 0x15, 0x21, 0x35, 0x13, 0x11, 0x21, 0x11, 0x01,
    0x35, 0x34, 0x3E, 0x02, 0x33, 0x32, 0x1E, 0x02, 0x15, 0x15, 0x14, 0x0E, 0x02, 0x23, 0x22, 0x2E,
    0x02, 0x25, 0x15, 0x14, 0x1E, 0x02, 0x33, 0x32, 0x3E, 0x02, 0x35, 0x35, 0x34, 0x2E, 0x02, 0x23,
    0x22, 0x0E, 0x02, 0x02, 0xFD, 0xFD, 0xB8, 0xF3, 0xFE, 0xDF, 0x01, 0xB3, 0x44, 0x83, 0xBE, 0x7A,
    0x7C, 0xBF, 0x84, 0x43, 0x43, 0x83, 0xBF, 0x7B, 0x7B, 0xBE, 0x84, 0x44, 0x01, 0x20, 0x19, 0x35,
    0x56, 0x3D, 0x3D, 0x55, 0x35, 0x19, 0x19, 0x35, 0x56, 0x3E, 0x3C, 0x55, 0x35, 0x19, 0x02, 0x97,
    0xE2, 0xE2, 0x01, 0xA3, 0xFB, 0xC6, 0x04, 0x3A, 0xFD, 0xD8, 0x15, 0x77, 0xC9, 0x94, 0x53, 0x53,
    0x94, 0xC9, 0x77, 0x15, 0x76, 0xC9, 0x95, 0x52, 0x52, 0x95, 0xC9, 0x8B, 0x15, 0x44, 0x76, 0x59,
    0x32, 0x32, 0x59, 0x76, 0x44, 0x15, 0x42, 0x75, 0x5B, 0x34, 0x34, 0x5B, 0x75, 0x00, 0x00, 0x02,
    0x00, 0x2D, 0x00, 0x00, 0x03, 0xF6, 0x04, 0x3A, 0x00, 0x03, 0x00, 0x1D, 0x00, 0x1D, 0x40, 0x0E,
    0x01, 0x12, 0x12, 0x13, 0x13, 0x03, 0x09, 0x04, 0x06, 0x72, 0x07, 0x03, 0x0A, 0x72, 0x00, 0x2B,
    0x32, 0x2B, 0x32, 0x12, 0x39, 0x2F, 0x33, 0x12, 0x39, 0x30, 0x31, 0x01, 0x21, 0x01, 0x21, 0x01,
    0x21, 0x11, 0x21, 0x11, 0x23, 0x22, 0x06, 0x06, 0x15, 0x14, 0x16, 0x16, 0x33, 0x21, 0x15, 0x21,
    0x22, 0x2E, 0x02, 0x35, 0x34, 0x3E, 0x02, 0x01, 0x59, 0x01, 0x24, 0xFE, 0xD3, 0xFE, 0xDD, 0x01,
    0xEE, 0x01, 0xDB, 0xFE, 0xE0, 0xBB, 0x3B, 0x4E, 0x25, 0x24, 0x4C, 0x39, 0x01, 0x2B, 0xFE, 0xD5,
    0x6B, 0xA9, 0x77, 0x3F, 0x40, 0x78, 0xAB, 0x02, 0x1C, 0xFD, 0xE4, 0x04, 0x3A, 0xFB, 0xC6, 0x03,
    0x5B, 0x2B, 0x43, 0x23, 0x22, 0x40, 0x2A, 0xC4, 0x34, 0x5D, 0x7D, 0x4B, 0x4E, 0x82, 0x62, 0x35,
    0x00, 0x04, 0xFF, 0xCA, 0xFE, 0x4B, 0x04, 0x11, 0x06, 0x00, 0x00, 0x11, 0x00, 0x15, 0x00, 0x2C,
    0x00, 0x30, 0x00, 0x1D, 0x40, 0x10, 0x30, 0x2F, 0x28, 0x1C, 0x07, 0x72, 0x15, 0x00, 0x72, 0x14,
    0x0A, 0x72, 0x0D, 0x06, 0x0F, 0x72, 0x00, 0x2B, 0x32, 0x2B, 0x2B, 0x2B, 0x32, 0xCC, 0x32, 0x30,
    0x31, 0x01, 0x21, 0x11, 0x14, 0x06, 0x06, 0x23, 0x22, 0x26, 0x27, 0x37, 0x16, 0x16, 0x33, 0x32,
    0x36, 0x36, 0x35, 0x01, 0x11, 0x21, 0x11, 0x13, 0x23, 0x3E, 0x03, 0x33, 0x32, 0x1E, 0x02, 0x15,
    0x11, 0x21, 0x11, 0x34, 0x26, 0x26, 0x23, 0x22, 0x0E, 0x02, 0x01, 0x15, 0x21, 0x35, 0x02, 0xEF,
    0x01, 0x22, 0x5C, 0xAB, 0x77, 0x26, 0x45, 0x26, 0x0E, 0x16, 0x32, 0x1C, 0x28, 0x37, 0x1C, 0xFE,
    0x9A, 0xFE, 0xE0, 0xF7, 0x4F, 0x01, 0x3A, 0x6C, 0x97, 0x5C, 0x50, 0x83, 0x5F, 0x34, 0xFE, 0xDE,
    0x29, 0x4D, 0x38, 0x3E, 0x57, 0x34, 0x18, 0x01, 0x27, 0xFD, 0x43, 0x01, 0xD5, 0xFE, 0x04, 0x80,
    0xB2, 0x5C, 0x07, 0x0A, 0xDD, 0x06, 0x07, 0x28, 0x4E, 0x37, 0x06, 0x27, 0xFA, 0x00, 0x06, 0x00,
    0xFC, 0x43, 0x71, 0xBF, 0x8D, 0x4E, 0x2D, 0x63, 0xA0, 0x72, 0xFD, 0x54, 0x02, 0xAE, 0x48, 0x53,
    0x23, 0x2E, 0x51, 0x6C, 0x02, 0xD9, 0xB2, 0xB2, 0x00, 0x02, 0x00, 0x40, 0xFF, 0xEC, 0x03, 0xF3,
    0x04, 0x4E, 0x00, 0x03, 0x00, 0x2B, 0x00, 0x1B, 0x40, 0x0D, 0x04, 0x0D, 0x03, 0x02, 0x02, 0x0D,
    0x21, 0x18, 0x07, 0x72, 0x0D, 0x0B, 0x72, 0x00, 0x2B, 0x2B, 0x32, 0x11, 0x39, 0x2F, 0x33, 0x11,
    0x33, 0x30, 0x31, 0x01, 0x15, 0x21, 0x35, 0x01, 0x32, 0x36, 0x36, 0x37, 0x21, 0x0E, 0x02, 0x23,
    0x22, 0x2E, 0x02, 0x35, 0x35, 0x34, 0x3E, 0x02, 0x33, 0x32, 0x16, 0x16, 0x17, 0x21, 0x2E, 0x02,
    0x23, 0x22, 0x0E, 0x02, 0x15, 0x15, 0x14, 0x1E, 0x02, 0x02, 0x95, 0xFE, 0x6F, 0x01, 0x29, 0x35,
    0x52, 0x2F, 0x01, 0x01, 0x0F, 0x01, 0x78, 0xCA, 0x7D, 0x7E, 0xBB, 0x7D, 0x3D, 0x3D, 0x7D, 0xBB,
    0x7C, 0x84, 0xCA, 0x73, 0x01, 0xFE, 0xF1, 0x01, 0x2B, 0x51, 0x3B, 0x3F, 0x51, 0x2C, 0x10, 0x10,
    0x2D, 0x51, 0x02, 0x68, 0xAD, 0xAD, 0xFE, 0x65, 0x29, 0x4B, 0x33, 0x72, 0xB1, 0x65, 0x54, 0x95,
    0xC7, 0x72, 0x1D, 0x73, 0xC7, 0x95, 0x54, 0x66, 0xBD, 0x81, 0x36, 0x58, 0x35, 0x35, 0x5B, 0x73,
    0x3F, 0x1D, 0x3F, 0x74, 0x5A, 0x34, 0x00, 0x03, 0x00, 0x14, 0x00, 0x00, 0x06, 0xB5, 0x04, 0x3A,
    0x00, 0x11, 0x00, 0x15, 0x00, 0x2E, 0x00, 0x25, 0x40, 0x12, 0x16, 0x2E, 0x2E, 0x00, 0x24, 0x21,
    0x21, 0x0A, 0x09, 0x0A, 0x72, 0x14, 0x15, 0x15, 0x23, 0x00, 0x06, 0x72, 0x00, 0x2B, 0x32, 0x32,
    0x11, 0x33, 0x2B, 0x32, 0x32, 0x11, 0x33, 0x11, 0x39, 0x2F, 0x33, 0x30, 0x31, 0x13, 0x21, 0x03,
    0x0E, 0x04, 0x23, 0x23, 0x27, 0x37, 0x3E, 0x04, 0x37, 0x01, 0x15, 0x21, 0x35, 0x01, 0x21, 0x32,
    0x16, 0x16, 0x15, 0x14, 0x0E, 0x02, 0x23, 0x21, 0x11, 0x21, 0x11, 0x33, 0x32, 0x36, 0x36, 0x35,
    0x34, 0x26, 0x26, 0x23, 0x21, 0xEB, 0x01, 0x1B, 0x1E, 0x06, 0x25, 0x3F, 0x58, 0x71, 0x45, 0x59,
    0x03, 0x25, 0x20, 0x30, 0x23, 0x18, 0x10, 0x03, 0x02, 0x69, 0xFD, 0xF2, 0x02, 0x75, 0x01, 0x39,
    0x95, 0xD1, 0x6F, 0x3F, 0x79, 0xAE, 0x6F, 0xFE, 0x13, 0x01, 0x20, 0xCD, 0x41, 0x50, 0x24, 0x24,
    0x50, 0x41, 0xFE, 0xC7, 0x04, 0x3A, 0xFD, 0xDE, 0x75, 0xB2, 0x7E, 0x4F, 0x24, 0xE3, 0x04, 0x03,
    0x1F, 0x3B, 0x5B, 0x7C, 0x51, 0x01, 0xCE, 0xE2, 0xE2, 0xFE, 0xA4, 0x5D, 0xA5, 0x6B, 0x51, 0x87,
    0x63, 0x36, 0x04, 0x3A, 0xFC, 0xA5, 0x2A, 0x43, 0x27, 0x26, 0x3F, 0x26, 0x00, 0x03, 0x00, 0x6F,
    0x00, 0x00, 0x06, 0xBA, 0x04, 0x3A, 0x00, 0x03, 0x00, 0x07, 0x00, 0x20, 0x00, 0x25, 0x40, 0x12,
    0x15, 0x16, 0x13, 0x13, 0x06, 0x08, 0x03, 0x20, 0x03, 0x02, 0x02, 0x06, 0x07, 0x06, 0x72, 0x06,
    0x0A, 0x72, 0x00, 0x2B, 0x2B, 0x11, 0x39, 0x2F, 0x33, 0x33, 0x11, 0x33, 0x11, 0x33, 0x11, 0x33,
    0x32, 0x30, 0x31, 0x01, 0x15, 0x21, 0x35, 0x13, 0x11, 0x21, 0x11, 0x01, 0x21, 0x32, 0x16, 0x16,
    0x15, 0x14, 0x0E, 0x02, 0x23, 0x21, 0x11, 0x21, 0x11, 0x33, 0x32, 0x36, 0x36, 0x35, 0x34, 0x26,
    0x26, 0x23, 0x21, 0x03, 0x55, 0xFD, 0xDA, 0x60, 0xFE, 0xE0, 0x03, 0x3C, 0x01, 0x3A, 0x94, 0xD1,
    0x70, 0x3F, 0x79, 0xAF, 0x6E, 0xFE, 0x12, 0x01, 0x21, 0xCD, 0x41, 0x4F, 0x25, 0x25, 0x4F, 0x41,
    0xFE, 0xC6, 0x02, 0x98, 0xE0, 0xE0, 0x01, 0xA2, 0xFB, 0xC6, 0x04, 0x3A, 0xFE, 0xA4, 0x5D, 0xA5,
    0x6B, 0x51, 0x87, 0x63, 0x36, 0x04, 0x3A, 0xFC, 0xA5, 0x2A, 0x43, 0x27, 0x26, 0x3F, 0x26, 0x00,
    0x00, 0x03, 0xFF, 0xD7, 0x00, 0x00, 0x04, 0x11, 0x06, 0x00, 0x00, 0x03, 0x00, 0x1A, 0x00, 0x1E,
    0x00, 0x19, 0x40, 0x0D, 0x1E, 0x1D, 0x16, 0x0A, 0x07, 0x72, 0x03, 0x00, 0x72, 0x11, 0x02, 0x0A,
    0x72, 0x00, 0x2B, 0x32, 0x2B, 0x2B, 0x32, 0xCC, 0x32, 0x30, 0x31, 0x01, 0x11, 0x21, 0x11, 0x13,
    0x23, 0x3E, 0x03, 0x33, 0x32, 0x1E, 0x02, 0x15, 0x11, 0x21, 0x11, 0x34, 0x26, 0x26, 0x23, 0x22,
    0x0E, 0x02, 0x01, 0x15, 0x21, 0x35, 0x01, 0x89, 0xFE, 0xE0, 0xF7, 0x4F, 0x01, 0x3A, 0x6C, 0x97,
    0x5C, 0x50, 0x83, 0x5F, 0x34, 0xFE, 0xDE, 0x29, 0x4D, 0x38, 0x3E, 0x57, 0x34, 0x18, 0x01, 0x34,
    0xFD, 0x43, 0x06, 0x00, 0xFA, 0x00, 0x06, 0x00, 0xFC, 0x43, 0x71, 0xBF, 0x8D, 0x4E, 0x2D, 0x63,
    0xA0, 0x72, 0xFD, 0x54, 0x02, 0xAE, 0x48, 0x53, 0x23, 0x2E, 0x51, 0x6C, 0x02, 0xE5, 0xB2, 0xB2,
    0x00, 0x02, 0x00, 0x6F, 0xFE, 0x99, 0x04, 0x1A, 0x04, 0x3A, 0x00, 0x03, 0x00, 0x0B, 0x00, 0x17,
    0x40, 0x0B, 0x00, 0x06, 0x06, 0x0B, 0x0A, 0x72, 0x09, 0x04, 0x06, 0x72, 0x02, 0x00, 0x2F, 0x2B,
    0x32, 0x2B, 0x32, 0x12, 0x39, 0x30, 0x31, 0x25, 0x21, 0x11, 0x21, 0x01, 0x21, 0x11, 0x21, 0x11,
    0x21, 0x11, 0x21, 0x01, 0xB5, 0x01, 0x20, 0xFE, 0xE0, 0xFE, 0xBA, 0x01, 0x20, 0x01, 0x6A, 0x01,
    0x21, 0xFC, 0x55, 0xE1, 0xFD, 0xB8, 0x05, 0xA1, 0xFC, 0xA7, 0x03, 0x59, 0xFB, 0xC6, 0x00, 0x02,
    0x00, 0x77, 0xFF, 0xEB, 0x07, 0x1A, 0x05, 0xB0, 0x00, 0x18, 0x00, 0x30, 0x00, 0x1B, 0x40, 0x0E,
    0x2C, 0x1F, 0x09, 0x72, 0x14, 0x07, 0x09, 0x72, 0x26, 0x1A, 0x0E, 0x00, 0x02, 0x72, 0x00, 0x2B,
    0x32, 0x32, 0x32, 0x2B, 0x32, 0x2B, 0x32, 0x30, 0x31, 0x01, 0x33, 0x11, 0x14, 0x0E, 0x02, 0x23,
    0x22, 0x2E, 0x02, 0x35, 0x11, 0x21, 0x11, 0x14, 0x1E, 0x02, 0x33, 0x32, 0x36, 0x36, 0x35, 0x01,
    0x21, 0x11, 0x14, 0x06, 0x06, 0x23, 0x22, 0x2E, 0x02, 0x35, 0x11, 0x33, 0x11, 0x14, 0x1E, 0x02,
    0x33, 0x32, 0x36, 0x36, 0x35, 0x03, 0x32, 0xF4, 0x42, 0x78, 0xA2, 0x61, 0x6B, 0xB6, 0x87, 0x4A,
    0x01, 0x2C, 0x1C, 0x35, 0x49, 0x2C, 0x3E, 0x5A, 0x31, 0x02, 0xBC, 0x01, 0x2C, 0x82, 0xE0, 0x90,
    0x60, 0xA3, 0x77, 0x43, 0xF4, 0x1C, 0x36, 0x4A, 0x2D, 0x3D, 0x59, 0x30, 0x05, 0xB0, 0xFC, 0x1D,
    0x76, 0xB4, 0x7B, 0x3D, 0x3D, 0x7B, 0xB4, 0x76, 0x03, 0xE3, 0xFC, 0x1D, 0x41, 0x5D, 0x3D, 0x1D,
    0x34, 0x6E, 0x56, 0x03, 0xE3, 0xFC, 0x1D, 0x9E, 0xD6, 0x6E, 0x3D, 0x7B, 0xB4, 0x76, 0x03, 0xE3,
    0xFC, 0x1D, 0x41, 0x5D, 0x3D, 0x1D, 0x34, 0x6E, 0x56, 0x00, 0x00, 0x02, 0x00, 0x65, 0xFF, 0xEB,
    0x06, 0x4B, 0x04, 0x3A, 0x00, 0x18, 0x00, 0x31, 0x00, 0x1B, 0x40, 0x0E, 0x2C, 0x1F, 0x0B, 0x72,
    0x14, 0x07, 0x0B, 0x72, 0x26, 0x1A, 0x0E, 0x00, 0x06, 0x72, 0x00, 0x2B, 0x32, 0x32, 0x32, 0x2B,
    0x32, 0x2B, 0x32, 0x30, 0x31, 0x01, 0x33, 0x11, 0x14, 0x0E, 0x02, 0x23, 0x22, 0x2E, 0x02, 0x35,
    0x11, 0x21, 0x11, 0x14, 0x1E, 0x02, 0x33, 0x32, 0x36, 0x36, 0x35, 0x01, 0x21, 0x11, 0x14, 0x06,
    0x06, 0x23, 0x22, 0x2E, 0x02, 0x35, 0x11, 0x33, 0x11, 0x14, 0x1E, 0x02, 0x33, 0x32, 0x3E, 0x02,
    0x35, 0x02, 0xCC, 0xEB, 0x3C, 0x6D, 0x96, 0x5A, 0x60, 0xA2, 0x76, 0x41, 0x01, 0x22, 0x14, 0x27,
    0x38, 0x24, 0x38, 0x4D, 0x29, 0x02, 0x5F, 0x01, 0x20, 0x71, 0xC8, 0x82, 0x59, 0x93, 0x69, 0x39,
    0xEB, 0x14, 0x2A, 0x3E, 0x27, 0x25, 0x3A, 0x27, 0x15, 0x04, 0x3A, 0xFD, 0x7F, 0x72, 0xAC, 0x75,
    0x3B, 0x3B, 0x75, 0xAC, 0x72, 0x02, 0x81, 0xFD, 0x7F, 0x3E, 0x59, 0x3A, 0x1C, 0x33, 0x68, 0x52,
    0x02, 0x81, 0xFD, 0x7F, 0x97, 0xCE, 0x69, 0x3B, 0x75, 0xAC, 0x72, 0x02, 0x81, 0xFD, 0x7F, 0x3E,
    0x59, 0x3A, 0x1C, 0x1C, 0x3A, 0x59, 0x3E, 0x00, 0x00, 0x02, 0xFF, 0xE6, 0x00, 0x00, 0x04, 0x45,
    0x06, 0x19, 0x00, 0x17, 0x00, 0x1B, 0x00, 0x21, 0x40, 0x10, 0x0D, 0x0A, 0x00, 0x17, 0x17, 0x0A,
    0x1A, 0x1B, 0x1B, 0x0A, 0x0B, 0x01, 0x72, 0x0A, 0x0A, 0x72, 0x00, 0x2B, 0x2B, 0x11, 0x39, 0x2F,
    0x33, 0x11, 0x39, 0x2F, 0x33, 0x11, 0x33, 0x30, 0x31, 0x01, 0x21, 0x32, 0x16, 0x16, 0x15, 0x14,
    0x06, 0x06, 0x23, 0x21, 0x11, 0x21, 0x11, 0x33, 0x32, 0x36, 0x36, 0x35, 0x34, 0x26, 0x26, 0x23,
    0x21, 0x01, 0x15, 0x21, 0x35, 0x01, 0x37, 0x01, 0x39, 0x94, 0xD2, 0x6F, 0x6F, 0xD2, 0x94, 0xFE,
    0x12, 0x01, 0x22, 0xCC, 0x41, 0x4F, 0x25, 0x25, 0x4F, 0x41, 0xFE, 0xC7, 0x01, 0x6B, 0xFD, 0x44,
    0x03, 0x12, 0x64, 0xB0, 0x73, 0x74, 0xB1, 0x66, 0x06, 0x19, 0xFA, 0xC7, 0x2F, 0x4D, 0x2E, 0x2C,
    0x4C, 0x30, 0x02, 0xBB, 0xB2, 0xB2, 0x00, 0x03, 0x00, 0x7D, 0xFF, 0xED, 0x06, 0xFD, 0x05, 0xC6,
    0x00, 0x03, 0x00, 0x2C, 0x00, 0x30, 0x00, 0x20, 0x40, 0x11, 0x03, 0x02, 0x02, 0x2F, 0x30, 0x02,
    0x72, 0x2F, 0x08, 0x1D, 0x14, 0x03, 0x72, 0x29, 0x09, 0x09, 0x72, 0x00, 0x2B, 0x32, 0x2B, 0x32,
    0x3F, 0x2B, 0x12, 0x39, 0x2F, 0x33, 0x30, 0x31, 0x01, 0x15, 0x21, 0x35, 0x01, 0x21, 0x0E, 0x02,
    0x23, 0x22, 0x26, 0x26, 0x02, 0x35, 0x35, 0x34, 0x12, 0x36, 0x36, 0x33, 0x32, 0x16, 0x16, 0x17,
    0x21, 0x2E, 0x02, 0x23, 0x22, 0x0E, 0x02, 0x15, 0x15, 0x14, 0x1E, 0x03, 0x33, 0x32, 0x36, 0x36,
    0x01, 0x11, 0x21, 0x11, 0x05, 0x31, 0xFC, 0x14, 0x04, 0x8B, 0x01, 0x2B, 0x09, 0x90, 0xFF, 0xB2,
    0x8C, 0xDF, 0x9C, 0x52, 0x55, 0x9F, 0xDE, 0x8A, 0xB6, 0xFB, 0x8B, 0x0D, 0xFE, 0xD5, 0x06, 0x3C,
    0x79, 0x63, 0x4B, 0x71, 0x4B, 0x25, 0x15, 0x2D, 0x46, 0x61, 0x40, 0x5E, 0x7A, 0x41, 0xFB, 0xDE,
    0xFE, 0xD5, 0x03, 0x59, 0xE1, 0xE1, 0xFE, 0x8B, 0x93, 0xE4, 0x80, 0x61, 0xB6, 0x01, 0x02, 0xA0,
    0x65, 0xA0, 0x01, 0x03, 0xB6, 0x62, 0x84, 0xE8, 0x94, 0x58, 0x7B, 0x3F, 0x38, 0x72, 0xAD, 0x74,
    0x67, 0x5A, 0x93, 0x6F, 0x4A, 0x26, 0x3C, 0x76, 0x04, 0x24, 0xFA, 0x50, 0x05, 0xB0, 0x00, 0x03,
    0x00, 0x75, 0xFF, 0xEC, 0x05, 0xCE, 0x04, 0x4E, 0x00, 0x03, 0x00, 0x2B, 0x00, 0x2F, 0x00, 0x24,
    0x40, 0x13, 0x03, 0x02, 0x02, 0x2E, 0x2F, 0x06, 0x72, 0x2E, 0x0A, 0x21, 0x1D, 0x18, 0x07, 0x72,
    0x08, 0x04, 0x0D, 0x0B, 0x72, 0x00, 0x2B, 0x32, 0xCC, 0x2B, 0xCC, 0x33, 0x3F, 0x2B, 0x12, 0x39,
    0x2F, 0x33, 0x30, 0x31, 0x01, 0x15, 0x21, 0x35, 0x01, 0x32, 0x36, 0x36, 0x37, 0x21, 0x0E, 0x02,
    0x23, 0x22, 0x2E, 0x02, 0x35, 0x35, 0x34, 0x3E, 0x02, 0x33, 0x32, 0x16, 0x16, 0x17, 0x21, 0x2E,
    0x02, 0x23, 0x22, 0x0E, 0x02, 0x15, 0x15, 0x14, 0x1E, 0x02, 0x01, 0x11, 0x21, 0x11, 0x04, 0x81,
    0xFC, 0x9D, 0x02, 0xEB, 0x35, 0x52, 0x2F, 0x01, 0x01, 0x0E, 0x01, 0x78, 0xCA, 0x7D, 0x7D, 0xBC,
    0x7C, 0x3E, 0x3E, 0x7D, 0xBA, 0x7D, 0x84, 0xC9, 0x73, 0x01, 0xFE, 0xF2, 0x01, 0x2B, 0x52, 0x3B,
    0x3F, 0x4F, 0x2C, 0x12, 0x11, 0x2D, 0x50, 0xFD, 0xCD, 0xFE, 0xDF, 0x02, 0x78, 0xB2, 0xB2, 0xFE,
    0x55, 0x29, 0x4B, 0x33, 0x72, 0xB1, 0x65, 0x54, 0x95, 0xC7, 0x72, 0x1D, 0x73, 0xC7, 0x95, 0x54,
    0x66, 0xBD, 0x81, 0x36, 0x58, 0x35, 0x35, 0x5B, 0x73, 0x3F, 0x1D, 0x3F, 0x74, 0x5A, 0x34, 0x03,
    0x6D, 0xFB, 0xC6, 0x04, 0x3A, 0x00, 0x00, 0x04, 0x00, 0x0E, 0x00, 0x00, 0x05, 0x49, 0x05, 0xB0,
    0x00, 0x04, 0x00, 0x09, 0x00, 0x0D, 0x00, 0x11, 0x00, 0x24, 0x40, 0x11, 0x11, 0x0D, 0x0C, 0x0C,
    0x02, 0x00, 0x06, 0x06, 0x07, 0x03, 0x02, 0x72, 0x0F, 0x05, 0x05, 0x02, 0x08, 0x00, 0x3F, 0x33,
    0x11, 0x33, 0x2B, 0x32, 0x32, 0x11, 0x33, 0x11, 0x39, 0x2F, 0x33, 0x33, 0x30, 0x31, 0x01, 0x01,
    0x21, 0x01, 0x33, 0x01, 0x01, 0x37, 0x33, 0x01, 0x01, 0x15, 0x21, 0x35, 0x05, 0x11, 0x23, 0x11,
    0x02, 0xFE, 0xFE, 0x4B, 0xFE, 0xC5, 0x02, 0x01, 0xA6, 0x01, 0x59, 0xFE, 0x48, 0x4D, 0xA6, 0x02,
    0x00, 0xFE, 0xD5, 0xFC, 0xF4, 0x02, 0x10, 0xF8, 0x05, 0x2F, 0xFA, 0xD1, 0x05, 0xB0, 0xFA, 0x50,
    0x05, 0x38, 0x78, 0xFA, 0x50, 0x02, 0x71, 0xCB, 0xCB, 0x5E, 0xFD, 0xED, 0x02, 0x13, 0x00, 0x04,
    0x00, 0x08, 0x00, 0x00, 0x04, 0x63, 0x04, 0x3A, 0x00, 0x04, 0x00, 0x09, 0x00, 0x0D, 0x00, 0x11,
    0x00, 0x1E, 0x40, 0x0E, 0x11, 0x0D, 0x0C, 0x0C, 0x01, 0x07, 0x03, 0x06, 0x72, 0x10, 0x05, 0x05,
    0x01, 0x0A, 0x00, 0x3F, 0x33, 0x11, 0x33, 0x2B, 0x32, 0x12, 0x39, 0x2F, 0x33, 0x33, 0x30, 0x31,
    0x01, 0x03, 0x21, 0x01, 0x33, 0x13, 0x03, 0x03, 0x33, 0x01, 0x03, 0x15, 0x21, 0x35, 0x05, 0x11,
    0x23, 0x11, 0x02, 0x15, 0xE6, 0xFE, 0xD9, 0x01, 0x99, 0xD7, 0xC5, 0xE9, 0x61, 0xD8, 0x01, 0x98,
    0xBD, 0xFD, 0x25, 0x01, 0xC3, 0xBA, 0x02, 0xA5, 0xFD, 0x5B, 0x04, 0x3A, 0xFB, 0xC6, 0x02, 0xA5,
    0x01, 0x95, 0xFB, 0xC6, 0x01, 0xC8, 0xB7, 0xB7, 0x56, 0xFE, 0x8E, 0x01, 0x72, 0x00, 0x00, 0x06,
    0x00, 0x93, 0x00, 0x00, 0x07, 0x6B, 0x05, 0xB0, 0x00, 0x03, 0x00, 0x08, 0x00, 0x0D, 0x00, 0x11,
    0x00, 0x15, 0x00, 0x19, 0x00, 0x34, 0x40, 0x1A, 0x09, 0x14, 0x14, 0x06, 0x06, 0x18, 0x15, 0x11,
    0x11, 0x10, 0x10, 0x03, 0x02, 0x02, 0x18, 0x08, 0x16, 0x02, 0x72, 0x04, 0x0A, 0x0A, 0x0B, 0x07,
    0x02, 0x72, 0x00, 0x2B, 0x32, 0x32, 0x11, 0x33, 0x2B, 0x3F, 0x39, 0x2F, 0x33, 0x33, 0x11, 0x33,
    0x11, 0x33, 0x11, 0x33, 0x11, 0x33, 0x11, 0x33, 0x30, 0x31, 0x01, 0x15, 0x21, 0x35, 0x01, 0x01,
    0x21, 0x01, 0x33, 0x01, 0x01, 0x37, 0x33, 0x01, 0x01, 0x15, 0x21, 0x35, 0x05, 0x11, 0x23, 0x11,
    0x01, 0x11, 0x21, 0x11, 0x03, 0xAC, 0xFD, 0xA6, 0x03, 0xCE, 0xFE, 0x4B, 0xFE, 0xC5, 0x02, 0x01,
    0xA6, 0x01, 0x59, 0xFE, 0x48, 0x4D, 0xA6, 0x02, 0x00, 0xFE, 0xD4, 0xFC, 0xF4, 0x02, 0x10, 0xF7,
    0xFD, 0x72, 0xFE, 0xD5, 0x02, 0x70, 0xC9, 0xC9, 0x02, 0xBF, 0xFA, 0xD1, 0x05, 0xB0, 0xFA, 0x50,
    0x05, 0x38, 0x78, 0xFA, 0x50, 0x02, 0x71, 0xCB, 0xCB, 0x5E, 0xFD, 0xED, 0x02, 0x13, 0x03, 0x9D,
    0xFA, 0x50, 0x05, 0xB0, 0x00, 0x06, 0x00, 0x7D, 0x00, 0x00, 0x06, 0x4E, 0x04, 0x3A, 0x00, 0x03,
    0x00, 0x08, 0x00, 0x0D, 0x00, 0x11, 0x00, 0x15, 0x00, 0x19, 0x00, 0x2E, 0x40, 0x17, 0x15, 0x11,
    0x11, 0x10, 0x10, 0x03, 0x02, 0x02, 0x18, 0x19, 0x06, 0x72, 0x09, 0x14, 0x14, 0x06, 0x06, 0x18,
    0x0A, 0x0B, 0x07, 0x06, 0x72, 0x00, 0x2B, 0x32, 0x3F, 0x33, 0x11, 0x33, 0x11, 0x33, 0x2B, 0x12,
    0x39, 0x2F, 0x33, 0x33, 0x11, 0x33, 0x11, 0x33, 0x30, 0x31, 0x01, 0x15, 0x21, 0x35, 0x25, 0x03,
    0x21, 0x01, 0x33, 0x13, 0x03, 0x03, 0x33, 0x01, 0x03, 0x15, 0x21, 0x35, 0x05, 0x11, 0x23, 0x11,
    0x01, 0x11, 0x21, 0x11, 0x03, 0x57, 0xFD, 0x6A, 0x03, 0x3E, 0xE6, 0xFE, 0xD9, 0x01, 0x99, 0xD7,
    0xC6, 0xEA, 0x60, 0xD7, 0x01, 0x99, 0xBE, 0xFD, 0x26, 0x01, 0xC2, 0xBA, 0xFD, 0xE0, 0xFE, 0xDF,
    0x01, 0xC8, 0xB6, 0xB6, 0xDD, 0xFD, 0x5B, 0x04, 0x3A, 0xFB, 0xC6, 0x02, 0xA5, 0x01, 0x95, 0xFB,
    0xC6, 0x01, 0xC8, 0xB7, 0xB7, 0x56, 0xFE, 0x8E, 0x01, 0x72, 0x02, 0xC8, 0xFB, 0xC6, 0x04, 0x3A,
    0x00, 0x05, 0x00, 0x6D, 0x00, 0x00, 0x06, 0x89, 0x05, 0xB0, 0x00, 0x16, 0x00, 0x1A, 0x00, 0x1F,
    0x00, 0x24, 0x00, 0x28, 0x00, 0x34, 0x40, 0x19, 0x19, 0x1A, 0x1A, 0x24, 0x1B, 0x1F, 0x1F, 0x23,
    0x23, 0x13, 0x28, 0x06, 0x06, 0x13, 0x13, 0x01, 0x1C, 0x24, 0x02, 0x72, 0x0D, 0x27, 0x27, 0x01,
    0x08, 0x00, 0x3F, 0x33, 0x11, 0x33, 0x2B, 0x32, 0x12, 0x39, 0x2F, 0x33, 0x11, 0x33, 0x11, 0x33,
    0x11, 0x33, 0x11, 0x33, 0x11, 0x33, 0x11, 0x33, 0x30, 0x31, 0x21, 0x21, 0x11, 0x34, 0x36, 0x36,
    0x33, 0x21, 0x32, 0x16, 0x16, 0x15, 0x11, 0x21, 0x11, 0x34, 0x26, 0x26, 0x23, 0x21, 0x22, 0x06,
    0x15, 0x01, 0x15, 0x21, 0x35, 0x01, 0x01, 0x21, 0x01, 0x23, 0x01, 0x01, 0x07, 0x23, 0x01, 0x01,
    0x11, 0x21, 0x11, 0x01, 0x98, 0xFE, 0xD5, 0x80, 0xF2, 0xA9, 0x01, 0xE5, 0xAA, 0xF1, 0x81, 0xFE,
    0xD4, 0x34, 0x6B, 0x51, 0xFE, 0x1B, 0x79, 0x77, 0x03, 0x7B, 0xFC, 0xFB, 0x01, 0x39, 0x01, 0x82,
    0x01, 0x47, 0xFE, 0x00, 0xA7, 0xFE, 0xE8, 0x01, 0x85, 0x27, 0xA6, 0xFD, 0xFF, 0x03, 0x16, 0xFE,
    0xD5, 0x01, 0x54, 0xA8, 0xCA, 0x5A, 0x5A, 0xCA, 0xA8, 0xFE, 0xAC, 0x01, 0x54, 0x56, 0x62, 0x28,
    0x5E, 0x82, 0x04, 0x5C, 0xED, 0xED, 0xFD, 0x13, 0x02, 0xED, 0xFC, 0x80, 0x03, 0x80, 0xFD, 0x0B,
    0x8B, 0x03, 0x80, 0xFD, 0x46, 0xFD, 0x0A, 0x02, 0xF6, 0x00, 0x00, 0x05, 0x00, 0x6E, 0x00, 0x00,
    0x05, 0x6C, 0x04, 0x3A, 0x00, 0x17, 0x00, 0x1B, 0x00, 0x20, 0x00, 0x25, 0x00, 0x29, 0x00, 0x30,
    0x40, 0x17, 0x1A, 0x1B, 0x1B, 0x25, 0x20, 0x24, 0x24, 0x13, 0x29, 0x06, 0x06, 0x13, 0x13, 0x01,
    0x1D, 0x25, 0x06, 0x72, 0x0D, 0x28, 0x28, 0x01, 0x0A, 0x00, 0x3F, 0x33, 0x11, 0x33, 0x2B, 0x32,
    0x12, 0x39, 0x2F, 0x33, 0x11, 0x33, 0x11, 0x33, 0x11, 0x33, 0x11, 0x33, 0x11, 0x33, 0x30, 0x31,
    0x21, 0x21, 0x35, 0x34, 0x36, 0x36, 0x33, 0x21, 0x32, 0x16, 0x16, 0x15, 0x15, 0x21, 0x35, 0x34,
    0x26, 0x26, 0x23, 0x21, 0x22, 0x06, 0x06, 0x15, 0x01, 0x15, 0x21, 0x35, 0x01, 0x01, 0x21, 0x01,
    0x23, 0x03, 0x01, 0x07, 0x23, 0x01, 0x01, 0x11, 0x21, 0x11, 0x01, 0x8E, 0xFE, 0xE0, 0x72, 0xD7,
    0x96, 0x01, 0x40, 0x95, 0xD6, 0x74, 0xFE, 0xDF, 0x2A, 0x53, 0x41, 0xFE, 0xC0, 0x41, 0x54, 0x2A,
    0x02, 0xEC, 0xFD, 0x16, 0x01, 0x29, 0x01, 0x17, 0x01, 0x38, 0xFE, 0x6A, 0x9B, 0xBE, 0x01, 0x1B,
    0x23, 0x9A, 0xFE, 0x69, 0x02, 0xA1, 0xFE, 0xE0, 0xB6, 0x9D, 0xBD, 0x55, 0x55, 0xBD, 0x9D, 0xB6,
    0xB6, 0x54, 0x5F, 0x26, 0x26, 0x5F, 0x54, 0x03, 0x84, 0xBA, 0xBA, 0xFD, 0xBB, 0x02, 0x45, 0xFD,
    0x4A, 0x02, 0xB6, 0xFD, 0xB6, 0x6C, 0x02, 0xB6, 0xFD, 0xD1, 0xFD, 0xF5, 0x02, 0x0B, 0x00, 0x07,
    0x00, 0x96, 0x00, 0x00, 0x08, 0xDD, 0x05, 0xB0, 0x00, 0x03, 0x00, 0x07, 0x00, 0x1E, 0x00, 0x22,
    0x00, 0x27, 0x00, 0x2C, 0x00, 0x30, 0x00, 0x3C, 0x40, 0x1E, 0x21, 0x22, 0x22, 0x24, 0x2C, 0x02,
    0x72, 0x27, 0x2B, 0x2B, 0x1B, 0x30, 0x0E, 0x0E, 0x1B, 0x1B, 0x03, 0x02, 0x02, 0x05, 0x07, 0x02,
    0x72, 0x15, 0x2F, 0x2F, 0x09, 0x09, 0x05, 0x08, 0x00, 0x3F, 0x33, 0x11, 0x33, 0x11, 0x33, 0x2B,
    0x12, 0x39, 0x2F, 0x33, 0x33, 0x11, 0x33, 0x11, 0x33, 0x11, 0x33, 0x11, 0x33, 0x2B, 0x32, 0x32,
    0x11, 0x33, 0x30, 0x31, 0x01, 0x15, 0x21, 0x35, 0x13, 0x11, 0x21, 0x11, 0x01, 0x21, 0x11, 0x34,
    0x36, 0x36, 0x33, 0x21, 0x32, 0x16, 0x16, 0x15, 0x11, 0x21, 0x11, 0x34, 0x26, 0x26, 0x23, 0x21,
    0x22, 0x06, 0x15, 0x01, 0x15, 0x21, 0x35, 0x01, 0x01, 0x21, 0x01, 0x23, 0x01, 0x01, 0x07, 0x23,
    0x01, 0x01, 0x11, 0x21, 0x11, 0x05, 0x12, 0xFC, 0x36, 0x79, 0xFE, 0xD5, 0x03, 0x57, 0xFE, 0xD5,
    0x80, 0xF2, 0xA9, 0x01, 0xE5, 0xAA, 0xF1, 0x80, 0xFE, 0xD5, 0x34, 0x6B, 0x51, 0xFE, 0x1B, 0x79,
    0x77, 0x03, 0x7A, 0xFC, 0xFC, 0x01, 0x39, 0x01, 0x82, 0x01, 0x47, 0xFE, 0x00, 0xA6, 0xFE, 0xE6,
    0x01, 0x86, 0x27, 0xA6, 0xFE, 0x00, 0x03, 0x15, 0xFE, 0xD5, 0x03, 0x23, 0xE3, 0xE3, 0x02, 0x8D,
    0xFA, 0x50, 0x05, 0xB0, 0xFA, 0x50, 0x01, 0x54, 0xA8, 0xCA, 0x5A, 0x5A, 0xCA, 0xA8, 0xFE, 0xAC,
    0x01, 0x54, 0x57, 0x61, 0x28, 0x5E, 0x82, 0x04, 0x5C, 0xED, 0xED, 0xFD, 0x13, 0x02, 0xED, 0xFC,
    0x80, 0x03, 0x80, 0xFD, 0x0B, 0x8B, 0x03, 0x80, 0xFD, 0x46, 0xFD, 0x0A, 0x02, 0xF6, 0x00, 0x07,
    0x00, 0x86, 0x00, 0x00, 0x07, 0x99, 0x04, 0x3A, 0x00, 0x03, 0x00, 0x07, 0x00, 0x1F, 0x00, 0x23,
    0x00, 0x28, 0x00, 0x2D, 0x00, 0x31, 0x00, 0x3E, 0x40, 0x1E, 0x25, 0x22, 0x23, 0x23, 0x2D, 0x2D,
    0x07, 0x28, 0x2C, 0x2C, 0x1B, 0x31, 0x0E, 0x0E, 0x1B, 0x1B, 0x03, 0x02, 0x02, 0x06, 0x07, 0x06,
    0x72, 0x15, 0x30, 0x30, 0x09, 0x09, 0x06, 0x0A, 0x00, 0x3F, 0x33, 0x11, 0x33, 0x11, 0x33, 0x2B,
    0x12, 0x39, 0x2F, 0x33, 0x33, 0x11, 0x33, 0x11, 0x33, 0x11, 0x33, 0x11, 0x33, 0x11, 0x33, 0x11,
    0x33, 0x11, 0x33, 0x33, 0x30, 0x31, 0x01, 0x15, 0x21, 0x35, 0x13, 0x11, 0x21, 0x11, 0x01, 0x21,
    0x35, 0x34, 0x36, 0x36, 0x33, 0x21, 0x32, 0x16, 0x16, 0x15, 0x15, 0x21, 0x35, 0x34, 0x26, 0x26,
    0x23, 0x21, 0x22, 0x06, 0x06, 0x15, 0x01, 0x15, 0x21, 0x35, 0x01, 0x01, 0x21, 0x01, 0x23, 0x03,
    0x01, 0x07, 0x23, 0x01, 0x01, 0x11, 0x21, 0x11, 0x04, 0xC1, 0xFC, 0x24, 0xC2, 0xFE, 0xDF, 0x03,
    0x35, 0xFE, 0xE0, 0x72, 0xD6, 0x96, 0x01, 0x41, 0x96, 0xD5, 0x74, 0xFE, 0xDF, 0x2A, 0x54, 0x40,
    0xFE, 0xBF, 0x40, 0x54, 0x2A, 0x02, 0xEC, 0xFD, 0x15, 0x01, 0x2A, 0x01, 0x17, 0x01, 0x38, 0xFE,
    0x6A, 0x9B, 0xBE, 0x01, 0x1B, 0x23, 0x9A, 0xFE, 0x69, 0x02, 0xA1, 0xFE, 0xE0, 0x02, 0x65, 0xCF,
    0xCF, 0x01, 0xD5, 0xFB, 0xC6, 0x04, 0x3A, 0xFB, 0xC6, 0xB6, 0x9D, 0xBD, 0x55, 0x55, 0xBD, 0x9D,
    0xB6, 0xB6, 0x54, 0x5E, 0x27, 0x27, 0x5E, 0x54, 0x03, 0x84, 0xBA, 0xBA, 0xFD, 0xBB, 0x02, 0x45,
    0xFD, 0x4A, 0x02, 0xB6, 0xFD, 0xB6, 0x6C, 0x02, 0xB6, 0xFD, 0xD1, 0xFD, 0xF5, 0x02, 0x0B, 0x00,
    0x00, 0x03, 0x00, 0x07, 0xFE, 0x42, 0x03, 0xB6, 0x07, 0x87, 0x00, 0x17, 0x00, 0x40, 0x00, 0x49,
    0x00, 0x2B, 0x40, 0x14, 0x18, 0x0D, 0x0C, 0x40, 0x40, 0x00, 0x2B, 0x2C, 0x09, 0x45, 0x43, 0x43,
    0x42, 0x48, 0x41, 0x80, 0x47, 0x17, 0x00, 0x02, 0x00, 0x3F, 0x32, 0xDE, 0x1A, 0xCD, 0x32, 0x39,
    0x32, 0x11, 0x33, 0x3F, 0x33, 0x12, 0x39, 0x2F, 0x33, 0x33, 0x33, 0x30, 0x31, 0x13, 0x21, 0x32,
    0x1E, 0x02, 0x15, 0x14, 0x0E, 0x02, 0x23, 0x23, 0x35, 0x33, 0x32, 0x36, 0x36, 0x35, 0x34, 0x26,
    0x26, 0x23, 0x21, 0x13, 0x33, 0x32, 0x1E, 0x02, 0x15, 0x14, 0x0E, 0x02, 0x23, 0x23, 0x22, 0x06,
    0x15, 0x14, 0x16, 0x16, 0x17, 0x07, 0x2E, 0x02, 0x27, 0x34, 0x36, 0x36, 0x33, 0x33, 0x32, 0x3E,
    0x02, 0x35, 0x34, 0x2E, 0x02, 0x23, 0x23, 0x13, 0x17, 0x37, 0x33, 0x15, 0x01, 0x23, 0x01, 0x35,
    0x7B, 0x01, 0x04, 0x76, 0xC0, 0x89, 0x4A, 0x48, 0x86, 0xBC, 0x72, 0x9C, 0x96, 0x51, 0x63, 0x2D,
    0x31, 0x66, 0x51, 0xFE, 0xFC, 0x75, 0x93, 0x86, 0xD1, 0x91, 0x4B, 0x48, 0x88, 0xB9, 0x73, 0x3B,
    0x3D, 0x34, 0x31, 0x44, 0x1B, 0x50, 0x6B, 0x91, 0x4A, 0x01, 0x57, 0x9E, 0x6D, 0x41, 0x38, 0x57,
    0x3D, 0x20, 0x25, 0x46, 0x68, 0x44, 0x8F, 0x67, 0x94, 0x94, 0xF6, 0xFE, 0xD2, 0xB7, 0xFE, 0xD0,
    0x05, 0xB0, 0x2E, 0x5D, 0x90, 0x61, 0x5D, 0x8C, 0x5F, 0x2F, 0xA1, 0x31, 0x56, 0x36, 0x34, 0x4E,
    0x2B, 0xFE, 0x49, 0x32, 0x60, 0x8D, 0x5B, 0x66, 0x9F, 0x6E, 0x38, 0x37, 0x2A, 0x2D, 0x3E, 0x27,
    0x0C, 0xAB, 0x17, 0x66, 0x96, 0x5C, 0x63, 0x80, 0x40, 0x1C, 0x34, 0x46, 0x29, 0x38, 0x54, 0x39,
    0x1D, 0x05, 0x12, 0x91, 0x91, 0x0A, 0xFE, 0xE8, 0x01, 0x19, 0x09, 0x00, 0x00, 0x03, 0x00, 0x1D,
    0xFE, 0x50, 0x03, 0x99, 0x06, 0x08, 0x00, 0x18, 0x00, 0x41, 0x00, 0x4A, 0x00, 0x26, 0x40, 0x11,
    0x0D, 0x19, 0x0C, 0x41, 0x41, 0x00, 0x2D, 0x43, 0x49, 0x46, 0x44, 0x42, 0x80, 0x48, 0x18, 0x00,
    0x06, 0x00, 0x3F, 0x32, 0xDE, 0x1A, 0xCD, 0x32, 0x32, 0x32, 0x39, 0x2F, 0x12, 0x39, 0x2F, 0x33,
    0x33, 0x33, 0x30, 0x31, 0x13, 0x21, 0x32, 0x1E, 0x02, 0x15, 0x14, 0x0E, 0x02, 0x23, 0x23, 0x35,
    0x33, 0x32, 0x36, 0x36, 0x35, 0x34, 0x2E, 0x02, 0x23, 0x21, 0x13, 0x33, 0x32, 0x1E, 0x02, 0x15,
    0x14, 0x0E, 0x02, 0x23, 0x23, 0x22, 0x06, 0x15, 0x14, 0x16, 0x16, 0x17, 0x07, 0x2E, 0x02, 0x27,
    0x34, 0x36, 0x36, 0x33, 0x33, 0x32, 0x3E, 0x02, 0x35, 0x34, 0x2E, 0x02, 0x23, 0x23, 0x13, 0x17,
    0x37, 0x33, 0x15, 0x01, 0x23, 0x01, 0x35, 0x7A, 0x01, 0x03, 0x6F, 0xB6, 0x83, 0x47, 0x43, 0x7C,
    0xAC, 0x69, 0xAA, 0xA6, 0x42, 0x50, 0x25, 0x19, 0x32, 0x4E, 0x35, 0xFE, 0xFD, 0x74, 0xA2, 0x7C,
    0xC2, 0x85, 0x46, 0x42, 0x7C, 0xAB, 0x69, 0x31, 0x46, 0x3C, 0x2D, 0x3C, 0x18, 0x50, 0x52, 0x86,
    0x4F, 0x01, 0x4F, 0x91, 0x63, 0x39, 0x35, 0x52, 0x3A, 0x1F, 0x1F, 0x3C, 0x58, 0x3A, 0x9E, 0x55,
    0x94, 0x94, 0xF6, 0xFE, 0xD2, 0xB7, 0xFE, 0xD0, 0x04, 0x3A, 0x23, 0x49, 0x71, 0x4C, 0x49, 0x6D,
    0x49, 0x25, 0x85, 0x22, 0x3E, 0x26, 0x1B, 0x2B, 0x1E, 0x12, 0xFE, 0xD4, 0x24, 0x46, 0x66, 0x42,
    0x4D, 0x78, 0x54, 0x2B, 0x37, 0x2A, 0x2D, 0x3E, 0x27, 0x0C, 0x9D, 0x1B, 0x63, 0x8D, 0x56, 0x59,
    0x75, 0x38, 0x14, 0x23, 0x2F, 0x1D, 0x21, 0x33, 0x23, 0x11, 0x04, 0x46, 0x91, 0x91, 0x0B, 0xFE,
    0xE8, 0x01, 0x1A, 0x09, 0x00, 0x03, 0x00, 0x5B, 0xFF, 0xEC, 0x05, 0x34, 0x05, 0xC4, 0x00, 0x17,
    0x00, 0x28, 0x00, 0x39, 0x00, 0x1F, 0x40, 0x12, 0x0C, 0x29, 0x6A, 0x32, 0x20, 0x6A, 0x32, 0x32,
    0x0C, 0x00, 0x18, 0x6A, 0x00, 0x03, 0x72, 0x0C, 0x09, 0x72, 0x00, 0x2B, 0x2B, 0x2B, 0x12, 0x39,
    0x2F, 0x2B, 0x2B, 0x30, 0x31, 0x01, 0x32, 0x1E, 0x03, 0x15, 0x15, 0x14, 0x02, 0x06, 0x06, 0x23,
    0x22, 0x2E, 0x03, 0x35, 0x35, 0x34, 0x12, 0x36, 0x36, 0x17, 0x22, 0x0E, 0x02, 0x07, 0x06, 0x06,
    0x15, 0x21, 0x26, 0x26, 0x27, 0x2E, 0x03, 0x03, 0x32, 0x3E, 0x02, 0x37, 0x36, 0x36, 0x37, 0x21,
    0x16, 0x16, 0x17, 0x1E, 0x03, 0x02, 0xC7, 0x6D, 0xBF, 0x99, 0x6D, 0x3B, 0x5A, 0xA5, 0xE3, 0x89,
    0x6E, 0xBE, 0x9A, 0x6E, 0x3A, 0x5A, 0xA5, 0xE4, 0x89, 0x42, 0x6C, 0x4F, 0x32, 0x09, 0x01, 0x02,
    0x02, 0x77, 0x01, 0x02, 0x02, 0x09, 0x31, 0x50, 0x6B, 0x40, 0x43, 0x6C, 0x4F, 0x31, 0x08, 0x01,
    0x01, 0x01, 0xFD, 0x88, 0x01, 0x02, 0x01, 0x0A, 0x31, 0x50, 0x6D, 0x05, 0xC4, 0x3F, 0x79, 0xAE,
    0xDE, 0x86, 0x45, 0xA6, 0xFE, 0xF8, 0xB9, 0x62, 0x3F, 0x79, 0xAE, 0xDE, 0x85, 0x45, 0xA7, 0x01,
    0x07, 0xBA, 0x62, 0xEF, 0x2F, 0x5B, 0x87, 0x58, 0x0E, 0x1B, 0x0F, 0x0E, 0x1C, 0x0E, 0x58, 0x87,
    0x5B, 0x2F, 0xFC, 0x05, 0x31, 0x60, 0x8D, 0x5B, 0x0B, 0x17, 0x0D, 0x0E, 0x1C, 0x0C, 0x5A, 0x8A,
    0x5E, 0x30, 0x00, 0x03, 0x00, 0x40, 0xFF, 0xEC, 0x04, 0x41, 0x04, 0x4E, 0x00, 0x15, 0x00, 0x20,
    0x00, 0x2B, 0x00, 0x1F, 0x40, 0x12, 0x0B, 0x21, 0x6A, 0x27, 0x1B, 0x6A, 0x27, 0x27, 0x0B, 0x00,
    0x16, 0x6A, 0x00, 0x07, 0x72, 0x0B, 0x0B, 0x72, 0x00, 0x2B, 0x2B, 0x2B, 0x12, 0x39, 0x2F, 0x2B,
    0x2B, 0x30, 0x31, 0x01, 0x32, 0x1E, 0x02, 0x15, 0x15, 0x14, 0x0E, 0x02, 0x23, 0x22, 0x2E, 0x02,
    0x35, 0x35, 0x34, 0x3E, 0x02, 0x17, 0x22, 0x0E, 0x02, 0x07, 0x21, 0x2E, 0x03, 0x03, 0x32, 0x3E,
    0x02, 0x37, 0x21, 0x1E, 0x03, 0x02, 0x40, 0x7B, 0xBF, 0x83, 0x44, 0x44, 0x83, 0xBE, 0x7A, 0x7B,
    0xC0, 0x83, 0x44, 0x44, 0x83, 0xBE, 0x7B, 0x34, 0x4E, 0x34, 0x20, 0x06, 0x01, 0xB8, 0x05, 0x20,
    0x35, 0x4E, 0x32, 0x32, 0x4D, 0x35, 0x20, 0x06, 0xFE, 0x49, 0x06, 0x1F, 0x36, 0x4D, 0x04, 0x4E,
    0x53, 0x94, 0xC9, 0x77, 0x15, 0x76, 0xC9, 0x95, 0x52, 0x52, 0x95, 0xC9, 0x76, 0x15, 0x77, 0xC9,
    0x94, 0x53, 0xE1, 0x26, 0x44, 0x5B, 0x35, 0x35, 0x5B, 0x44, 0x26, 0xFD, 0x60, 0x25, 0x41, 0x5A,
    0x34, 0x34, 0x5A, 0x41, 0x25, 0x00, 0x00, 0x02, 0x00, 0x0B, 0x00, 0x00, 0x05, 0x0A, 0x05, 0xC2,
    0x00, 0x0E, 0x00, 0x13, 0x00, 0x19, 0x40, 0x0D, 0x0E, 0x12, 0x08, 0x05, 0x13, 0x02, 0x72, 0x05,
    0x03, 0x72, 0x12, 0x08, 0x72, 0x00, 0x2B, 0x2B, 0x2B, 0x11, 0x33, 0x11, 0x33, 0x30, 0x31, 0x01,
    0x13, 0x3E, 0x02, 0x33, 0x17, 0x07, 0x23, 0x22, 0x06, 0x06, 0x07, 0x01, 0x23, 0x01, 0x01, 0x13,
    0x23, 0x01, 0x02, 0x9D, 0xD1, 0x23, 0x62, 0x8E, 0x63, 0x26, 0x03, 0x1D, 0x1D, 0x2F, 0x23, 0x0A,
    0xFE, 0xB7, 0xDC, 0xFE, 0xFC, 0x01, 0x31, 0x53, 0xDD, 0xFE, 0x1C, 0x01, 0x81, 0x02, 0xE6, 0x70,
    0x9B, 0x50, 0x01, 0xF3, 0x1E, 0x35, 0x24, 0xFB, 0xA9, 0x05, 0xB0, 0xFB, 0xD5, 0xFE, 0x7B, 0x05,
    0xB0, 0x00, 0x00, 0x02, 0x00, 0x10, 0x00, 0x00, 0x04, 0x25, 0x04, 0x4F, 0x00, 0x12, 0x00, 0x17,
    0x00, 0x15, 0x40, 0x0B, 0x17, 0x06, 0x72, 0x12, 0x16, 0x0A, 0x72, 0x0C, 0x05, 0x07, 0x72, 0x00,
    0x2B, 0x32, 0x2B, 0x32, 0x2B, 0x30, 0x31, 0x01, 0x13, 0x3E, 0x02, 0x33, 0x32, 0x16, 0x17, 0x07,
    0x26, 0x26, 0x23, 0x22, 0x06, 0x06, 0x07, 0x03, 0x23, 0x03, 0x13, 0x13, 0x23, 0x01, 0x02, 0x09,
    0x5E, 0x20, 0x5D, 0x84, 0x57, 0x1D, 0x33, 0x16, 0x18, 0x03, 0x24, 0x0C, 0x1A, 0x2D, 0x21, 0x09,
    0xE8, 0xC2, 0x81, 0xA1, 0x4E, 0xC2, 0xFE, 0xA5, 0x01, 0x94, 0x01, 0x74, 0x6B, 0x90, 0x4C, 0x08,
    0x0B, 0xDD, 0x01, 0x03, 0x1B, 0x2F, 0x1E, 0xFD, 0x05, 0x04, 0x3A, 0xFD, 0x5A, 0xFE, 0x6C, 0x04,
    0x3A, 0x00, 0x00, 0x04, 0x00, 0x5B, 0xFF, 0x78, 0x05, 0x34, 0x06, 0x29, 0x00, 0x03, 0x00, 0x07,
    0x00, 0x1F, 0x00, 0x37, 0x00, 0x24, 0x40, 0x10, 0x02, 0x02, 0x27, 0x27, 0x03, 0x1A, 0x03, 0x72,
    0x07, 0x07, 0x33, 0x33, 0x06, 0x0E, 0x09, 0x72, 0x00, 0x2B, 0xCD, 0x33, 0x11, 0x33, 0x7C, 0x2F,
    0x2B, 0x18, 0xCD, 0x33, 0x11, 0x33, 0x7D, 0x2F, 0x30, 0x31, 0x01, 0x11, 0x23, 0x11, 0x13, 0x11,
    0x23, 0x11, 0x01, 0x15, 0x14, 0x02, 0x06, 0x06, 0x23, 0x22, 0x2E, 0x03, 0x35, 0x35, 0x34, 0x12,
    0x36, 0x36, 0x33, 0x32, 0x1E, 0x03, 0x05, 0x35, 0x34, 0x2E, 0x03, 0x23, 0x22, 0x0E, 0x02, 0x15,
    0x15, 0x14, 0x1E, 0x03, 0x33, 0x32, 0x3E, 0x02, 0x03, 0x1F, 0xBF, 0xC2, 0xBF, 0x02, 0xD1, 0x5A,
    0xA5, 0xE3, 0x89, 0x6E, 0xBE, 0x9A, 0x6E, 0x3A, 0x5A, 0xA5, 0xE4, 0x89, 0x6D, 0xBF, 0x99, 0x6D,
    0x3B, 0xFE, 0xD0, 0x1B, 0x35, 0x4D, 0x63, 0x3D, 0x4C, 0x76, 0x51, 0x2A, 0x1B, 0x35, 0x4E, 0x64,
    0x3D, 0x4C, 0x75, 0x50, 0x2A, 0x06, 0x29, 0xFE, 0x39, 0x01, 0xC7, 0xFB, 0x20, 0xFE, 0x2F, 0x01,
    0xD1, 0x01, 0xB1, 0x45, 0xA6, 0xFE, 0xF8, 0xB9, 0x62, 0x3F, 0x79, 0xAE, 0xDE, 0x85, 0x45, 0xA7,
    0x01, 0x07, 0xBA, 0x62, 0x3F, 0x79, 0xAE, 0xDE, 0xCB, 0x47, 0x5C, 0x96, 0x72, 0x4D, 0x28, 0x3D,
    0x78, 0xB0, 0x74, 0x47, 0x5C, 0x96, 0x73, 0x4E, 0x28, 0x3E, 0x79, 0xB1, 0x00, 0x04, 0x00, 0x42,
    0xFF, 0x84, 0x04, 0x42, 0x04, 0xB4, 0x00, 0x03, 0x00, 0x07, 0x00, 0x1D, 0x00, 0x33, 0x00, 0x24,
    0x40, 0x10, 0x07, 0x07, 0x24, 0x24, 0x06, 0x19, 0x0B, 0x72, 0x02, 0x02, 0x2F, 0x2F, 0x03, 0x0E,
    0x07, 0x72, 0x00, 0x2B, 0xCD, 0x33, 0x11, 0x33, 0x7D, 0x2F, 0x2B, 0x18, 0xCD, 0x33, 0x11, 0x33,
    0x7C, 0x2F, 0x30, 0x31, 0x01, 0x11, 0x23, 0x11, 0x13, 0x11, 0x23, 0x11, 0x25, 0x35, 0x34, 0x3E,
    0x02, 0x33, 0x32, 0x1E, 0x02, 0x15, 0x15, 0x14, 0x0E, 0x02, 0x23, 0x22, 0x2E, 0x02, 0x25, 0x15,
    0x14, 0x1E, 0x02, 0x33, 0x32, 0x3E, 0x02, 0x35, 0x35, 0x34, 0x2E, 0x02, 0x23, 0x22, 0x0E, 0x02,
    0x02, 0x94, 0xA0, 0x9B, 0xA0, 0xFE, 0x53, 0x44, 0x82, 0xBE, 0x7B, 0x7B, 0xC0, 0x82, 0x44, 0x44,
    0x82, 0xBE, 0x7B, 0x7B, 0xBF, 0x83, 0x44, 0x01, 0x20, 0x18, 0x35, 0x56, 0x3E, 0x3C, 0x56, 0x34,
    0x19, 0x19, 0x35, 0x56, 0x3D, 0x3D, 0x55, 0x35, 0x18, 0x04, 0xB4, 0xFE, 0x46, 0x01, 0xBA, 0xFC,
    0x97, 0xFE, 0x39, 0x01, 0xC7, 0xC7, 0x15, 0x77, 0xC9, 0x94, 0x53, 0x53, 0x94, 0xC9, 0x77, 0x15,
    0x76, 0xC9, 0x95, 0x52, 0x52, 0x95, 0xC9, 0x8B, 0x15, 0x44, 0x76, 0x59, 0x32, 0x32, 0x59, 0x76,
    0x44, 0x15, 0x42, 0x75, 0x5B, 0x34, 0x34, 0x5B, 0x75, 0x00, 0x00, 0x04, 0x00, 0x77, 0xFF, 0xEB,
    0x07, 0x08, 0x07, 0x27, 0x00, 0x15, 0x00, 0x20, 0x00, 0x41, 0x00, 0x65, 0x00, 0x33, 0x40, 0x19,
    0x5B, 0x4E, 0x09, 0x72, 0x54, 0x31, 0x31, 0x2C, 0x38, 0x09, 0x72, 0x42, 0x43, 0x43, 0x11, 0x08,
    0x08, 0x1B, 0x1B, 0x16, 0x16, 0x22, 0x21, 0x02, 0x72, 0x00, 0x2B, 0x32, 0x32, 0x7C, 0x2F, 0x33,
    0x18, 0x2F, 0x33, 0x11, 0x33, 0x32, 0x11, 0x33, 0x2B, 0x32, 0x32, 0x2F, 0x33, 0x2B, 0x32, 0x30,
    0x31, 0x01, 0x33, 0x15, 0x23, 0x22, 0x2E, 0x02, 0x23, 0x22, 0x06, 0x15, 0x15, 0x23, 0x35, 0x34,
    0x36, 0x33, 0x32, 0x1E, 0x02, 0x01, 0x27, 0x36, 0x36, 0x35, 0x35, 0x33, 0x15, 0x14, 0x06, 0x06,
    0x25, 0x15, 0x22, 0x06, 0x06, 0x15, 0x11, 0x14, 0x1E, 0x02, 0x33, 0x32, 0x36, 0x36, 0x35, 0x11,
    0x33, 0x11, 0x14, 0x0E, 0x02, 0x23, 0x22, 0x2E, 0x02, 0x35, 0x11, 0x34, 0x36, 0x36, 0x05, 0x35,
    0x32, 0x1E, 0x02, 0x15, 0x11, 0x14, 0x0E, 0x02, 0x23, 0x22, 0x2E, 0x02, 0x35, 0x11, 0x33, 0x11,
    0x14, 0x1E, 0x02, 0x33, 0x32, 0x3E, 0x02, 0x35, 0x11, 0x34, 0x2E, 0x02, 0x05, 0x74, 0x11, 0x11,
    0x56, 0x8D, 0x76, 0x63, 0x2A, 0x2F, 0x3B, 0x81, 0x7B, 0x6D, 0x3A, 0x6E, 0x72, 0x82, 0xFE, 0x6C,
    0x50, 0x21, 0x23, 0xA5, 0x31, 0x47, 0xFE, 0xB5, 0x3B, 0x59, 0x32, 0x1C, 0x35, 0x49, 0x2C, 0x3E,
    0x5A, 0x31, 0xF4, 0x42, 0x78, 0xA2, 0x61, 0x6B, 0xB6, 0x87, 0x4A, 0x81, 0xE2, 0x03, 0x3C, 0x6B,
    0xB7, 0x86, 0x4A, 0x4A, 0x86, 0xB7, 0x6B, 0x60, 0xA2, 0x78, 0x43, 0xF4, 0x1C, 0x34, 0x4B, 0x2E,
    0x2D, 0x49, 0x34, 0x1C, 0x1C, 0x34, 0x49, 0x06, 0xAD, 0x83, 0x24, 0x31, 0x24, 0x31, 0x37, 0x12,
    0x25, 0x6F, 0x6A, 0x24, 0x31, 0x25, 0xFE, 0x56, 0x39, 0x28, 0x49, 0x25, 0x5F, 0x66, 0x26, 0x4F,
    0x41, 0x9B, 0xEB, 0x36, 0x71, 0x59, 0xFE, 0x10, 0x43, 0x60, 0x3F, 0x1E, 0x34, 0x6E, 0x56, 0x01,
    0x66, 0xFE, 0x9A, 0x76, 0xB4, 0x7B, 0x3D, 0x3F, 0x7C, 0xB6, 0x79, 0x01, 0xF0, 0xA1, 0xDA, 0x70,
    0xEB, 0xEB, 0x3F, 0x7C, 0xB7, 0x79, 0xFE, 0x10, 0x79, 0xB6, 0x7C, 0x3F, 0x3D, 0x7B, 0xB4, 0x76,
    0x01, 0x66, 0xFE, 0x9A, 0x41, 0x5D, 0x3D, 0x1D, 0x1E, 0x3F, 0x60, 0x43, 0x01, 0xF0, 0x43, 0x60,
    0x3F, 0x1E, 0x00, 0x04, 0x00, 0x6D, 0xFF, 0xEB, 0x06, 0x0E, 0x05, 0xD5, 0x00, 0x15, 0x00, 0x20,
    0x00, 0x42, 0x00, 0x66, 0x00, 0x33, 0x40, 0x19, 0x5C, 0x4F, 0x0B, 0x72, 0x55, 0x32, 0x32, 0x2C,
    0x39, 0x0B, 0x72, 0x43, 0x44, 0x44, 0x11, 0x08, 0x08, 0x1B, 0x1B, 0x16, 0x16, 0x22, 0x21, 0x06,
    0x72, 0x00, 0x2B, 0x32, 0x32, 0x7C, 0x2F, 0x33, 0x18, 0x2F, 0x33, 0x11, 0x33, 0x32, 0x11, 0x33,
    0x2B, 0x32, 0x32, 0x2F, 0x33, 0x2B, 0x32, 0x30, 0x31, 0x01, 0x33, 0x15, 0x23, 0x22, 0x2E, 0x02,
    0x23, 0x22, 0x06, 0x15, 0x15, 0x23, 0x35, 0x34, 0x36, 0x33, 0x32, 0x1E, 0x02, 0x01, 0x27, 0x36,
    0x36, 0x35, 0x35, 0x33, 0x15, 0x14, 0x06, 0x06, 0x25, 0x15, 0x22, 0x06, 0x06, 0x15, 0x15, 0x14,
    0x1E, 0x02, 0x33, 0x32, 0x3E, 0x02, 0x35, 0x35, 0x33, 0x15, 0x14, 0x0E, 0x02, 0x23, 0x22, 0x2E,
    0x02, 0x35, 0x35, 0x34, 0x36, 0x36, 0x05, 0x35, 0x32, 0x1E, 0x02, 0x15, 0x15, 0x14, 0x0E, 0x02,
    0x23, 0x22, 0x2E, 0x02, 0x35, 0x35, 0x33, 0x15, 0x14, 0x1E, 0x02, 0x33, 0x32, 0x3E, 0x02, 0x35,
    0x35, 0x34, 0x2E, 0x02, 0x04, 0xF6, 0x14, 0x16, 0x54, 0x8E, 0x75, 0x62, 0x2B, 0x2E, 0x3B, 0x83,
    0x7D, 0x6D, 0x3A, 0x6D, 0x72, 0x81, 0xFE, 0x74, 0x50, 0x21, 0x23, 0xA5, 0x31, 0x46, 0xFE, 0xFF,
    0x34, 0x4F, 0x2C, 0x15, 0x26, 0x35, 0x20, 0x22, 0x38, 0x27, 0x16, 0xDB, 0x37, 0x64, 0x87, 0x50,
    0x5D, 0x9E, 0x75, 0x41, 0x79, 0xD1, 0x02, 0x87, 0x64, 0xAA, 0x7C, 0x46, 0x41, 0x75, 0x9E, 0x5E,
    0x4F, 0x87, 0x64, 0x37, 0xDB, 0x16, 0x27, 0x37, 0x22, 0x21, 0x35, 0x26, 0x15, 0x19, 0x2E, 0x41,
    0x05, 0x5B, 0x83, 0x24, 0x31, 0x24, 0x31, 0x37, 0x12, 0x25, 0x6F, 0x6A, 0x24, 0x31, 0x25, 0xFE,
    0x5B, 0x38, 0x29, 0x49, 0x25, 0x5F, 0x66, 0x26, 0x50, 0x40, 0x83, 0xE1, 0x32, 0x68, 0x51, 0xC8,
    0x3C, 0x5A, 0x39, 0x1C, 0x1C, 0x3A, 0x59, 0x3E, 0xA6, 0xA6, 0x72, 0xAC, 0x75, 0x3B, 0x3B, 0x74,
    0xAC, 0x71, 0xC8, 0x97, 0xCD, 0x68, 0xE1, 0xE1, 0x3B, 0x74, 0xAC, 0x71, 0xC8, 0x71, 0xAC, 0x74,
    0x3B, 0x3B, 0x75, 0xAC, 0x72, 0xA6, 0xA6, 0x3E, 0x59, 0x3A, 0x1C, 0x1C, 0x39, 0x5A, 0x3C, 0xC8,
    0x3D, 0x59, 0x39, 0x1C, 0x00, 0x03, 0x00, 0x77, 0xFF, 0xEB, 0x07, 0x1A, 0x07, 0x1A, 0x00, 0x07,
    0x00, 0x20, 0x00, 0x38, 0x00, 0x2B, 0x40, 0x15, 0x34, 0x27, 0x09, 0x72, 0x05, 0x02, 0x01, 0x01,
    0x07, 0x07, 0x2D, 0x21, 0x08, 0x08, 0x15, 0x02, 0x72, 0x1C, 0x0F, 0x09, 0x72, 0x00, 0x2B, 0x32,
    0x2B, 0x32, 0x11, 0x33, 0x33, 0x33, 0x7C, 0x2F, 0x33, 0x18, 0x2F, 0x33, 0x33, 0x2B, 0x32, 0x30,
    0x31, 0x01, 0x21, 0x35, 0x21, 0x17, 0x21, 0x15, 0x23, 0x07, 0x33, 0x11, 0x14, 0x0E, 0x02, 0x23,
    0x22, 0x2E, 0x02, 0x35, 0x11, 0x21, 0x11, 0x14, 0x1E, 0x02, 0x33, 0x32, 0x36, 0x36, 0x35, 0x01,
    0x21, 0x11, 0x14, 0x06, 0x06, 0x23, 0x22, 0x2E, 0x02, 0x35, 0x11, 0x33, 0x11, 0x14, 0x1E, 0x02,
    0x33, 0x32, 0x36, 0x36, 0x35, 0x03, 0x69, 0xFE, 0xA8, 0x03, 0x72, 0x02, 0xFE, 0x95, 0xB1, 0x37,
    0xF4, 0x42, 0x78, 0xA2, 0x61, 0x6B, 0xB6, 0x87, 0x4A, 0x01, 0x2C, 0x1C, 0x35, 0x49, 0x2C, 0x3E,
    0x5A, 0x31, 0x02, 0xBC, 0x01, 0x2C, 0x82, 0xE0, 0x90, 0x60, 0xA3, 0x77, 0x43, 0xF4, 0x1C, 0x36,
    0x4A, 0x2D, 0x3D, 0x59, 0x30, 0x06, 0x97, 0x83, 0x83, 0x7E, 0x69, 0xFC, 0x1D, 0x76, 0xB4, 0x7B,
    0x3D, 0x3D, 0x7B, 0xB4, 0x76, 0x03, 0xE3, 0xFC, 0x1D, 0x41, 0x5D, 0x3D, 0x1D, 0x34, 0x6E, 0x56,
    0x03, 0xE3, 0xFC, 0x1D, 0x9E, 0xD6, 0x6E, 0x3D, 0x7B, 0xB4, 0x76, 0x03, 0xE3, 0xFC, 0x1D, 0x41,
    0x5D, 0x3D, 0x1D, 0x34, 0x6E, 0x56, 0x00, 0x03, 0x00, 0x65, 0xFF, 0xEB, 0x06, 0x4B, 0x05, 0xB1,
    0x00, 0x07, 0x00, 0x20, 0x00, 0x39, 0x00, 0x2B, 0x40, 0x15, 0x34, 0x27, 0x0B, 0x72, 0x05, 0x02,
    0x01, 0x01, 0x07, 0x07, 0x2D, 0x21, 0x08, 0x08, 0x15, 0x06, 0x72, 0x1C, 0x0F, 0x0B, 0x72, 0x00,
    0x2B, 0x32, 0x2B, 0x32, 0x11, 0x33, 0x33, 0x33, 0x7C, 0x2F, 0x33, 0x18, 0x2F, 0x33, 0x33, 0x2B,
    0x32, 0x30, 0x31, 0x01, 0x21, 0x35, 0x21, 0x17, 0x21, 0x15, 0x23, 0x07, 0x33, 0x11, 0x14, 0x0E,
    0x02, 0x23, 0x22, 0x2E, 0x02, 0x35, 0x11, 0x21, 0x11, 0x14, 0x1E, 0x02, 0x33, 0x32, 0x36, 0x36,
    0x35, 0x01, 0x21, 0x11, 0x14, 0x06, 0x06, 0x23, 0x22, 0x2E, 0x02, 0x35, 0x11, 0x33, 0x11, 0x14,
    0x1E, 0x02, 0x33, 0x32, 0x3E, 0x02, 0x35, 0x02, 0xF9, 0xFE, 0xC7, 0x03, 0x34, 0x06, 0xFE, 0xAF,
    0xB0, 0x2D, 0xEB, 0x3C, 0x6D, 0x96, 0x5A, 0x60, 0xA2, 0x76, 0x41, 0x01, 0x22, 0x14, 0x27, 0x38,
    0x24, 0x38, 0x4D, 0x29, 0x02, 0x5F, 0x01, 0x20, 0x71, 0xC8, 0x82, 0x59, 0x93, 0x69, 0x39, 0xEB,
    0x14, 0x2A, 0x3E, 0x27, 0x25, 0x3A, 0x27, 0x15, 0x05, 0x2E, 0x83, 0x83, 0x7F, 0x75, 0xFD, 0x7F,
    0x72, 0xAC, 0x75, 0x3B, 0x3B, 0x75, 0xAC, 0x72, 0x02, 0x81, 0xFD, 0x7F, 0x3E, 0x59, 0x3A, 0x1C,
    0x33, 0x68, 0x52, 0x02, 0x81, 0xFD, 0x7F, 0x97, 0xCE, 0x69, 0x3B, 0x75, 0xAC, 0x72, 0x02, 0x81,
    0xFD, 0x7F, 0x3E, 0x59, 0x3A, 0x1C, 0x1C, 0x3A, 0x59, 0x3E, 0x00, 0x02, 0x00, 0x5A, 0xFE, 0x96,
    0x04, 0xAA, 0x05, 0xC5, 0x00, 0x21, 0x00, 0x25, 0x00, 0x19, 0x40, 0x0C, 0x16, 0x12, 0x0D, 0x03,
    0x72, 0x25, 0x00, 0x00, 0x24, 0x01, 0x09, 0x72, 0x00, 0x2B, 0xCD, 0x33, 0x11, 0x33, 0x2B, 0xCC,
    0x33, 0x30, 0x31, 0x25, 0x15, 0x22, 0x2E, 0x03, 0x35, 0x11, 0x34, 0x3E, 0x02, 0x33, 0x32, 0x16,
    0x16, 0x17, 0x21, 0x2E, 0x02, 0x23, 0x22, 0x0E, 0x02, 0x15, 0x11, 0x14, 0x1E, 0x03, 0x33, 0x11,
    0x21, 0x11, 0x02, 0x8A, 0x66, 0xAE, 0x89, 0x61, 0x32, 0x4E, 0x93, 0xD0, 0x80, 0xAB, 0xF3, 0x80,
    0x01, 0xFE, 0xD5, 0x01, 0x31, 0x6B, 0x57, 0x41, 0x63, 0x42, 0x21, 0x15, 0x2A, 0x3F, 0x54, 0xF9,
    0xFE, 0xD5, 0xD5, 0xEA, 0x39, 0x6A, 0x95, 0xB9, 0x6B, 0x01, 0x22, 0x85, 0xDD, 0xA2, 0x58, 0x73,
    0xE0, 0xA6, 0x5E, 0x77, 0x39, 0x36, 0x63, 0x86, 0x50, 0xFE, 0xDC, 0x40, 0x71, 0x5B, 0x43, 0x23,
    0xFD, 0xC1, 0x02, 0x3F, 0x00, 0x02, 0x00, 0x56, 0xFE, 0x92, 0x04, 0x05, 0x04, 0x4E, 0x00, 0x1F,
    0x00, 0x23, 0x00, 0x19, 0x40, 0x0C, 0x15, 0x11, 0x0C, 0x07, 0x72, 0x20, 0x00, 0x00, 0x22, 0x01,
    0x0B, 0x72, 0x00, 0x2B, 0xCD, 0x33, 0x11, 0x33, 0x2B, 0xCC, 0x33, 0x30, 0x31, 0x25, 0x15, 0x22,
    0x2E, 0x02, 0x35, 0x35, 0x34, 0x3E, 0x02, 0x33, 0x32, 0x16, 0x16, 0x15, 0x21, 0x34, 0x26, 0x26,
    0x23, 0x22, 0x0E, 0x02, 0x15, 0x15, 0x14, 0x1E, 0x02, 0x33, 0x11, 0x21, 0x11, 0x02, 0x4B, 0x7B,
    0xBB, 0x7E, 0x41, 0x41, 0x7E, 0xBA, 0x7B, 0x83, 0xC8, 0x70, 0xFE, 0xF1, 0x28, 0x4D, 0x37, 0x3D,
    0x51, 0x30, 0x15, 0x15, 0x2F, 0x53, 0xFA, 0xFE, 0xE0, 0xCC, 0xE1, 0x54, 0x96, 0xC7, 0x72, 0x1D,
    0x73, 0xC7, 0x95, 0x54, 0x66, 0xBD, 0x81, 0x36, 0x58, 0x35, 0x35, 0x5B, 0x73, 0x3F, 0x1D, 0x3F,
    0x74, 0x5B, 0x34, 0xFD, 0xC6, 0x02, 0x3A, 0x00, 0x00, 0x01, 0x00, 0x6D, 0x00, 0x00, 0x04, 0x90,
    0x05, 0x3E, 0x00, 0x13, 0x00, 0x08, 0xB1, 0x0F, 0x05, 0x00, 0x2F, 0x2F, 0x30, 0x31, 0x01, 0x03,
    0x05, 0x07, 0x25, 0x03, 0x23, 0x13, 0x25, 0x37, 0x05, 0x13, 0x25, 0x37, 0x05, 0x13, 0x33, 0x03,
    0x05, 0x07, 0x03, 0x25, 0xCD, 0x01, 0x21, 0x47, 0xFE, 0xDD, 0xB6, 0xAC, 0xE1, 0xFE, 0xDF, 0x46,
    0x01, 0x25, 0xCB, 0xFE, 0xDE, 0x48, 0x01, 0x23, 0xBA, 0xA9, 0xE4, 0x01, 0x25, 0x4B, 0x03, 0x2A,
    0xFE, 0x96, 0xAC, 0x7E, 0xAA, 0xFE, 0xC0, 0x01, 0x8E, 0xAB, 0x7E, 0xAB, 0x01, 0x6A, 0xAB, 0x80,
    0xAB, 0x01, 0x48, 0xFE, 0x6A, 0xAB, 0x7D, 0x00, 0x00, 0x01, 0xFC, 0x78, 0x04, 0xA3, 0xFF, 0x45,
    0x05, 0xFD, 0x00, 0x07, 0x00, 0x15, 0xB7, 0x06, 0x06, 0x04, 0x04, 0x01, 0x02, 0x02, 0x01, 0x00,
    0x2F, 0x33, 0x2F, 0x11, 0x33, 0x11, 0x33, 0x7C, 0x2F, 0x30, 0x31, 0x03, 0x21, 0x15, 0x27, 0x37,
    0x21, 0x27, 0x17, 0xBB, 0xFD, 0xE0, 0xAD, 0x01, 0x02, 0x20, 0x01, 0xAD, 0x05, 0x21, 0x7E, 0x01,
    0xED, 0x6C, 0x01, 0x00, 0x00, 0x01, 0xFC, 0x79, 0x05, 0x17, 0xFF, 0x72, 0x06, 0x15, 0x00, 0x15,
    0x00, 0x12, 0xB6, 0x01, 0x14, 0x14, 0x0F, 0x06, 0x80, 0x0B, 0x00, 0x2F, 0x1A, 0xCC, 0x32, 0x33,
    0x11, 0x33, 0x30, 0x31, 0x01, 0x33, 0x32, 0x3E, 0x02, 0x33, 0x32, 0x16, 0x15, 0x15, 0x23, 0x35,
    0x34, 0x26, 0x23, 0x22, 0x0E, 0x02, 0x23, 0x23, 0xFC, 0x79, 0x15, 0x50, 0x84, 0x76, 0x70, 0x3C,
    0x6F, 0x7F, 0x86, 0x3C, 0x30, 0x2C, 0x65, 0x77, 0x91, 0x57, 0x17, 0x05, 0x9B, 0x25, 0x30, 0x25,
    0x6A, 0x6F, 0x25, 0x12, 0x37, 0x31, 0x25, 0x30, 0x25, 0x00, 0x00, 0x01, 0xFD, 0x98, 0x05, 0x1B,
    0xFE, 0x8D, 0x06, 0x6B, 0x00, 0x05, 0x00, 0x0A, 0xB2, 0x00, 0x80, 0x02, 0x00, 0x2F, 0x1A, 0xCD,
    0x30, 0x31, 0x01, 0x27, 0x35, 0x33, 0x07, 0x17, 0xFE, 0x3D, 0xA5, 0xBB, 0x01, 0x3B, 0x05, 0x1B,
    0xC1, 0x8F, 0xA0, 0x6D, 0x00, 0x01, 0xFD, 0xA7, 0x05, 0x1B, 0xFE, 0x9B, 0x06, 0x6B, 0x00, 0x05,
    0x00, 0x0A, 0xB2, 0x01, 0x80, 0x04, 0x00, 0x2F, 0x1A, 0xCD, 0x30, 0x31, 0x01, 0x07, 0x27, 0x37,
    0x27, 0x33, 0xFE, 0x9B, 0xA4, 0x50, 0x3B, 0x01, 0xBA, 0x05, 0xDC, 0xC1, 0x43, 0x6D, 0xA0, 0x00,
    0x00, 0x08, 0xFA, 0x31, 0xFE, 0xC4, 0x01, 0xCD, 0x05, 0xAF, 0x00, 0x0D, 0x00, 0x1B, 0x00, 0x29,
    0x00, 0x37, 0x00, 0x45, 0x00, 0x53, 0x00, 0x61, 0x00, 0x6F, 0x00, 0x00, 0x01, 0x23, 0x34, 0x36,
    0x33, 0x32, 0x16, 0x15, 0x23, 0x34, 0x26, 0x23, 0x22, 0x06, 0x01, 0x23, 0x34, 0x36, 0x33, 0x32,
    0x16, 0x15, 0x23, 0x34, 0x26, 0x23, 0x22, 0x06, 0x13, 0x23, 0x34, 0x36, 0x33, 0x32, 0x16, 0x15,
    0x23, 0x34, 0x26, 0x23, 0x22, 0x06, 0x03, 0x23, 0x34, 0x36, 0x33, 0x32, 0x16, 0x15, 0x23, 0x34,
    0x26, 0x23, 0x22, 0x06, 0x01, 0x23, 0x34, 0x36, 0x33, 0x32, 0x16, 0x15, 0x23, 0x34, 0x26, 0x23,
    0x22, 0x06, 0x01, 0x23, 0x34, 0x36, 0x33, 0x32, 0x16, 0x15, 0x23, 0x34, 0x26, 0x23, 0x22, 0x06,
    0x03, 0x23, 0x34, 0x36, 0x33, 0x32, 0x16, 0x15, 0x23, 0x34, 0x26, 0x23, 0x22, 0x06, 0x13, 0x23,
    0x34, 0x36, 0x33, 0x32, 0x16, 0x15, 0x23, 0x34, 0x26, 0x23, 0x22, 0x06, 0xFD, 0x8F, 0x71, 0x71,
    0x61, 0x62, 0x71, 0x70, 0x2D, 0x36, 0x35, 0x2C, 0x02, 0x50, 0x72, 0x71, 0x61, 0x62, 0x72, 0x71,
    0x2C, 0x37, 0x34, 0x2C, 0xBA, 0x71, 0x71, 0x61, 0x62, 0x71, 0x70, 0x2C, 0x37, 0x34, 0x2D, 0xC5,
    0x71, 0x71, 0x61, 0x62, 0x71, 0x70, 0x2C, 0x37, 0x34, 0x2D, 0xFD, 0xC0, 0x71, 0x71, 0x61, 0x62,
    0x71, 0x70, 0x2D, 0x36, 0x34, 0x2D, 0xFD, 0xBF, 0x72, 0x72, 0x61, 0x62, 0x71, 0x70, 0x2D, 0x36,
    0x35, 0x2C, 0xB1, 0x71, 0x71, 0x61, 0x62, 0x71, 0x70, 0x2C, 0x37, 0x34, 0x2D, 0xA7, 0x72, 0x71,
    0x61, 0x62, 0x72, 0x71, 0x2C, 0x37, 0x34, 0x2C, 0x04, 0xF3, 0x53, 0x69, 0x69, 0x53, 0x28, 0x3D,
    0x3D, 0xFE, 0xC3, 0x53, 0x69, 0x69, 0x53, 0x28, 0x3D, 0x3D, 0xFD, 0xE1, 0x53, 0x69, 0x69, 0x53,
    0x28, 0x3D, 0x3D, 0xFD, 0xD1, 0x53, 0x69, 0x69, 0x53, 0x28, 0x3D, 0x3D, 0xFE, 0xBC, 0x53, 0x69,
    0x69, 0x53, 0x28, 0x3D, 0x3D, 0x04, 0xF2, 0x53, 0x69, 0x69, 0x53, 0x28, 0x3D, 0x3D, 0xFD, 0xE1,
    0x53, 0x69, 0x69, 0x53, 0x28, 0x3D, 0x3D, 0xFD, 0xD1, 0x53, 0x69, 0x69, 0x53, 0x28, 0x3D, 0x3D,
    0x00, 0x08, 0xFA, 0x71, 0xFE, 0x63, 0x01, 0xB2, 0x05, 0xC6, 0x00, 0x04, 0x00, 0x09, 0x00, 0x0E,
    0x00, 0x13, 0x00, 0x18, 0x00, 0x1D, 0x00, 0x22, 0x00, 0x27, 0x00, 0x00, 0x05, 0x33, 0x17, 0x03,
    0x23, 0x13, 0x23, 0x27, 0x13, 0x33, 0x01, 0x35, 0x37, 0x05, 0x15, 0x25, 0x15, 0x07, 0x25, 0x35,
    0x01, 0x27, 0x37, 0x25, 0x17, 0x01, 0x17, 0x07, 0x05, 0x27, 0x01, 0x07, 0x27, 0x03, 0x37, 0x01,
    0x37, 0x17, 0x13, 0x07, 0xFD, 0xEB, 0x89, 0x0B, 0x7A, 0x60, 0x94, 0x88, 0x0C, 0x7A, 0x60, 0x01,
    0xD9, 0x0D, 0x01, 0x4D, 0xFA, 0x19, 0x0D, 0xFE, 0xB3, 0x05, 0x58, 0x62, 0x02, 0x01, 0x42, 0x44,
    0xFB, 0x6B, 0x61, 0x02, 0xFE, 0xC0, 0x45, 0x01, 0x5D, 0x62, 0x11, 0x94, 0x41, 0x03, 0xC5, 0x62,
    0x11, 0x95, 0x42, 0x3C, 0x0E, 0xFE, 0xAD, 0x06, 0x03, 0x0E, 0x01, 0x52, 0xFC, 0x26, 0x8B, 0x0C,
    0x7C, 0x62, 0x97, 0x8B, 0x0C, 0x7C, 0x62, 0x01, 0x04, 0x63, 0x10, 0x99, 0x44, 0xFC, 0x29, 0x63,
    0x11, 0x99, 0x45, 0x04, 0x0E, 0x62, 0x02, 0x01, 0x46, 0x45, 0xFB, 0x55, 0x63, 0x02, 0xFE, 0xBB,
    0x47, 0x00, 0xFF, 0xFF, 0x00, 0x77, 0xFE, 0x6B, 0x05, 0xF4, 0x07, 0x2E, 0x00, 0x26, 0x00, 0xDC,
    0x00, 0x00, 0x00, 0x27, 0x00, 0xA1, 0x01, 0x06, 0x01, 0x3A, 0x01, 0x07, 0x00, 0x10, 0x04, 0x73,
    0xFF, 0xD2, 0x00, 0x15, 0x40, 0x0E, 0x02, 0x23, 0x04, 0x00, 0x00, 0x98, 0x56, 0x01, 0x0F, 0x01,
    0x01, 0x01, 0x5E, 0x56, 0x00, 0x2B, 0x34, 0x2B, 0x34, 0x00, 0xFF, 0xFF, 0x00, 0x6F, 0xFE, 0x6B,
    0x04, 0xF9, 0x05, 0xED, 0x00, 0x26, 0x00, 0xF0, 0x00, 0x00, 0x00, 0x27, 0x00, 0xA1, 0x00, 0x85,
    0xFF, 0xF9, 0x01, 0x07, 0x00, 0x10, 0x03, 0x78, 0xFF, 0xD2, 0x00, 0x15, 0x40, 0x0E, 0x02, 0x23,
    0x04, 0x01, 0x00, 0x98, 0x56, 0x01, 0x0F, 0x01, 0x01, 0x01, 0x7D, 0x56, 0x00, 0x2B, 0x34, 0x2B,
    0x34, 0x00, 0x00, 0x02, 0xFF, 0xE6, 0x00, 0x00, 0x04, 0x45, 0x06, 0x51, 0x00, 0x17, 0x00, 0x1B,
    0x00, 0x1A, 0x40, 0x0C, 0x1A, 0x0B, 0x1B, 0x02, 0x72, 0x00, 0x17, 0x17, 0x0D, 0x0D, 0x0A, 0x12,
    0x00, 0x3F, 0x33, 0x11, 0x33, 0x2F, 0x33, 0x2B, 0xCE, 0x33, 0x30, 0x31, 0x01, 0x21, 0x32, 0x16,
    0x16, 0x15, 0x14, 0x06, 0x06, 0x23, 0x21, 0x11, 0x21, 0x11, 0x33, 0x32, 0x36, 0x36, 0x35, 0x34,
    0x26, 0x26, 0x23, 0x21, 0x01, 0x15, 0x21, 0x35, 0x01, 0x37, 0x01, 0x39, 0x94, 0xD2, 0x6F, 0x6F,
    0xD2, 0x94, 0xFE, 0x12, 0x01, 0x22, 0xCC, 0x41, 0x4F, 0x25, 0x25, 0x4F, 0x41, 0xFE, 0xC7, 0x01,
    0x6B, 0xFD, 0x44, 0x03, 0x12, 0x64, 0xB0, 0x73, 0x74, 0xB1, 0x66, 0x06, 0x51, 0xFA, 0x8F, 0x2F,
    0x4D, 0x2E, 0x2C, 0x4C, 0x30, 0x03, 0x7E, 0xB2, 0xB2, 0x00, 0x00, 0x02, 0x00, 0x82, 0x00, 0x00,
    0x04, 0xDB, 0x05, 0xB0, 0x00, 0x03, 0x00, 0x1B, 0x00, 0x23, 0x40, 0x11, 0x01, 0x02, 0x05, 0x00,
    0x03, 0x06, 0x06, 0x05, 0x05, 0x12, 0x10, 0x13, 0x02, 0x72, 0x12, 0x08, 0x72, 0x00, 0x2B, 0x2B,
    0x32, 0x11, 0x39, 0x2F, 0x33, 0x11, 0x33, 0x33, 0x11, 0x33, 0x33, 0x30, 0x31, 0x01, 0x01, 0x07,
    0x01, 0x13, 0x21, 0x35, 0x21, 0x32, 0x36, 0x36, 0x35, 0x34, 0x26, 0x26, 0x23, 0x21, 0x11, 0x21,
    0x11, 0x21, 0x32, 0x16, 0x16, 0x15, 0x14, 0x06, 0x06, 0x03, 0x0E, 0x01, 0xB5, 0x63, 0xFE, 0x4C,
    0x0D, 0xFE, 0x8D, 0x01, 0x73, 0x56, 0x6C, 0x32, 0x32, 0x6C, 0x56, 0xFE, 0xF4, 0xFE, 0xD5, 0x02,
    0x37, 0xAB, 0xF5, 0x82, 0x82, 0xF5, 0x03, 0xE7, 0xFE, 0x1D, 0x5A, 0x01, 0xE2, 0xFE, 0x7B, 0xEA,
    0x39, 0x66, 0x40, 0x41, 0x70, 0x44, 0xFB, 0x3B, 0x05, 0xB0, 0x7B, 0xD8, 0x8B, 0x8D, 0xCE, 0x70,
    0x00, 0x04, 0x00, 0x70, 0xFE, 0x60, 0x04, 0x3D, 0x04, 0x4E, 0x00, 0x03, 0x00, 0x08, 0x00, 0x1E,
    0x00, 0x34, 0x00, 0x25, 0x40, 0x14, 0x00, 0x03, 0x30, 0x01, 0x02, 0x30, 0x25, 0x1A, 0x0F, 0x0B,
    0x72, 0x07, 0x06, 0x72, 0x1A, 0x07, 0x72, 0x06, 0x0E, 0x72, 0x00, 0x2B, 0x2B, 0x2B, 0x2B, 0x11,
    0x33, 0x32, 0x32, 0x32, 0x11, 0x33, 0x33, 0x30, 0x31, 0x01, 0x01, 0x07, 0x01, 0x03, 0x11, 0x21,
    0x11, 0x21, 0x01, 0x15, 0x14, 0x0E, 0x02, 0x23, 0x22, 0x2E, 0x02, 0x27, 0x35, 0x3E, 0x03, 0x33,
    0x32, 0x1E, 0x02, 0x05, 0x35, 0x34, 0x2E, 0x02, 0x23, 0x22, 0x0E, 0x02, 0x07, 0x15, 0x1E, 0x03,
    0x33, 0x32, 0x3E, 0x02, 0x02, 0xA8, 0x01, 0x80, 0x66, 0xFE, 0x81, 0xB3, 0xFE, 0xE0, 0x01, 0x0B,
    0x02, 0xC2, 0x37, 0x6A, 0x9D, 0x66, 0x63, 0x92, 0x63, 0x3C, 0x10, 0x10, 0x3C, 0x63, 0x91, 0x62,
    0x67, 0x9D, 0x6B, 0x37, 0xFE, 0xDF, 0x17, 0x31, 0x4F, 0x38, 0x3B, 0x53, 0x34, 0x1A, 0x03, 0x03,
    0x1C, 0x34, 0x53, 0x3B, 0x39, 0x4E, 0x31, 0x15, 0x01, 0xCA, 0xFE, 0x39, 0x59, 0x01, 0xC7, 0x01,
    0xF9, 0xFA, 0xF6, 0x05, 0xDA, 0xFD, 0xEF, 0x15, 0x76, 0xCA, 0x95, 0x53, 0x50, 0x91, 0xC0, 0x6E,
    0x37, 0x76, 0xC5, 0x91, 0x50, 0x4E, 0x92, 0xCA, 0x90, 0x15, 0x45, 0x75, 0x58, 0x31, 0x26, 0x48,
    0x64, 0x3F, 0x8B, 0x37, 0x5F, 0x46, 0x27, 0x33, 0x5A, 0x76, 0x00, 0x02, 0x00, 0x7F, 0x00, 0x00,
    0x04, 0x47, 0x07, 0x23, 0x00, 0x03, 0x00, 0x09, 0x00, 0x15, 0x40, 0x0A, 0x02, 0x06, 0x06, 0x03,
    0x09, 0x02, 0x72, 0x08, 0x08, 0x72, 0x00, 0x2B, 0x2B, 0xCE, 0x33, 0x11, 0x33, 0x30, 0x31, 0x01,
    0x11, 0x21, 0x11, 0x01, 0x15, 0x21, 0x11, 0x21, 0x11, 0x04, 0x47, 0xFE, 0xE0, 0x01, 0x13, 0xFD,
    0x72, 0xFE, 0xD3, 0x07, 0x23, 0xFD, 0xAC, 0x02, 0x54, 0xFE, 0x8D, 0xEB, 0xFB, 0x3B, 0x05, 0xB0,
    0x00, 0x02, 0x00, 0x6C, 0x00, 0x00, 0x03, 0x78, 0x05, 0x77, 0x00, 0x03, 0x00, 0x09, 0x00, 0x15,
    0x40, 0x0A, 0x02, 0x06, 0x06, 0x03, 0x09, 0x06, 0x72, 0x08, 0x0A, 0x72, 0x00, 0x2B, 0x2B, 0xCE,
    0x33, 0x11, 0x33, 0x30, 0x31, 0x01, 0x11, 0x21, 0x11, 0x13, 0x15, 0x21, 0x11, 0x21, 0x11, 0x03,
    0x78, 0xFE, 0xDF, 0xF7, 0xFE, 0x3E, 0xFE, 0xE0, 0x05, 0x77, 0xFD, 0xE1, 0x02, 0x1F, 0xFE, 0xC3,
    0xE2, 0xFC, 0xA8, 0x04, 0x3A, 0x00, 0x00, 0x02, 0x00, 0x83, 0xFE, 0xAF, 0x04, 0xB3, 0x05, 0xB0,
    0x00, 0x05, 0x00, 0x1D, 0x00, 0x19, 0x40, 0x0C, 0x06, 0x07, 0x07, 0x13, 0x12, 0x02, 0x05, 0x02,
    0x72, 0x04, 0x08, 0x72, 0x00, 0x2B, 0x2B, 0x32, 0x2F, 0x33, 0x39, 0x2F, 0x33, 0x30, 0x31, 0x01,
    0x15, 0x21, 0x11, 0x21, 0x11, 0x13, 0x35, 0x21, 0x32, 0x1E, 0x02, 0x15, 0x14, 0x0E, 0x02, 0x23,
    0x35, 0x32, 0x3E, 0x02, 0x35, 0x36, 0x2E, 0x02, 0x23, 0x04, 0x3E, 0xFD, 0x70, 0xFE, 0xD5, 0xB6,
    0x01, 0x1F, 0x87, 0xDD, 0xA1, 0x56, 0x39, 0x7E, 0xD2, 0x99, 0x55, 0x67, 0x33, 0x12, 0x01, 0x2A,
    0x51, 0x74, 0x4C, 0x05, 0xB0, 0xEB, 0xFB, 0x3B, 0x05, 0xB0, 0xFC, 0xB0, 0xE4, 0x48, 0x92, 0xDD,
    0x93, 0x6D, 0xD1, 0xA9, 0x64, 0xD6, 0x45, 0x6E, 0x7D, 0x37, 0x5F, 0x8B, 0x5C, 0x2E, 0x00, 0x02,
    0x00, 0x6C, 0xFE, 0xE3, 0x03, 0xF8, 0x04, 0x3A, 0x00, 0x14, 0x00, 0x1A, 0x00, 0x1B, 0x40, 0x0D,
    0x00, 0x01, 0x01, 0x0B, 0x17, 0x1A, 0x06, 0x72, 0x19, 0x0A, 0x72, 0x0C, 0x0B, 0x00, 0x2F, 0x33,
    0x2B, 0x2B, 0x32, 0x11, 0x39, 0x2F, 0x33, 0x30, 0x31, 0x13, 0x35, 0x33, 0x32, 0x04, 0x16, 0x15,
    0x16, 0x0E, 0x02, 0x07, 0x27, 0x3E, 0x02, 0x35, 0x34, 0x26, 0x26, 0x23, 0x01, 0x15, 0x21, 0x11,
    0x21, 0x11, 0xE0, 0xE0, 0xA5, 0x01, 0x00, 0x92, 0x01, 0x2A, 0x5B, 0x8D, 0x62, 0x7A, 0x41, 0x5B,
    0x30, 0x44, 0x7C, 0x56, 0x01, 0x8E, 0xFE, 0x3E, 0xFE, 0xE0, 0x01, 0xB3, 0xE5, 0x6C, 0xD7, 0xA4,
    0x3B, 0x86, 0x82, 0x6B, 0x20, 0xBB, 0x1D, 0x4E, 0x67, 0x41, 0x57, 0x72, 0x39, 0x02, 0x87, 0xE2,
    0xFC, 0xA8, 0x04, 0x3A, 0xFF, 0xFF, 0x00, 0x10, 0xFE, 0x9B, 0x08, 0x81, 0x05, 0xB0, 0x00, 0x26,
    0x00, 0xDA, 0x00, 0x00, 0x01, 0x07, 0x01, 0xFB, 0x07, 0x03, 0x00, 0x00, 0x00, 0x0B, 0xB6, 0x05,
    0x1B, 0x0C, 0x00, 0x00, 0x9A, 0x56, 0x00, 0x2B, 0x34, 0x00, 0xFF, 0xFF, 0x00, 0x29, 0xFE, 0x9B,
    0x07, 0x37, 0x04, 0x3A, 0x00, 0x26, 0x00, 0xEE, 0x00, 0x00, 0x01, 0x07, 0x01, 0xFB, 0x05, 0xB9,
    0x00, 0x00, 0x00, 0x0B, 0xB6, 0x05, 0x1B, 0x0C, 0x00, 0x00, 0x9A, 0x56, 0x00, 0x2B, 0x34, 0x00,
    0xFF, 0xFF, 0x00, 0x83, 0xFE, 0x9A, 0x05, 0xB2, 0x05, 0xB0, 0x00, 0x26, 0x01, 0xE9, 0x00, 0x00,
    0x00, 0x07, 0x01, 0xFB, 0x04, 0x34, 0xFF, 0xFF, 0xFF, 0xFF, 0x00, 0x83, 0xFE, 0x9B, 0x04, 0xF8,
    0x04, 0x3A, 0x00, 0x26, 0x00, 0xF1, 0x00, 0x00, 0x01, 0x07, 0x01, 0xFB, 0x03, 0x7A, 0x00, 0x00,
    0x00, 0x0B, 0xB6, 0x03, 0x11, 0x02, 0x01, 0x00, 0x9A, 0x56, 0x00, 0x2B, 0x34, 0x00, 0x00, 0x04,
    0x00, 0x81, 0x00, 0x00, 0x05, 0x68, 0x05, 0xB0, 0x00, 0x03, 0x00, 0x07, 0x00, 0x0D, 0x00, 0x11,
    0x00, 0x2F, 0x40, 0x17, 0x0F, 0x0E, 0x0E, 0x0B, 0x0C, 0x04, 0x04, 0x0C, 0x0C, 0x0B, 0x07, 0x07,
    0x0B, 0x0B, 0x00, 0x10, 0x03, 0x08, 0x72, 0x08, 0x00, 0x02, 0x72, 0x00, 0x2B, 0x32, 0x2B, 0x32,
    0x12, 0x39, 0x2F, 0x33, 0x2F, 0x11, 0x33, 0x11, 0x33, 0x2F, 0x11, 0x12, 0x39, 0x11, 0x33, 0x30,
    0x31, 0x13, 0x21, 0x11, 0x21, 0x01, 0x33, 0x11, 0x23, 0x01, 0x21, 0x01, 0x21, 0x03, 0x21, 0x07,
    0x37, 0x01, 0x21, 0x81, 0x01, 0x2C, 0xFE, 0xD4, 0x01, 0x7F, 0xA5, 0xA5, 0x01, 0xCA, 0x01, 0x75,
    0xFE, 0x11, 0xFE, 0x1A, 0x25, 0x01, 0x85, 0x06, 0xF1, 0x01, 0xB3, 0xFE, 0x81, 0x05, 0xB0, 0xFA,
    0x50, 0x04, 0x61, 0xFD, 0x0E, 0x04, 0x41, 0xFC, 0xA5, 0x01, 0x0A, 0xD9, 0xAE, 0xFC, 0xCC, 0x00,
    0x00, 0x04, 0x00, 0x82, 0x00, 0x00, 0x04, 0xD1, 0x04, 0x3A, 0x00, 0x03, 0x00, 0x07, 0x00, 0x0D,
    0x00, 0x11, 0x00, 0x2D, 0x40, 0x16, 0x0F, 0x0E, 0x0E, 0x0B, 0x04, 0x04, 0x0C, 0x0C, 0x0B, 0x07,
    0x07, 0x0B, 0x0B, 0x00, 0x10, 0x03, 0x0A, 0x72, 0x09, 0x00, 0x06, 0x72, 0x00, 0x2B, 0x32, 0x2B,
    0x32, 0x12, 0x39, 0x2F, 0x33, 0x2F, 0x11, 0x33, 0x11, 0x33, 0x2F, 0x11, 0x33, 0x11, 0x33, 0x30,
    0x31, 0x13, 0x21, 0x11, 0x21, 0x01, 0x33, 0x11, 0x23, 0x01, 0x21, 0x01, 0x21, 0x03, 0x21, 0x07,
    0x37, 0x01, 0x21, 0x82, 0x01, 0x20, 0xFE, 0xE0, 0x01, 0x71, 0x95, 0x95, 0x01, 0x5F, 0x01, 0x6D,
    0xFE, 0x7D, 0xFE, 0x33, 0x22, 0x01, 0x6B, 0x14, 0xEA, 0x01, 0x43, 0xFE, 0x8D, 0x04, 0x3A, 0xFB,
    0xC6, 0x03, 0x5F, 0xFD, 0x89, 0x03, 0x52, 0xFD, 0x5B, 0x01, 0x0A, 0xD6, 0x8B, 0xFD, 0xAC, 0x00,
    0x00, 0x04, 0x00, 0x25, 0x00, 0x00, 0x06, 0xB6, 0x05, 0xB0, 0x00, 0x03, 0x00, 0x07, 0x00, 0x0D,
    0x00, 0x11, 0x00, 0x23, 0x40, 0x11, 0x10, 0x0F, 0x0F, 0x0B, 0x0A, 0x0A, 0x03, 0x0E, 0x06, 0x08,
    0x72, 0x0D, 0x07, 0x02, 0x03, 0x02, 0x72, 0x00, 0x2B, 0x32, 0x32, 0x32, 0x2B, 0x32, 0x12, 0x39,
    0x2F, 0x33, 0x33, 0x11, 0x33, 0x30, 0x31, 0x01, 0x15, 0x21, 0x35, 0x21, 0x11, 0x21, 0x11, 0x21,
    0x01, 0x21, 0x03, 0x33, 0x01, 0x13, 0x01, 0x37, 0x01, 0x02, 0x65, 0xFD, 0xC0, 0x03, 0x07, 0xFE,
    0xD5, 0x04, 0x86, 0xFD, 0xD1, 0xFE, 0x92, 0x26, 0xF4, 0x01, 0x62, 0x37, 0xFE, 0x69, 0xCF, 0x02,
    0x2D, 0x05, 0xB0, 0xE2, 0xE2, 0xFA, 0x50, 0x05, 0xB0, 0xFC, 0xA9, 0x01, 0x0B, 0x02, 0x4C, 0xFA,
    0x50, 0x02, 0x8B, 0xD6, 0xFC, 0x9F, 0x00, 0x04, 0x00, 0x3A, 0x00, 0x00, 0x05, 0xC5, 0x04, 0x3A,
    0x00, 0x03, 0x00, 0x07, 0x00, 0x0D, 0x00, 0x11, 0x00, 0x23, 0x40, 0x11, 0x10, 0x0F, 0x0F, 0x0B,
    0x0A, 0x0A, 0x03, 0x0E, 0x06, 0x0A, 0x72, 0x0D, 0x07, 0x02, 0x03, 0x06, 0x72, 0x00, 0x2B, 0x32,
    0x32, 0x32, 0x2B, 0x32, 0x12, 0x39, 0x2F, 0x33, 0x33, 0x11, 0x33, 0x30, 0x31, 0x01, 0x15, 0x21,
    0x35, 0x21, 0x11, 0x21, 0x11, 0x21, 0x01, 0x21, 0x03, 0x33, 0x13, 0x13, 0x01, 0x37, 0x01, 0x02,
    0x63, 0xFD, 0xD7, 0x02, 0xAA, 0xFE, 0xE0, 0x03, 0xE0, 0xFE, 0x2E, 0xFE, 0xDE, 0x22, 0xBF, 0xE9,
    0x0D, 0xFE, 0xF7, 0xFA, 0x01, 0x91, 0x04, 0x3A, 0xE2, 0xE2, 0xFB, 0xC6, 0x04, 0x3A, 0xFD, 0x5B,
    0x01, 0x0A, 0x01, 0x9B, 0xFB, 0xC6, 0x01, 0xC9, 0x8B, 0xFD, 0xAC, 0x00, 0xFF, 0xFF, 0x00, 0x82,
    0xFE, 0x9B, 0x05, 0xFC, 0x05, 0xB0, 0x00, 0x26, 0x00, 0x2C, 0x00, 0x00, 0x01, 0x07, 0x01, 0xFB,
    0x04, 0x7F, 0x00, 0x00, 0x00, 0x0B, 0xB6, 0x03, 0x0F, 0x0A, 0x00, 0x00, 0x9A, 0x56, 0x00, 0x2B,
    0x34, 0x00, 0xFF, 0xFF, 0x00, 0x6F, 0xFE, 0x9B, 0x04, 0xF3, 0x04, 0x3A, 0x00, 0x26, 0x00, 0xF4,
    0x00, 0x00, 0x01, 0x07, 0x01, 0xFB, 0x03, 0x75, 0x00, 0x00, 0x00, 0x0B, 0xB6, 0x03, 0x0F, 0x0A,
    0x00, 0x00, 0x9A, 0x56, 0x00, 0x2B, 0x34, 0x00, 0x00, 0x04, 0x00, 0x82, 0x00, 0x00, 0x07, 0x98,
    0x05, 0xB0, 0x00, 0x03, 0x00, 0x07, 0x00, 0x0B, 0x00, 0x0F, 0x00, 0x1F, 0x40, 0x0F, 0x07, 0x06,
    0x06, 0x0A, 0x02, 0x03, 0x03, 0x0C, 0x0B, 0x02, 0x72, 0x0D, 0x0A, 0x08, 0x72, 0x00, 0x2B, 0x32,
    0x2B, 0x32, 0x32, 0x11, 0x33, 0x11, 0x39, 0x2F, 0x33, 0x30, 0x31, 0x01, 0x15, 0x21, 0x27, 0x13,
    0x15, 0x21, 0x35, 0x13, 0x11, 0x21, 0x11, 0x21, 0x11, 0x21, 0x11, 0x07, 0x98, 0xFD, 0x88, 0xF3,
    0x20, 0xFD, 0x08, 0x59, 0xFE, 0xD4, 0x04, 0xA1, 0xFE, 0xD5, 0x05, 0xB0, 0xE1, 0xE1, 0xFD, 0xAF,
    0xEA, 0xEA, 0x02, 0x51, 0xFA, 0x50, 0x05, 0xB0, 0xFA, 0x50, 0x05, 0xB0, 0x00, 0x04, 0x00, 0x6C,
    0x00, 0x00, 0x05, 0x6C, 0x04, 0x3A, 0x00, 0x03, 0x00, 0x07, 0x00, 0x0B, 0x00, 0x0F, 0x00, 0x1F,
    0x40, 0x0F, 0x07, 0x06, 0x06, 0x0A, 0x02, 0x03, 0x03, 0x0C, 0x0B, 0x06, 0x72, 0x0D, 0x0A, 0x0A,
    0x72, 0x00, 0x2B, 0x32, 0x2B, 0x32, 0x32, 0x11, 0x33, 0x11, 0x39, 0x2F, 0x33, 0x30, 0x31, 0x01,
    0x15, 0x21, 0x37, 0x03, 0x15, 0x21, 0x35, 0x13, 0x11, 0x21, 0x11, 0x21, 0x11, 0x21, 0x11, 0x05,
    0x6C, 0xFE, 0x55, 0x03, 0x71, 0xFD, 0xD9, 0x60, 0xFE, 0xE0, 0x03, 0xA9, 0xFE, 0xDF, 0x04, 0x3A,
    0xE2, 0xE2, 0xFE, 0x4B, 0xE0, 0xE0, 0x01, 0xB5, 0xFB, 0xC6, 0x04, 0x3A, 0xFB, 0xC6, 0x04, 0x3A,
    0x00, 0x02, 0x00, 0x83, 0xFE, 0xAD, 0x08, 0x17, 0x05, 0xB0, 0x00, 0x07, 0x00, 0x1F, 0x00, 0x19,
    0x40, 0x0C, 0x08, 0x09, 0x09, 0x14, 0x04, 0x07, 0x02, 0x72, 0x06, 0x08, 0x72, 0x02, 0x00, 0x2F,
    0x2B, 0x2B, 0x32, 0x2F, 0x39, 0x2F, 0x33, 0x30, 0x31, 0x01, 0x11, 0x21, 0x11, 0x21, 0x11, 0x21,
    0x11, 0x01, 0x35, 0x21, 0x32, 0x1E, 0x02, 0x15, 0x14, 0x0E, 0x02, 0x23, 0x35, 0x32, 0x3E, 0x02,
    0x35, 0x36, 0x2E, 0x02, 0x23, 0x05, 0x24, 0xFE, 0xD4, 0xFD, 0xB6, 0xFE, 0xD5, 0x04, 0x1A, 0x01,
    0x1F, 0x87, 0xDD, 0xA1, 0x56, 0x39, 0x7E, 0xD2, 0x99, 0x55, 0x67, 0x33, 0x12, 0x01, 0x2A, 0x51,
    0x74, 0x4C, 0x05, 0xB0, 0xFA, 0x50, 0x04, 0xC5, 0xFB, 0x3B, 0x05, 0xB0, 0xFC, 0xAE, 0xE4, 0x48,
    0x93, 0xDC, 0x93, 0x6D, 0xD1, 0xA9, 0x64, 0xD6, 0x45, 0x6E, 0x7D, 0x37, 0x5F, 0x8B, 0x5C, 0x2E,
    0x00, 0x04, 0x00, 0x6C, 0xFE, 0xE9, 0x06, 0xBC, 0x04, 0x3A, 0x00, 0x14, 0x00, 0x18, 0x00, 0x1C,
    0x00, 0x20, 0x00, 0x23, 0x40, 0x11, 0x1E, 0x17, 0x18, 0x18, 0x00, 0x01, 0x01, 0x0B, 0x1D, 0x1C,
    0x06, 0x72, 0x1B, 0x0A, 0x72, 0x0C, 0x0B, 0x00, 0x2F, 0x33, 0x2B, 0x2B, 0x32, 0x11, 0x39, 0x2F,
    0x33, 0x32, 0x11, 0x33, 0x2F, 0x30, 0x31, 0x01, 0x35, 0x21, 0x32, 0x04, 0x16, 0x15, 0x16, 0x0E,
    0x02, 0x07, 0x27, 0x3E, 0x02, 0x35, 0x36, 0x26, 0x26, 0x23, 0x01, 0x15, 0x21, 0x35, 0x33, 0x11,
    0x21, 0x11, 0x21, 0x11, 0x21, 0x11, 0x03, 0x42, 0x01, 0x2E, 0xAC, 0x01, 0x08, 0x96, 0x02, 0x2A,
    0x5B, 0x8D, 0x62, 0x7A, 0x41, 0x5A, 0x30, 0x01, 0x49, 0x86, 0x5B, 0xFE, 0xD5, 0xFD, 0xF4, 0x53,
    0xFE, 0xE0, 0x03, 0xAC, 0xFE, 0xDF, 0x01, 0xBA, 0xE4, 0x6B, 0xD8, 0xA3, 0x3B, 0x86, 0x82, 0x6B,
    0x21, 0xBC, 0x1D, 0x4E, 0x66, 0x42, 0x57, 0x72, 0x39, 0x02, 0x80, 0xE2, 0xE2, 0xFB, 0xC6, 0x04,
    0x3A, 0xFB, 0xC6, 0x04, 0x3A, 0x00, 0x00, 0x01, 0x00, 0x5F, 0xFF, 0xEB, 0x06, 0x13, 0x05, 0xC5,
    0x00, 0x43, 0x00, 0x1D, 0x40, 0x0E, 0x39, 0x0C, 0x0C, 0x23, 0x22, 0x03, 0x72, 0x00, 0x01, 0x01,
    0x2E, 0x17, 0x09, 0x72, 0x00, 0x2B, 0x32, 0x32, 0x11, 0x33, 0x2B, 0x32, 0x32, 0x11, 0x33, 0x30,
    0x31, 0x25, 0x15, 0x22, 0x24, 0x26, 0x02, 0x35, 0x35, 0x34, 0x3E, 0x02, 0x33, 0x32, 0x1E, 0x02,
    0x15, 0x15, 0x14, 0x02, 0x06, 0x04, 0x23, 0x22, 0x24, 0x26, 0x26, 0x35, 0x35, 0x34, 0x3E, 0x02,
    0x33, 0x15, 0x22, 0x0E, 0x02, 0x15, 0x15, 0x14, 0x1E, 0x02, 0x33, 0x32, 0x3E, 0x02, 0x35, 0x35,
    0x34, 0x2E, 0x02, 0x23, 0x22, 0x0E, 0x02, 0x15, 0x15, 0x14, 0x1E, 0x02, 0x06, 0x13, 0xCB, 0xFE,
    0xB5, 0xEF, 0x81, 0x3D, 0x71, 0x9E, 0x60, 0x68, 0xAA, 0x7B, 0x42, 0x6B, 0xC6, 0xFE, 0xEF, 0xA8,
    0x9F, 0xFE, 0xFE, 0xBA, 0x64, 0x4B, 0x8B, 0xC2, 0x75, 0x31, 0x4D, 0x35, 0x1C, 0x34, 0x63, 0x8F,
    0x5B, 0x67, 0xA6, 0x73, 0x3D, 0x15, 0x2A, 0x3C, 0x27, 0x23, 0x36, 0x25, 0x13, 0x51, 0x9E, 0xE6,
    0xD2, 0xE0, 0x6C, 0xC6, 0x01, 0x11, 0xA5, 0xC6, 0x74, 0xC8, 0x95, 0x53, 0x57, 0xA0, 0xDA, 0x82,
    0xAE, 0x9A, 0xFE, 0xF7, 0xC6, 0x6F, 0x68, 0xBA, 0xF8, 0x90, 0xD2, 0x81, 0xDC, 0xA5, 0x5C, 0xF4,
    0x36, 0x62, 0x83, 0x4D, 0xD4, 0x5F, 0xA0, 0x77, 0x41, 0x4A, 0x84, 0xB0, 0x67, 0xCF, 0x5A, 0x79,
    0x4B, 0x21, 0x23, 0x48, 0x74, 0x50, 0xCA, 0x6E, 0xBD, 0x8C, 0x4F, 0x00, 0x00, 0x01, 0x00, 0x55,
    0xFF, 0xE6, 0x04, 0xF4, 0x04, 0x4E, 0x00, 0x43, 0x00, 0x1D, 0x40, 0x0E, 0x39, 0x0C, 0x0C, 0x23,
    0x22, 0x07, 0x72, 0x00, 0x01, 0x01, 0x2E, 0x17, 0x0B, 0x72, 0x00, 0x2B, 0x32, 0x32, 0x2F, 0x33,
    0x2B, 0x32, 0x32, 0x11, 0x33, 0x30, 0x31, 0x25, 0x15, 0x22, 0x24, 0x26, 0x26, 0x35, 0x35, 0x34,
    0x3E, 0x02, 0x33, 0x32, 0x1E, 0x02, 0x15, 0x15, 0x14, 0x0E, 0x02, 0x23, 0x22, 0x2E, 0x02, 0x35,
    0x35, 0x34, 0x3E, 0x02, 0x33, 0x15, 0x0E, 0x03, 0x15, 0x15, 0x14, 0x1E, 0x02, 0x33, 0x32, 0x3E,
    0x02, 0x35, 0x35, 0x34, 0x2E, 0x02, 0x23, 0x22, 0x0E, 0x02, 0x15, 0x15, 0x14, 0x1E, 0x02, 0x04,
    0xF4, 0xB6, 0xFE, 0xF2, 0xB2, 0x58, 0x31, 0x59, 0x7F, 0x4D, 0x51, 0x84, 0x5E, 0x33, 0x55, 0x9E,
    0xDA, 0x85, 0x80, 0xD2, 0x97, 0x52, 0x3E, 0x72, 0x9E, 0x61, 0x1E, 0x2E, 0x21, 0x12, 0x25, 0x45,
    0x63, 0x3E, 0x46, 0x71, 0x4F, 0x2B, 0x0E, 0x1B, 0x24, 0x18, 0x17, 0x25, 0x1A, 0x0E, 0x43, 0x82,
    0xBD, 0x8A, 0xA4, 0x55, 0x99, 0xCB, 0x77, 0x97, 0x59, 0x97, 0x72, 0x3F, 0x46, 0x7D, 0xA8, 0x62,
    0x91, 0x6E, 0xBC, 0x8D, 0x4E, 0x54, 0x96, 0xCA, 0x75, 0x5F, 0x66, 0xAD, 0x80, 0x48, 0xE8, 0x04,
    0x24, 0x40, 0x55, 0x34, 0x61, 0x44, 0x75, 0x56, 0x2F, 0x2C, 0x50, 0x6D, 0x40, 0x93, 0x2C, 0x4D,
    0x3A, 0x21, 0x1E, 0x35, 0x46, 0x29, 0x9B, 0x51, 0x8C, 0x69, 0x39, 0x00, 0xFF, 0xFF, 0x00, 0x15,
    0xFE, 0x9B, 0x05, 0x45, 0x05, 0xB0, 0x00, 0x26, 0x00, 0x3C, 0x00, 0x00, 0x01, 0x07, 0x01, 0xFB,
    0x03, 0xC7, 0x00, 0x00, 0x00, 0x0B, 0xB6, 0x01, 0x0F, 0x06, 0x00, 0x00, 0x9A, 0x56, 0x00, 0x2B,
    0x34, 0x00, 0xFF, 0xFF, 0x00, 0x16, 0xFE, 0x9B, 0x04, 0x40, 0x04, 0x3A, 0x00, 0x26, 0x00, 0x5C,
    0x00, 0x00, 0x01, 0x07, 0x01, 0xFB, 0x02, 0xC2, 0x00, 0x00, 0x00, 0x0B, 0xB6, 0x01, 0x0F, 0x06,
    0x00, 0x00, 0x9A, 0x56, 0x00, 0x2B, 0x34, 0x00, 0x00, 0x03, 0x00, 0x20, 0xFE, 0xA1, 0x06, 0xD6,
    0x05, 0xB0, 0x00, 0x03, 0x00, 0x09, 0x00, 0x11, 0x00, 0x1D, 0x40, 0x0E, 0x09, 0x0D, 0x0D, 0x08,
    0x0A, 0x08, 0x72, 0x05, 0x10, 0x0C, 0x02, 0x03, 0x02, 0x72, 0x00, 0x2B, 0x32, 0x32, 0x32, 0x2F,
    0x2B, 0x32, 0x32, 0x11, 0x33, 0x30, 0x31, 0x01, 0x15, 0x21, 0x35, 0x01, 0x03, 0x21, 0x11, 0x23,
    0x35, 0x05, 0x11, 0x21, 0x11, 0x21, 0x11, 0x21, 0x11, 0x03, 0xE1, 0xFC, 0x3F, 0x06, 0xB6, 0x13,
    0xFE, 0xE8, 0x77, 0xFC, 0x39, 0x01, 0x2B, 0x02, 0x4A, 0x01, 0x2D, 0x05, 0xB0, 0xE2, 0xE2, 0xFB,
    0x39, 0xFD, 0xB8, 0x01, 0x5F, 0xE9, 0xE9, 0x05, 0xB0, 0xFB, 0x3A, 0x04, 0xC6, 0xFA, 0x50, 0x00,
    0x00, 0x03, 0x00, 0x2D, 0xFE, 0xBF, 0x05, 0x58, 0x04, 0x3A, 0x00, 0x03, 0x00, 0x0B, 0x00, 0x11,
    0x00, 0x1F, 0x40, 0x0F, 0x02, 0x03, 0x03, 0x0D, 0x0A, 0x05, 0x06, 0x72, 0x08, 0x07, 0x07, 0x10,
    0x04, 0x0A, 0x72, 0x00, 0x2B, 0x32, 0x32, 0x11, 0x33, 0x2B, 0x32, 0x2F, 0x39, 0x2F, 0x33, 0x30,
    0x31, 0x01, 0x15, 0x21, 0x35, 0x13, 0x11, 0x21, 0x11, 0x21, 0x11, 0x21, 0x11, 0x37, 0x03, 0x21,
    0x11, 0x23, 0x35, 0x02, 0xF1, 0xFD, 0x3C, 0xDD, 0x01, 0x20, 0x01, 0x6A, 0x01, 0x22, 0xA2, 0x13,
    0xFE, 0xF3, 0x79, 0x04, 0x3A, 0xE2, 0xE2, 0xFB, 0xC6, 0x04, 0x3A, 0xFC, 0xA7, 0x03, 0x59, 0xFB,
    0xC6, 0xE0, 0xFD, 0xDF, 0x01, 0x41, 0xE0, 0x00, 0xFF, 0xFF, 0x00, 0x8B, 0xFE, 0x9B, 0x05, 0xE1,
    0x05, 0xB0, 0x00, 0x26, 0x00, 0xE1, 0x00, 0x00, 0x01, 0x07, 0x01, 0xFB, 0x04, 0x63, 0x00, 0x00,
    0x00, 0x0B, 0xB6, 0x02, 0x1D, 0x19, 0x00, 0x00, 0x9A, 0x56, 0x00, 0x2B, 0x34, 0x00, 0xFF, 0xFF,
    0x00, 0x58, 0xFE, 0x9B, 0x04, 0xDC, 0x04, 0x3B, 0x00, 0x26, 0x00, 0xF9, 0x00, 0x00, 0x01, 0x07,
    0x01, 0xFB, 0x03, 0x5E, 0x00, 0x00, 0x00, 0x0B, 0xB6, 0x02, 0x1B, 0x02, 0x00, 0x00, 0x9A, 0x56,
    0x00, 0x2B, 0x34, 0x00, 0x00, 0x03, 0x00, 0x6E, 0x00, 0x00, 0x04, 0xEF, 0x05, 0xB0, 0x00, 0x03,
    0x00, 0x19, 0x00, 0x1D, 0x00, 0x23, 0x40, 0x11, 0x03, 0x03, 0x0A, 0x0A, 0x15, 0x02, 0x02, 0x15,
    0x15, 0x04, 0x1C, 0x08, 0x72, 0x1B, 0x04, 0x02, 0x72, 0x00, 0x2B, 0x32, 0x2B, 0x11, 0x39, 0x2F,
    0x33, 0x2F, 0x11, 0x33, 0x11, 0x33, 0x2F, 0x30, 0x31, 0x01, 0x11, 0x23, 0x11, 0x01, 0x21, 0x11,
    0x14, 0x16, 0x16, 0x33, 0x32, 0x3E, 0x02, 0x37, 0x15, 0x0E, 0x03, 0x23, 0x22, 0x24, 0x26, 0x35,
    0x01, 0x21, 0x11, 0x21, 0x03, 0x05, 0xA4, 0xFE, 0x0D, 0x01, 0x2C, 0x3C, 0x79, 0x5A, 0x22, 0x5D,
    0x62, 0x59, 0x1E, 0x1E, 0x58, 0x63, 0x5D, 0x22, 0xAE, 0xFF, 0x00, 0x8D, 0x03, 0x55, 0x01, 0x2C,
    0xFE, 0xD4, 0x04, 0x21, 0xFD, 0x0A, 0x02, 0xF6, 0x01, 0x8F, 0xFE, 0x41, 0x60, 0x6C, 0x2B, 0x06,
    0x0D, 0x11, 0x0B, 0xEA, 0x0A, 0x12, 0x0D, 0x06, 0x64, 0xD5, 0xA8, 0x01, 0xBF, 0xFA, 0x50, 0x00,
    0x00, 0x03, 0x00, 0x69, 0x00, 0x00, 0x04, 0x11, 0x04, 0x3B, 0x00, 0x03, 0x00, 0x07, 0x00, 0x1B,
    0x00, 0x23, 0x40, 0x10, 0x00, 0x00, 0x18, 0x18, 0x0D, 0x01, 0x01, 0x0D, 0x0D, 0x05, 0x0A, 0x72,
    0x12, 0x04, 0x06, 0x72, 0x00, 0x2B, 0x32, 0x2B, 0x32, 0x2F, 0x33, 0x7D, 0x2F, 0x11, 0x33, 0x11,
    0x33, 0x18, 0x2F, 0x30, 0x31, 0x01, 0x11, 0x23, 0x11, 0x01, 0x11, 0x21, 0x11, 0x13, 0x15, 0x0E,
    0x02, 0x23, 0x22, 0x26, 0x26, 0x35, 0x11, 0x21, 0x11, 0x14, 0x16, 0x16, 0x33, 0x32, 0x36, 0x36,
    0x02, 0x93, 0xA3, 0x02, 0x21, 0xFE, 0xDF, 0x98, 0x21, 0x68, 0x72, 0x31, 0x9C, 0xDF, 0x78, 0x01,
    0x20, 0x2B, 0x5D, 0x4B, 0x34, 0x62, 0x62, 0x03, 0x3A, 0xFD, 0x7C, 0x02, 0x84, 0x01, 0x00, 0xFB,
    0xC6, 0x04, 0x3A, 0xFE, 0x31, 0xE1, 0x11, 0x1E, 0x11, 0x56, 0xB8, 0x90, 0x01, 0x53, 0xFE, 0xAD,
    0x49, 0x53, 0x21, 0x10, 0x1C, 0x00, 0x00, 0x02, 0x00, 0x89, 0x00, 0x00, 0x05, 0x0A, 0x05, 0xB0,
    0x00, 0x15, 0x00, 0x19, 0x00, 0x19, 0x40, 0x0C, 0x01, 0x17, 0x06, 0x11, 0x11, 0x17, 0x18, 0x02,
    0x72, 0x17, 0x08, 0x72, 0x00, 0x2B, 0x2B, 0x11, 0x39, 0x2F, 0x33, 0x11, 0x33, 0x30, 0x31, 0x21,
    0x21, 0x11, 0x34, 0x26, 0x26, 0x23, 0x22, 0x0E, 0x02, 0x07, 0x35, 0x3E, 0x03, 0x33, 0x32, 0x04,
    0x16, 0x15, 0x01, 0x21, 0x11, 0x21, 0x05, 0x0A, 0xFE, 0xD4, 0x3C, 0x78, 0x5B, 0x22, 0x5D, 0x62,
    0x59, 0x1E, 0x1E, 0x58, 0x63, 0x5D, 0x22, 0xAE, 0x01, 0x00, 0x8D, 0xFC, 0xAB, 0xFE, 0xD4, 0x01,
    0x2C, 0x01, 0xBF, 0x60, 0x6C, 0x2B, 0x06, 0x0D, 0x11, 0x0B, 0xEA, 0x0A, 0x12, 0x0D, 0x06, 0x64,
    0xD5, 0xA8, 0xFE, 0x41, 0x05, 0xB0, 0x00, 0x02, 0xFF, 0xDE, 0xFF, 0xE9, 0x05, 0xAC, 0x05, 0xC4,
    0x00, 0x09, 0x00, 0x36, 0x00, 0x25, 0x40, 0x12, 0x05, 0x1D, 0x01, 0x01, 0x1D, 0x1D, 0x06, 0x1C,
    0x1C, 0x0A, 0x24, 0x15, 0x03, 0x72, 0x2F, 0x0A, 0x09, 0x72, 0x00, 0x2B, 0x32, 0x2B, 0x32, 0x11,
    0x39, 0x2F, 0x33, 0x33, 0x11, 0x33, 0x2F, 0x11, 0x33, 0x30, 0x31, 0x03, 0x33, 0x14, 0x16, 0x16,
    0x33, 0x15, 0x22, 0x26, 0x26, 0x01, 0x22, 0x2E, 0x02, 0x35, 0x11, 0x34, 0x3E, 0x02, 0x17, 0x32,
    0x1E, 0x02, 0x15, 0x15, 0x21, 0x35, 0x21, 0x35, 0x34, 0x2E, 0x02, 0x23, 0x22, 0x0E, 0x02, 0x15,
    0x11, 0x14, 0x1E, 0x02, 0x33, 0x32, 0x36, 0x37, 0x17, 0x0E, 0x02, 0x22, 0xC7, 0x2E, 0x5D, 0x46,
    0x82, 0xB6, 0x60, 0x03, 0xDC, 0xA6, 0xFA, 0xA8, 0x53, 0x5B, 0xA3, 0xD9, 0x7F, 0x8B, 0xD4, 0x90,
    0x48, 0xFC, 0x4E, 0x02, 0x87, 0x1D, 0x40, 0x66, 0x49, 0x4A, 0x70, 0x4B, 0x26, 0x26, 0x56, 0x8D,
    0x67, 0x7F, 0xBC, 0x37, 0x30, 0x16, 0x6E, 0xAD, 0x04, 0x3A, 0x46, 0x67, 0x37, 0xCB, 0x68, 0xC2,
    0xFC, 0x34, 0x5D, 0xA8, 0xE6, 0x8A, 0x01, 0x03, 0x86, 0xE0, 0xA4, 0x59, 0x01, 0x60, 0xB3, 0xFC,
    0x9C, 0x9D, 0xE8, 0x20, 0x43, 0x75, 0x58, 0x32, 0x37, 0x62, 0x81, 0x4A, 0xFE, 0xFD, 0x4E, 0x89,
    0x67, 0x3A, 0x2C, 0x15, 0xED, 0x0C, 0x26, 0x1F, 0x00, 0x02, 0xFF, 0xBC, 0xFF, 0xEC, 0x04, 0xB5,
    0x04, 0x4E, 0x00, 0x08, 0x00, 0x35, 0x00, 0x25, 0x40, 0x12, 0x04, 0x1C, 0x01, 0x01, 0x1C, 0x1C,
    0x05, 0x1B, 0x1B, 0x09, 0x23, 0x14, 0x07, 0x72, 0x2E, 0x09, 0x0B, 0x72, 0x00, 0x2B, 0x32, 0x2B,
    0x32, 0x12, 0x39, 0x2F, 0x33, 0x33, 0x11, 0x33, 0x2F, 0x11, 0x33, 0x30, 0x31, 0x03, 0x33, 0x14,
    0x16, 0x33, 0x15, 0x22, 0x26, 0x26, 0x01, 0x22, 0x2E, 0x02, 0x35, 0x35, 0x34, 0x3E, 0x02, 0x33,
    0x32, 0x1E, 0x02, 0x15, 0x15, 0x21, 0x35, 0x21, 0x35, 0x2E, 0x03, 0x23, 0x22, 0x0E, 0x02, 0x15,
    0x15, 0x14, 0x1E, 0x02, 0x33, 0x32, 0x36, 0x37, 0x17, 0x0E, 0x02, 0x44, 0xB3, 0x6E, 0x6D, 0x7E,
    0xB3, 0x5D, 0x03, 0x3D, 0x7F, 0xC7, 0x8B, 0x49, 0x45, 0x84, 0xBB, 0x75, 0x74, 0xB2, 0x79, 0x3E,
    0xFC, 0xA4, 0x02, 0x41, 0x01, 0x17, 0x31, 0x48, 0x32, 0x3A, 0x52, 0x34, 0x18, 0x24, 0x46, 0x63,
    0x3F, 0x4E, 0x87, 0x31, 0x8C, 0x22, 0x75, 0xA4, 0x03, 0x5E, 0x65, 0x77, 0xB5, 0x61, 0xB4, 0xFD,
    0x0A, 0x51, 0x90, 0xBF, 0x6C, 0x28, 0x7B, 0xCC, 0x96, 0x51, 0x4C, 0x8C, 0xC3, 0x77, 0x78, 0xC0,
    0x16, 0x2D, 0x4C, 0x3A, 0x20, 0x32, 0x5A, 0x79, 0x48, 0x28, 0x41, 0x6E, 0x50, 0x2C, 0x3D, 0x3E,
    0x98, 0x31, 0x5A, 0x39, 0x00, 0x03, 0x00, 0x81, 0xFE, 0xA6, 0x05, 0x0F, 0x05, 0xB0, 0x00, 0x03,
    0x00, 0x09, 0x00, 0x21, 0x00, 0x21, 0x40, 0x10, 0x0A, 0x06, 0x06, 0x0B, 0x08, 0x07, 0x07, 0x17,
    0x16, 0x09, 0x03, 0x02, 0x72, 0x02, 0x08, 0x72, 0x00, 0x2B, 0x2B, 0x32, 0x2F, 0x33, 0x39, 0x2F,
    0x33, 0x33, 0x33, 0x11, 0x33, 0x30, 0x31, 0x01, 0x11, 0x21, 0x11, 0x21, 0x01, 0x21, 0x03, 0x33,
    0x01, 0x01, 0x35, 0x21, 0x32, 0x1E, 0x02, 0x15, 0x14, 0x0E, 0x02, 0x23, 0x27, 0x32, 0x3E, 0x02,
    0x35, 0x34, 0x2E, 0x02, 0x23, 0x01, 0xAD, 0xFE, 0xD4, 0x04, 0x68, 0xFD, 0xAF, 0xFE, 0xD2, 0x25,
    0xCE, 0x01, 0x61, 0xFE, 0x16, 0x01, 0x2A, 0x86, 0xDE, 0xA0, 0x57, 0x38, 0x80, 0xD5, 0x9C, 0x01,
    0x56, 0x65, 0x33, 0x10, 0x28, 0x4F, 0x70, 0x48, 0x05, 0xB0, 0xFA, 0x50, 0x05, 0xB0, 0xFC, 0xA7,
    0x01, 0x0C, 0x02, 0x4D, 0xFC, 0xA5, 0xEC, 0x48, 0x92, 0xDD, 0x95, 0x69, 0xD2, 0xAC, 0x68, 0xDE,
    0x47, 0x6E, 0x79, 0x33, 0x5E, 0x8A, 0x5B, 0x2D, 0x00, 0x03, 0x00, 0x82, 0xFE, 0xD4, 0x04, 0x63,
    0x04, 0x3A, 0x00, 0x03, 0x00, 0x09, 0x00, 0x1E, 0x00, 0x21, 0x40, 0x10, 0x16, 0x15, 0x09, 0x06,
    0x72, 0x06, 0x0A, 0x0A, 0x07, 0x0B, 0x0B, 0x01, 0x03, 0x06, 0x72, 0x01, 0x00, 0x2F, 0x2B, 0x12,
    0x39, 0x2F, 0x33, 0x33, 0x11, 0x33, 0x2B, 0x2F, 0x33, 0x30, 0x31, 0x01, 0x11, 0x21, 0x11, 0x21,
    0x01, 0x21, 0x03, 0x33, 0x13, 0x01, 0x35, 0x21, 0x32, 0x04, 0x16, 0x15, 0x16, 0x0E, 0x02, 0x07,
    0x27, 0x3E, 0x02, 0x35, 0x36, 0x26, 0x26, 0x23, 0x01, 0xA2, 0xFE, 0xE0, 0x03, 0xE1, 0xFE, 0x1E,
    0xFE, 0xEE, 0x22, 0xB0, 0xF8, 0xFD, 0xED, 0x01, 0x2E, 0xAC, 0x01, 0x08, 0x96, 0x01, 0x29, 0x5B,
    0x8D, 0x62, 0x7A, 0x41, 0x5A, 0x31, 0x01, 0x4A, 0x85, 0x5C, 0x04, 0x3A, 0xFB, 0xC6, 0x04, 0x3A,
    0xFD, 0x5B, 0x01, 0x0A, 0x01, 0x9B, 0xFD, 0x5C, 0xE4, 0x67, 0xD3, 0xA3, 0x3B, 0x85, 0x7F, 0x6A,
    0x20, 0xBC, 0x1C, 0x4C, 0x64, 0x41, 0x56, 0x6E, 0x35, 0x00, 0xFF, 0xFF, 0x00, 0x29, 0xFE, 0x6B,
    0x05, 0xFC, 0x05, 0xB0, 0x00, 0x26, 0x00, 0xDD, 0x00, 0x00, 0x01, 0x07, 0x00, 0x10, 0x04, 0x7B,
    0xFF, 0xD2, 0x00, 0x0B, 0xB6, 0x03, 0x24, 0x06, 0x00, 0x00, 0x98, 0x56, 0x00, 0x2B, 0x34, 0x00,
    0xFF, 0xFF, 0x00, 0x15, 0xFE, 0x6B, 0x04, 0xF9, 0x04, 0x3A, 0x00, 0x26, 0x00, 0xF2, 0x00, 0x00,
    0x01, 0x07, 0x00, 0x10, 0x03, 0x78, 0xFF, 0xD2, 0x00, 0x0B, 0xB6, 0x03, 0x24, 0x06, 0x01, 0x00,
    0x98, 0x56, 0x00, 0x2B, 0x34, 0x00, 0x00, 0x01, 0x00, 0x83, 0xFE, 0x4B, 0x05, 0x24, 0x05, 0xB0,
    0x00, 0x19, 0x00, 0x19, 0x40, 0x0C, 0x19, 0x08, 0x72, 0x17, 0x02, 0x02, 0x11, 0x0A, 0x05, 0x00,
    0x02, 0x72, 0x00, 0x2B, 0x32, 0x2F, 0x33, 0x39, 0x2F, 0x33, 0x2B, 0x30, 0x31, 0x13, 0x21, 0x11,
    0x21, 0x11, 0x21, 0x11, 0x14, 0x06, 0x06, 0x23, 0x22, 0x26, 0x27, 0x37, 0x16, 0x16, 0x33, 0x32,
    0x36, 0x36, 0x35, 0x11, 0x21, 0x11, 0x21, 0x83, 0x01, 0x2C, 0x02, 0x49, 0x01, 0x2C, 0x5E, 0xAD,
    0x79, 0x28, 0x45, 0x28, 0x0E, 0x18, 0x2E, 0x1E, 0x28, 0x37, 0x1C, 0xFD, 0xB7, 0xFE, 0xD4, 0x05,
    0xB0, 0xFD, 0x92, 0x02, 0x6E, 0xFA, 0x30, 0x83, 0xB4, 0x5E, 0x07, 0x0A, 0xE5, 0x06, 0x05, 0x26,
    0x4D, 0x37, 0x02, 0x78, 0xFD, 0xA8, 0x00, 0x01, 0x00, 0x6C, 0xFE, 0x4B, 0x04, 0x15, 0x04, 0x3A,
    0x00, 0x19, 0x00, 0x1D, 0x40, 0x0F, 0x19, 0x0A, 0x72, 0x17, 0x02, 0x02, 0x00, 0x11, 0x0A, 0x0F,
    0x72, 0x05, 0x00, 0x06, 0x72, 0x00, 0x2B, 0x32, 0x2B, 0x32, 0x12, 0x39, 0x2F, 0x33, 0x2B, 0x30,
    0x31, 0x13, 0x21, 0x11, 0x21, 0x11, 0x21, 0x11, 0x14, 0x06, 0x06, 0x23, 0x22, 0x26, 0x27, 0x37,
    0x16, 0x16, 0x33, 0x32, 0x36, 0x36, 0x35, 0x11, 0x21, 0x11, 0x21, 0x6C, 0x01, 0x20, 0x01, 0x68,
    0x01, 0x21, 0x5B, 0xAB, 0x77, 0x27, 0x43, 0x27, 0x0F, 0x16, 0x31, 0x1C, 0x28, 0x37, 0x1C, 0xFE,
    0x98, 0xFE, 0xE0, 0x04, 0x3A, 0xFE, 0x4B, 0x01, 0xB5, 0xFB, 0x9F, 0x80, 0xB2, 0x5C, 0x07, 0x0A,
    0xDD, 0x06, 0x07, 0x28, 0x4E, 0x37, 0x01, 0xCC, 0xFE, 0x5B, 0xFF, 0xFF, 0x00, 0x82, 0xFE, 0x6B,
    0x05, 0xFF, 0x05, 0xB0, 0x00, 0x26, 0x00, 0x2C, 0x00, 0x00, 0x01, 0x07, 0x00, 0x10, 0x04, 0x7F,
    0xFF, 0xD2, 0x00, 0x0B, 0xB6, 0x03, 0x16, 0x0A, 0x01, 0x00, 0x98, 0x56, 0x00, 0x2B, 0x34, 0x00,
    0xFF, 0xFF, 0x00, 0x6F, 0xFE, 0x6B, 0x04, 0xF6, 0x04, 0x3A, 0x00, 0x26, 0x00, 0xF4, 0x00, 0x00,
    0x01, 0x07, 0x00, 0x10, 0x03, 0x75, 0xFF, 0xD2, 0x00, 0x0B, 0xB6, 0x03, 0x16, 0x0A, 0x01, 0x00,
    0x98, 0x56, 0x00, 0x2B, 0x34, 0x00, 0xFF, 0xFF, 0x00, 0x82, 0xFE, 0x6B, 0x07, 0x57, 0x05, 0xB0,
    0x00, 0x26, 0x00, 0x31, 0x00, 0x00, 0x01, 0x07, 0x00, 0x10, 0x05, 0xD6, 0xFF, 0xD2, 0x00, 0x0B,
    0xB6, 0x03, 0x1B, 0x0F, 0x00, 0x00, 0x98, 0x56, 0x00, 0x2B, 0x34, 0x00, 0xFF, 0xFF, 0x00, 0x83,
    0xFE, 0x6B, 0x06, 0x66, 0x04, 0x3A, 0x00, 0x26, 0x00, 0xF3, 0x00, 0x00, 0x01, 0x07, 0x00, 0x10,
    0x04, 0xE5, 0xFF, 0xD2, 0x00, 0x0B, 0xB6, 0x03, 0x19, 0x0B, 0x01, 0x00, 0x98, 0x56, 0x00, 0x2B,
    0x34, 0x00, 0x00, 0x01, 0x00, 0x4D, 0xFF, 0xEA, 0x05, 0x30, 0x05, 0xC5, 0x00, 0x2C, 0x00, 0x1B,
    0x40, 0x0D, 0x1A, 0x0B, 0x11, 0x14, 0x14, 0x0B, 0x25, 0x00, 0x03, 0x72, 0x0B, 0x09, 0x72, 0x00,
    0x2B, 0x2B, 0x32, 0x11, 0x39, 0x2F, 0x33, 0x11, 0x33, 0x30, 0x31, 0x01, 0x32, 0x04, 0x16, 0x16,
    0x15, 0x15, 0x14, 0x0E, 0x02, 0x27, 0x22, 0x2E, 0x02, 0x35, 0x35, 0x21, 0x15, 0x21, 0x15, 0x14,
    0x1E, 0x02, 0x33, 0x32, 0x3E, 0x02, 0x35, 0x35, 0x34, 0x2E, 0x02, 0x23, 0x22, 0x06, 0x07, 0x27,
    0x3E, 0x02, 0x02, 0x6F, 0xAF, 0x01, 0x09, 0xB0, 0x59, 0x5F, 0xA9, 0xE4, 0x84, 0x99, 0xEB, 0x9E,
    0x51, 0x04, 0x08, 0xFD, 0x23, 0x24, 0x4D, 0x7E, 0x59, 0x51, 0x7A, 0x52, 0x29, 0x2B, 0x5F, 0x9B,
    0x72, 0x86, 0xC6, 0x3B, 0x30, 0x17, 0x74, 0xB5, 0x05, 0xC5, 0x64, 0xB5, 0xF8, 0x95, 0x92, 0x95,
    0xF8, 0xB4, 0x62, 0x01, 0x60, 0xB2, 0xFC, 0x9C, 0xA0, 0xEB, 0x20, 0x43, 0x75, 0x58, 0x32, 0x42,
    0x73, 0x99, 0x57, 0x92, 0x58, 0x99, 0x75, 0x42, 0x2C, 0x16, 0xEE, 0x0C, 0x27, 0x1F, 0x00, 0x02,
    0x00, 0x50, 0xFF, 0xEB, 0x04, 0x66, 0x05, 0xB0, 0x00, 0x07, 0x00, 0x25, 0x00, 0x1F, 0x40, 0x0F,
    0x05, 0x08, 0x08, 0x04, 0x25, 0x25, 0x00, 0x1C, 0x12, 0x09, 0x72, 0x07, 0x00, 0x02, 0x72, 0x00,
    0x2B, 0x32, 0x2B, 0x32, 0x11, 0x39, 0x11, 0x33, 0x33, 0x11, 0x33, 0x30, 0x31, 0x13, 0x21, 0x17,
    0x01, 0x23, 0x35, 0x01, 0x21, 0x01, 0x37, 0x32, 0x16, 0x16, 0x15, 0x14, 0x0E, 0x02, 0x23, 0x22,
    0x2E, 0x02, 0x35, 0x21, 0x14, 0x16, 0x16, 0x33, 0x32, 0x36, 0x36, 0x35, 0x34, 0x26, 0x26, 0x23,
    0x23, 0x8F, 0x03, 0xBC, 0x01, 0xFE, 0x2B, 0xD6, 0x01, 0x54, 0xFD, 0x9A, 0x01, 0x12, 0xB2, 0xA9,
    0xEC, 0x7E, 0x50, 0x90, 0xC3, 0x75, 0x5E, 0xB5, 0x94, 0x57, 0x01, 0x2C, 0x33, 0x5F, 0x40, 0x4B,
    0x69, 0x39, 0x40, 0x7C, 0x5A, 0x84, 0x05, 0xB0, 0xC0, 0xFD, 0xFA, 0x7A, 0x01, 0x61, 0xFE, 0x9B,
    0x10, 0x6E, 0xD2, 0x99, 0x66, 0x9F, 0x6E, 0x39, 0x31, 0x67, 0xA1, 0x70, 0x35, 0x57, 0x33, 0x34,
    0x5B, 0x37, 0x62, 0x79, 0x38, 0x00, 0x00, 0x02, 0x00, 0x52, 0xFE, 0x75, 0x04, 0x60, 0x04, 0x3A,
    0x00, 0x07, 0x00, 0x25, 0x00, 0x1F, 0x40, 0x0E, 0x08, 0x05, 0x05, 0x04, 0x25, 0x25, 0x00, 0x1C,
    0x18, 0x12, 0x07, 0x00, 0x06, 0x72, 0x00, 0x2B, 0x32, 0x2F, 0xCC, 0x33, 0x12, 0x39, 0x2F, 0x33,
    0x33, 0x11, 0x33, 0x30, 0x31, 0x13, 0x21, 0x17, 0x01, 0x23, 0x35, 0x01, 0x21, 0x01, 0x37, 0x32,
    0x16, 0x16, 0x15, 0x14, 0x0E, 0x02, 0x23, 0x22, 0x2E, 0x02, 0x35, 0x21, 0x14, 0x16, 0x16, 0x33,
    0x32, 0x36, 0x36, 0x35, 0x34, 0x26, 0x26, 0x23, 0x23, 0x88, 0x03, 0xBB, 0x01, 0xFE, 0x2B, 0xCF,
    0x01, 0x54, 0xFD, 0x94, 0x01, 0x18, 0xAF, 0xA7, 0xED, 0x7D, 0x4F, 0x8E, 0xC2, 0x74, 0x5D, 0xB5,
    0x92, 0x57, 0x01, 0x22, 0x35, 0x62, 0x42, 0x4D, 0x6C, 0x3A, 0x41, 0x7E, 0x5C, 0x85, 0x04, 0x3A,
    0xB8, 0xFD, 0xF0, 0x7A, 0x01, 0x6C, 0xFE, 0x90, 0x0E, 0x6D, 0xD1, 0x98, 0x66, 0x9E, 0x6E, 0x39,
    0x31, 0x67, 0xA1, 0x6F, 0x37, 0x5A, 0x36, 0x37, 0x5D, 0x3A, 0x63, 0x7A, 0x37, 0x00, 0xFF, 0xFF,
    0x00, 0x21, 0xFE, 0x4B, 0x04, 0x94, 0x05, 0xB0, 0x00, 0x26, 0x00, 0xB1, 0x56, 0x00, 0x00, 0x26,
    0x01, 0xE7, 0x95, 0x15, 0x00, 0x07, 0x01, 0xFC, 0x01, 0x66, 0x00, 0x00, 0xFF, 0xFF, 0x00, 0x11,
    0xFE, 0x44, 0x03, 0x9E, 0x04, 0x3A, 0x00, 0x26, 0x00, 0xEC, 0x4E, 0x00, 0x00, 0x27, 0x01, 0xE7,
    0xFF, 0x85, 0xFF, 0x63, 0x00, 0x07, 0x01, 0xFC, 0x01, 0x1E, 0xFF, 0xF9, 0xFF, 0xFF, 0x00, 0x15,
    0xFE, 0x4B, 0x05, 0x8B, 0x05, 0xB0, 0x00, 0x26, 0x00, 0x3C, 0x00, 0x00, 0x00, 0x07, 0x01, 0xFC,
    0x03, 0xE3, 0x00, 0x00, 0xFF, 0xFF, 0x00, 0x16, 0xFE, 0x4B, 0x04, 0x86, 0x04, 0x3A, 0x00, 0x26,
    0x00, 0x5C, 0x00, 0x00, 0x00, 0x07, 0x01, 0xFC, 0x02, 0xDE, 0x00, 0x00, 0x00, 0x01, 0x00, 0x48,
    0x00, 0x00, 0x04, 0x8A, 0x05, 0xB0, 0x00, 0x18, 0x00, 0x12, 0xB7, 0x03, 0x00, 0x00, 0x0B, 0x10,
    0x0D, 0x02, 0x72, 0x00, 0x2B, 0x2F, 0x33, 0x39, 0x2F, 0x33, 0x30, 0x31, 0x01, 0x21, 0x15, 0x21,
    0x22, 0x06, 0x06, 0x15, 0x14, 0x16, 0x16, 0x33, 0x33, 0x11, 0x21, 0x11, 0x21, 0x22, 0x26, 0x26,
    0x35, 0x34, 0x3E, 0x02, 0x02, 0x72, 0x01, 0x54, 0xFE, 0xAC, 0x55, 0x71, 0x37, 0x37, 0x71, 0x55,
    0xEC, 0x01, 0x2C, 0xFD, 0xE8, 0xAA, 0xFA, 0x86, 0x4C, 0x91, 0xCD, 0x03, 0xB9, 0xEA, 0x44, 0x6D,
    0x3E, 0x41, 0x70, 0x45, 0x04, 0xC6, 0xFA, 0x50, 0x7B, 0xD8, 0x8B, 0x67, 0xAD, 0x81, 0x46, 0x00,
    0x00, 0x02, 0x00, 0x74, 0x00, 0x00, 0x06, 0xE8, 0x05, 0xB0, 0x00, 0x18, 0x00, 0x2D, 0x00, 0x1F,
    0x40, 0x0E, 0x1B, 0x0B, 0x0B, 0x10, 0x25, 0x25, 0x03, 0x00, 0x00, 0x1A, 0x10, 0x0D, 0x02, 0x72,
    0x00, 0x2B, 0x2F, 0x33, 0x39, 0x2F, 0x33, 0x33, 0x2F, 0x11, 0x33, 0x11, 0x33, 0x30, 0x31, 0x01,
    0x21, 0x15, 0x21, 0x22, 0x06, 0x06, 0x15, 0x14, 0x16, 0x16, 0x33, 0x33, 0x11, 0x21, 0x11, 0x21,
    0x22, 0x26, 0x26, 0x35, 0x34, 0x3E, 0x02, 0x01, 0x23, 0x35, 0x33, 0x3E, 0x02, 0x37, 0x36, 0x2E,
    0x02, 0x27, 0x21, 0x1E, 0x02, 0x07, 0x0E, 0x02, 0x02, 0x9E, 0x01, 0x53, 0xFE, 0xAD, 0x55, 0x71,
    0x37, 0x37, 0x71, 0x55, 0xEC, 0x01, 0x2C, 0xFD, 0xE8, 0xAB, 0xF8, 0x87, 0x4D, 0x90, 0xCD, 0x02,
    0xDD, 0x89, 0x89, 0x4A, 0x51, 0x23, 0x02, 0x01, 0x08, 0x0F, 0x17, 0x0F, 0x01, 0x24, 0x12, 0x1F,
    0x14, 0x02, 0x02, 0x6C, 0xD8, 0x03, 0xB9, 0xEA, 0x44, 0x6D, 0x3E, 0x41, 0x70, 0x45, 0x04, 0xC6,
    0xFA, 0x50, 0x7B, 0xD8, 0x8B, 0x67, 0xAD, 0x81, 0x46, 0xFC, 0x47, 0xEA, 0x01, 0x54, 0x7B, 0x3A,
    0x27, 0x6A, 0x73, 0x6A, 0x27, 0x33, 0x96, 0x96, 0x36, 0x8E, 0xE3, 0x83, 0x00, 0x03, 0x00, 0x5B,
    0xFF, 0xE9, 0x06, 0x85, 0x06, 0x18, 0x00, 0x16, 0x00, 0x2B, 0x00, 0x47, 0x00, 0x1D, 0x40, 0x10,
    0x33, 0x44, 0x0B, 0x72, 0x3B, 0x2D, 0x01, 0x72, 0x1D, 0x12, 0x0B, 0x72, 0x27, 0x06, 0x07, 0x72,
    0x00, 0x2B, 0x32, 0x2B, 0x32, 0x2B, 0x2F, 0x2B, 0x32, 0x30, 0x31, 0x13, 0x35, 0x34, 0x3E, 0x02,
    0x33, 0x32, 0x1E, 0x03, 0x17, 0x15, 0x0E, 0x03, 0x23, 0x22, 0x2E, 0x02, 0x25, 0x15, 0x14, 0x1E,
    0x02, 0x33, 0x32, 0x36, 0x36, 0x37, 0x35, 0x2E, 0x03, 0x23, 0x22, 0x0E, 0x02, 0x05, 0x11, 0x21,
    0x11, 0x14, 0x16, 0x16, 0x33, 0x3E, 0x03, 0x37, 0x36, 0x26, 0x27, 0x21, 0x16, 0x16, 0x07, 0x0E,
    0x03, 0x23, 0x06, 0x26, 0x26, 0x5B, 0x37, 0x6B, 0x9E, 0x67, 0x48, 0x74, 0x5A, 0x41, 0x2A, 0x0B,
    0x0E, 0x3B, 0x61, 0x89, 0x5B, 0x66, 0x9D, 0x6B, 0x37, 0x01, 0x21, 0x15, 0x30, 0x4E, 0x39, 0x4A,
    0x64, 0x37, 0x04, 0x02, 0x20, 0x3A, 0x54, 0x37, 0x38, 0x4F, 0x31, 0x16, 0x01, 0x7C, 0x01, 0x20,
    0x1D, 0x36, 0x26, 0x32, 0x4D, 0x35, 0x1C, 0x02, 0x02, 0x21, 0x1E, 0x01, 0x1A, 0x1B, 0x2A, 0x02,
    0x02, 0x51, 0x8A, 0xB2, 0x63, 0x7B, 0xB2, 0x64, 0x02, 0x01, 0x15, 0x7C, 0xD0, 0x98, 0x54, 0x35,
    0x63, 0x89, 0xA7, 0x5F, 0x2E, 0x71, 0xBF, 0x8F, 0x4F, 0x4E, 0x90, 0xC3, 0x8A, 0x15, 0x43, 0x70,
    0x52, 0x2E, 0x41, 0x73, 0x4C, 0x83, 0x3F, 0x67, 0x4B, 0x2A, 0x36, 0x5E, 0x7C, 0xE7, 0x04, 0xA3,
    0xFB, 0x5D, 0x30, 0x4C, 0x2A, 0x01, 0x2D, 0x54, 0x76, 0x4A, 0x64, 0xCB, 0x64, 0x61, 0xCB, 0x67,
    0x8B, 0xCF, 0x88, 0x44, 0x02, 0x50, 0xB0, 0x00, 0x00, 0x02, 0x00, 0x42, 0xFF, 0xE9, 0x05, 0xF2,
    0x05, 0xB0, 0x00, 0x20, 0x00, 0x46, 0x00, 0x21, 0x40, 0x10, 0x28, 0x27, 0x27, 0x02, 0x01, 0x01,
    0x0E, 0x32, 0x43, 0x09, 0x72, 0x3A, 0x0D, 0x0E, 0x02, 0x72, 0x00, 0x2B, 0x32, 0x2F, 0x2B, 0x32,
    0x11, 0x39, 0x2F, 0x33, 0x33, 0x11, 0x33, 0x30, 0x31, 0x01, 0x23, 0x35, 0x33, 0x32, 0x36, 0x36,
    0x35, 0x34, 0x2E, 0x02, 0x23, 0x21, 0x35, 0x21, 0x32, 0x1E, 0x02, 0x15, 0x14, 0x0E, 0x03, 0x07,
    0x22, 0x06, 0x06, 0x07, 0x06, 0x06, 0x13, 0x35, 0x35, 0x34, 0x26, 0x26, 0x23, 0x37, 0x32, 0x1E,
    0x02, 0x15, 0x15, 0x14, 0x16, 0x16, 0x33, 0x3E, 0x03, 0x37, 0x36, 0x26, 0x27, 0x21, 0x16, 0x16,
    0x07, 0x0E, 0x03, 0x23, 0x06, 0x26, 0x26, 0x01, 0xBD, 0xF4, 0xBD, 0x5F, 0x73, 0x35, 0x1B, 0x3A,
    0x5E, 0x42, 0xFE, 0xAA, 0x01, 0x56, 0x84, 0xCB, 0x8A, 0x47, 0x22, 0x41, 0x62, 0x7F, 0x4F, 0x03,
    0x06, 0x06, 0x04, 0x28, 0x18, 0xB3, 0x30, 0x5A, 0x3E, 0x12, 0x8A, 0xBA, 0x6E, 0x30, 0x13, 0x23,
    0x19, 0x2E, 0x48, 0x32, 0x1B, 0x02, 0x02, 0x22, 0x1E, 0x01, 0x26, 0x1A, 0x2B, 0x02, 0x02, 0x54,
    0x8E, 0xB8, 0x66, 0x6C, 0x9D, 0x59, 0x02, 0x57, 0xED, 0x2F, 0x5C, 0x45, 0x27, 0x41, 0x2F, 0x18,
    0xED, 0x35, 0x69, 0x9B, 0x65, 0x38, 0x62, 0x52, 0x42, 0x31, 0x10, 0x1C, 0x1D, 0x01, 0x09, 0x04,
    0xFE, 0xE3, 0x03, 0x40, 0x3F, 0x60, 0x36, 0x80, 0x33, 0x5A, 0x7D, 0x49, 0x45, 0x1D, 0x2F, 0x1C,
    0x01, 0x2C, 0x52, 0x74, 0x47, 0x64, 0xCB, 0x64, 0x61, 0xCB, 0x67, 0x8B, 0xCE, 0x89, 0x44, 0x02,
    0x45, 0x97, 0x00, 0x02, 0x00, 0x2D, 0xFF, 0xE4, 0x05, 0x15, 0x04, 0x3A, 0x00, 0x1D, 0x00, 0x42,
    0x00, 0x25, 0x40, 0x12, 0x3E, 0x3D, 0x3D, 0x1B, 0x02, 0x01, 0x01, 0x0D, 0x2A, 0x2A, 0x22, 0x33,
    0x0B, 0x72, 0x0C, 0x0D, 0x06, 0x72, 0x00, 0x2B, 0x32, 0x2B, 0x32, 0x32, 0x2F, 0x11, 0x39, 0x2F,
    0x33, 0x33, 0x33, 0x11, 0x33, 0x30, 0x31, 0x01, 0x21, 0x27, 0x33, 0x32, 0x36, 0x36, 0x35, 0x34,
    0x26, 0x26, 0x23, 0x21, 0x27, 0x21, 0x32, 0x16, 0x16, 0x15, 0x14, 0x0E, 0x02, 0x07, 0x0E, 0x02,
    0x07, 0x06, 0x06, 0x05, 0x35, 0x06, 0x16, 0x33, 0x3E, 0x03, 0x37, 0x36, 0x26, 0x27, 0x21, 0x16,
    0x16, 0x07, 0x0E, 0x03, 0x23, 0x06, 0x2E, 0x02, 0x27, 0x35, 0x34, 0x26, 0x26, 0x23, 0x37, 0x32,
    0x16, 0x16, 0x15, 0x01, 0x9F, 0xFE, 0xE5, 0x02, 0xB9, 0x37, 0x45, 0x1F, 0x1F, 0x46, 0x38, 0xFE,
    0xFA, 0x06, 0x01, 0x0C, 0x8F, 0xC7, 0x68, 0x21, 0x42, 0x5F, 0x3E, 0x03, 0x05, 0x04, 0x03, 0x22,
    0x10, 0x01, 0x60, 0x01, 0x1E, 0x2A, 0x23, 0x36, 0x26, 0x15, 0x01, 0x02, 0x20, 0x1F, 0x01, 0x1A,
    0x1A, 0x2C, 0x02, 0x02, 0x45, 0x76, 0x96, 0x54, 0x5A, 0x89, 0x5C, 0x33, 0x05, 0x19, 0x32, 0x24,
    0x26, 0x8B, 0x9D, 0x42, 0x01, 0x8B, 0xD5, 0x1D, 0x34, 0x24, 0x25, 0x3C, 0x22, 0xE2, 0x4C, 0x91,
    0x66, 0x32, 0x52, 0x3F, 0x30, 0x11, 0x02, 0x29, 0x29, 0x03, 0x07, 0x05, 0x90, 0x01, 0x2A, 0x38,
    0x01, 0x24, 0x43, 0x5F, 0x3D, 0x4D, 0xA5, 0x4D, 0x4D, 0xA2, 0x50, 0x70, 0xA8, 0x6F, 0x37, 0x01,
    0x1A, 0x3A, 0x5D, 0x41, 0x4B, 0x22, 0x2F, 0x19, 0x9A, 0x40, 0x6D, 0x47, 0x00, 0x03, 0x00, 0x43,
    0xFE, 0x9C, 0x04, 0x7B, 0x05, 0xB0, 0x00, 0x1F, 0x00, 0x34, 0x00, 0x3F, 0x00, 0x1F, 0x40, 0x0E,
    0x3A, 0x39, 0x3F, 0x2C, 0x0C, 0x0D, 0x02, 0x72, 0x21, 0x20, 0x20, 0x01, 0x01, 0x02, 0x00, 0x2F,
    0x33, 0x11, 0x33, 0x11, 0x33, 0x2B, 0x32, 0x2F, 0x33, 0x2F, 0x33, 0x30, 0x31, 0x01, 0x21, 0x27,
    0x33, 0x32, 0x36, 0x36, 0x35, 0x34, 0x26, 0x26, 0x23, 0x21, 0x27, 0x21, 0x32, 0x16, 0x16, 0x15,
    0x14, 0x0E, 0x03, 0x07, 0x0E, 0x02, 0x07, 0x0E, 0x02, 0x07, 0x37, 0x32, 0x16, 0x16, 0x15, 0x15,
    0x14, 0x16, 0x16, 0x17, 0x15, 0x21, 0x2E, 0x02, 0x35, 0x35, 0x34, 0x26, 0x26, 0x01, 0x15, 0x14,
    0x06, 0x07, 0x27, 0x3E, 0x02, 0x35, 0x35, 0x01, 0xC1, 0xFE, 0xC2, 0x02, 0xF5, 0x54, 0x6C, 0x36,
    0x35, 0x6B, 0x52, 0xFE, 0xCF, 0x06, 0x01, 0x37, 0xA5, 0xED, 0x80, 0x1E, 0x3A, 0x56, 0x70, 0x46,
    0x02, 0x07, 0x06, 0x03, 0x1A, 0x11, 0x10, 0x4D, 0x41, 0xAF, 0xC6, 0x52, 0x0C, 0x20, 0x1D, 0xFE,
    0xD7, 0x1E, 0x1C, 0x07, 0x35, 0x67, 0x02, 0xA2, 0x6E, 0x56, 0x95, 0x18, 0x30, 0x20, 0x02, 0x46,
    0xE1, 0x30, 0x5C, 0x42, 0x41, 0x62, 0x37, 0xE1, 0x65, 0xC0, 0x89, 0x38, 0x61, 0x51, 0x41, 0x32,
    0x12, 0x01, 0x18, 0x19, 0x01, 0x06, 0x0B, 0x08, 0x01, 0x90, 0x5F, 0xA8, 0x6D, 0x6A, 0x1D, 0x59,
    0x54, 0x18, 0x16, 0x1A, 0x65, 0x64, 0x17, 0x66, 0x49, 0x67, 0x36, 0xFE, 0xB0, 0xC1, 0x6F, 0xE2,
    0x48, 0x4D, 0x2E, 0x5C, 0x6E, 0x46, 0xCF, 0x00, 0x00, 0x03, 0x00, 0x6D, 0xFE, 0x8F, 0x04, 0x55,
    0x04, 0x3A, 0x00, 0x1E, 0x00, 0x33, 0x00, 0x3E, 0x00, 0x1E, 0x40, 0x0E, 0x38, 0x20, 0x1F, 0x1F,
    0x02, 0x01, 0x01, 0x3E, 0x2B, 0x0A, 0x0C, 0x0D, 0x06, 0x72, 0x00, 0x2B, 0x32, 0x3F, 0x33, 0x39,
    0x2F, 0x33, 0x33, 0x11, 0x33, 0x2F, 0x30, 0x31, 0x01, 0x21, 0x27, 0x33, 0x32, 0x36, 0x36, 0x35,
    0x34, 0x26, 0x26, 0x23, 0x21, 0x27, 0x21, 0x32, 0x1E, 0x02, 0x15, 0x14, 0x0E, 0x02, 0x07, 0x06,
    0x06, 0x23, 0x0E, 0x02, 0x23, 0x37, 0x32, 0x16, 0x16, 0x15, 0x15, 0x14, 0x16, 0x16, 0x17, 0x15,
    0x21, 0x2E, 0x02, 0x35, 0x35, 0x34, 0x26, 0x26, 0x05, 0x07, 0x14, 0x06, 0x07, 0x27, 0x3E, 0x02,
    0x35, 0x35, 0x01, 0xEA, 0xFE, 0xBA, 0x02, 0xFF, 0x3B, 0x4F, 0x28, 0x28, 0x4F, 0x3B, 0xFE, 0xD4,
    0x08, 0x01, 0x34, 0x6B, 0xAD, 0x7B, 0x42, 0x28, 0x4E, 0x73, 0x4B, 0x04, 0x08, 0x04, 0x17, 0x0A,
    0x0C, 0x5C, 0x4B, 0x99, 0xAE, 0x48, 0x05, 0x0F, 0x0F, 0xFE, 0xD6, 0x0C, 0x0B, 0x02, 0x2A, 0x53,
    0x02, 0x6F, 0x01, 0x6E, 0x55, 0x96, 0x19, 0x30, 0x20, 0x01, 0x86, 0xC4, 0x1F, 0x3C, 0x27, 0x28,
    0x40, 0x27, 0xDF, 0x30, 0x5A, 0x7F, 0x50, 0x38, 0x5C, 0x4B, 0x37, 0x12, 0x01, 0x1A, 0x04, 0x0C,
    0x08, 0x88, 0x4C, 0x84, 0x55, 0x4B, 0x0B, 0x3B, 0x3B, 0x0F, 0x0E, 0x0E, 0x43, 0x41, 0x0D, 0x49,
    0x34, 0x46, 0x24, 0x9C, 0xC1, 0x70, 0xE1, 0x49, 0x4E, 0x2D, 0x5D, 0x6D, 0x47, 0xCF, 0x00, 0x03,
    0x00, 0x40, 0xFF, 0xEB, 0x07, 0x87, 0x05, 0xB0, 0x00, 0x11, 0x00, 0x15, 0x00, 0x32, 0x00, 0x1D,
    0x40, 0x0E, 0x26, 0x26, 0x1E, 0x2F, 0x09, 0x72, 0x17, 0x14, 0x00, 0x15, 0x02, 0x72, 0x0B, 0x08,
    0x00, 0x2F, 0x33, 0x2B, 0x32, 0x32, 0x32, 0x2B, 0x32, 0x32, 0x2F, 0x30, 0x31, 0x01, 0x21, 0x03,
    0x0E, 0x04, 0x23, 0x23, 0x35, 0x37, 0x3E, 0x04, 0x37, 0x01, 0x15, 0x21, 0x35, 0x01, 0x11, 0x21,
    0x11, 0x14, 0x1E, 0x02, 0x33, 0x32, 0x3E, 0x02, 0x37, 0x36, 0x26, 0x27, 0x21, 0x16, 0x16, 0x07,
    0x0E, 0x03, 0x23, 0x22, 0x26, 0x26, 0x01, 0x6C, 0x01, 0x29, 0x23, 0x09, 0x2C, 0x4D, 0x6F, 0x95,
    0x61, 0x4B, 0x28, 0x31, 0x49, 0x35, 0x22, 0x15, 0x05, 0x02, 0xF0, 0xFD, 0x87, 0x02, 0x27, 0x01,
    0x2C, 0x10, 0x1D, 0x2C, 0x1A, 0x30, 0x49, 0x33, 0x1C, 0x01, 0x02, 0x21, 0x1E, 0x01, 0x26, 0x1A,
    0x2B, 0x02, 0x02, 0x52, 0x8A, 0xB4, 0x63, 0x7C, 0xBB, 0x68, 0x05, 0xB0, 0xFD, 0x25, 0xA4, 0xF2,
    0xA9, 0x67, 0x2F, 0xEA, 0x03, 0x05, 0x2A, 0x54, 0x83, 0xBE, 0x7F, 0x02, 0x80, 0xED, 0xED, 0xFB,
    0xC9, 0x04, 0x37, 0xFB, 0xC9, 0x24, 0x3B, 0x2B, 0x18, 0x2D, 0x52, 0x73, 0x48, 0x64, 0xCB, 0x64,
    0x61, 0xCB, 0x67, 0x8B, 0xCF, 0x88, 0x44, 0x50, 0xB0, 0x00, 0x00, 0x03, 0x00, 0x3E, 0xFF, 0xEB,
    0x06, 0x71, 0x04, 0x3A, 0x00, 0x11, 0x00, 0x15, 0x00, 0x33, 0x00, 0x1F, 0x40, 0x10, 0x27, 0x27,
    0x1E, 0x2F, 0x0B, 0x72, 0x17, 0x14, 0x00, 0x15, 0x06, 0x72, 0x0B, 0x08, 0x0A, 0x72, 0x00, 0x2B,
    0x32, 0x2B, 0x32, 0x32, 0x32, 0x2B, 0x32, 0x32, 0x2F, 0x30, 0x31, 0x01, 0x21, 0x03, 0x0E, 0x04,
    0x23, 0x23, 0x27, 0x37, 0x3E, 0x04, 0x37, 0x01, 0x15, 0x21, 0x35, 0x01, 0x11, 0x21, 0x11, 0x14,
    0x1E, 0x02, 0x33, 0x32, 0x3E, 0x02, 0x37, 0x36, 0x26, 0x27, 0x21, 0x16, 0x16, 0x07, 0x0E, 0x03,
    0x23, 0x22, 0x2E, 0x02, 0x01, 0x15, 0x01, 0x1B, 0x1D, 0x07, 0x25, 0x3F, 0x58, 0x71, 0x45, 0x59,
    0x03, 0x25, 0x20, 0x30, 0x23, 0x19, 0x0F, 0x03, 0x02, 0x5E, 0xFE, 0x17, 0x01, 0x8B, 0x01, 0x20,
    0x12, 0x24, 0x32, 0x20, 0x27, 0x3C, 0x2A, 0x17, 0x01, 0x02, 0x20, 0x1E, 0x01, 0x19, 0x1A, 0x2C,
    0x02, 0x02, 0x4B, 0x7D, 0xA2, 0x5A, 0x60, 0x9B, 0x71, 0x3C, 0x04, 0x3A, 0xFD, 0xDE, 0x75, 0xB2,
    0x7E, 0x4F, 0x24, 0xE3, 0x04, 0x03, 0x1F, 0x3B, 0x5B, 0x7C, 0x51, 0x01, 0xCE, 0xE5, 0xE5, 0xFD,
    0x3B, 0x02, 0xC5, 0xFD, 0x3B, 0x24, 0x3D, 0x2D, 0x18, 0x27, 0x49, 0x67, 0x41, 0x5F, 0xC0, 0x5E,
    0x5C, 0xC0, 0x61, 0x81, 0xBE, 0x7E, 0x3F, 0x2C, 0x5F, 0x96, 0x00, 0x03, 0x00, 0x82, 0xFF, 0xE9,
    0x07, 0x85, 0x05, 0xB0, 0x00, 0x03, 0x00, 0x07, 0x00, 0x23, 0x00, 0x20, 0x40, 0x11, 0x16, 0x16,
    0x0E, 0x1F, 0x09, 0x72, 0x08, 0x02, 0x72, 0x00, 0x03, 0x03, 0x06, 0x08, 0x04, 0x02, 0x72, 0x00,
    0x2B, 0x3F, 0x39, 0x2F, 0x33, 0x2B, 0x2B, 0x32, 0x32, 0x2F, 0x30, 0x31, 0x01, 0x21, 0x15, 0x21,
    0x03, 0x21, 0x11, 0x21, 0x01, 0x21, 0x11, 0x14, 0x16, 0x16, 0x33, 0x3E, 0x03, 0x37, 0x36, 0x26,
    0x27, 0x21, 0x16, 0x16, 0x07, 0x0E, 0x03, 0x23, 0x06, 0x26, 0x26, 0x27, 0x01, 0x55, 0x02, 0xF4,
    0xFD, 0x0C, 0xD3, 0x01, 0x2C, 0xFE, 0xD4, 0x03, 0x6E, 0x01, 0x2C, 0x1B, 0x34, 0x23, 0x30, 0x49,
    0x33, 0x1C, 0x02, 0x02, 0x22, 0x1E, 0x01, 0x26, 0x1A, 0x2B, 0x02, 0x02, 0x52, 0x8B, 0xB3, 0x63,
    0x7C, 0xB4, 0x67, 0x07, 0x03, 0x42, 0xEA, 0x03, 0x58, 0xFA, 0x50, 0x05, 0xB0, 0xFB, 0xC9, 0x2F,
    0x49, 0x2A, 0x01, 0x2C, 0x52, 0x73, 0x48, 0x64, 0xCB, 0x64, 0x61, 0xCB, 0x67, 0x8B, 0xCF, 0x88,
    0x44, 0x02, 0x51, 0xB1, 0x8E, 0x00, 0x00, 0x03, 0x00, 0x5C, 0xFF, 0xEA, 0x06, 0x5F, 0x04, 0x3A,
    0x00, 0x03, 0x00, 0x07, 0x00, 0x25, 0x00, 0x22, 0x40, 0x12, 0x19, 0x19, 0x10, 0x21, 0x0B, 0x72,
    0x09, 0x06, 0x72, 0x03, 0x02, 0x02, 0x05, 0x07, 0x06, 0x72, 0x05, 0x0A, 0x00, 0x3F, 0x2B, 0x12,
    0x39, 0x2F, 0x33, 0x2B, 0x2B, 0x32, 0x32, 0x2F, 0x30, 0x31, 0x01, 0x15, 0x21, 0x35, 0x13, 0x11,
    0x21, 0x11, 0x01, 0x11, 0x21, 0x11, 0x06, 0x1E, 0x02, 0x33, 0x3E, 0x03, 0x37, 0x36, 0x26, 0x27,
    0x21, 0x16, 0x16, 0x07, 0x0E, 0x03, 0x23, 0x06, 0x2E, 0x02, 0x03, 0x29, 0xFD, 0xFC, 0x58, 0xFE,
    0xDF, 0x02, 0x93, 0x01, 0x21, 0x01, 0x13, 0x23, 0x33, 0x1F, 0x27, 0x3D, 0x2A, 0x17, 0x01, 0x02,
    0x21, 0x1D, 0x01, 0x19, 0x1A, 0x2B, 0x02, 0x02, 0x49, 0x7F, 0xA2, 0x5A, 0x5F, 0x98, 0x6D, 0x3E,
    0x02, 0x91, 0xE3, 0xE3, 0x01, 0xA9, 0xFB, 0xC6, 0x04, 0x3A, 0xFD, 0x3B, 0x02, 0xC5, 0xFD, 0x3B,
    0x24, 0x3D, 0x2D, 0x18, 0x01, 0x27, 0x48, 0x67, 0x41, 0x5F, 0xC0, 0x5E, 0x5C, 0xC0, 0x61, 0x81,
    0xBE, 0x7E, 0x3F, 0x01, 0x2B, 0x60, 0x97, 0x00, 0x00, 0x01, 0x00, 0x47, 0xFF, 0xEB, 0x04, 0xD8,
    0x05, 0xC5, 0x00, 0x2B, 0x00, 0x15, 0x40, 0x0A, 0x12, 0x0B, 0x03, 0x72, 0x25, 0x25, 0x1D, 0x00,
    0x09, 0x72, 0x00, 0x2B, 0x32, 0x32, 0x2F, 0x2B, 0x32, 0x30, 0x31, 0x05, 0x22, 0x2E, 0x02, 0x35,
    0x11, 0x34, 0x3E, 0x02, 0x33, 0x32, 0x16, 0x17, 0x07, 0x26, 0x26, 0x23, 0x22, 0x0E, 0x02, 0x15,
    0x11, 0x14, 0x1E, 0x02, 0x33, 0x3E, 0x02, 0x37, 0x36, 0x26, 0x27, 0x21, 0x16, 0x16, 0x07, 0x0E,
    0x02, 0x02, 0xBD, 0x8D, 0xE8, 0xA7, 0x5A, 0x5A, 0xA7, 0xE8, 0x8D, 0x74, 0xAF, 0x43, 0x3D, 0x41,
    0x91, 0x57, 0x4D, 0x7B, 0x56, 0x2C, 0x2C, 0x56, 0x7B, 0x4D, 0x4C, 0x68, 0x37, 0x02, 0x02, 0x1D,
    0x17, 0x01, 0x24, 0x14, 0x28, 0x03, 0x02, 0x96, 0xF2, 0x15, 0x5D, 0xA7, 0xE1, 0x85, 0x01, 0x06,
    0x85, 0xE1, 0xA7, 0x5D, 0x2D, 0x2B, 0xD9, 0x21, 0x23, 0x3C, 0x68, 0x89, 0x4E, 0xFE, 0xF8, 0x4F,
    0x8A, 0x6A, 0x3B, 0x01, 0x37, 0x65, 0x45, 0x55, 0xAF, 0x55, 0x54, 0xAD, 0x58, 0x9C, 0xCD, 0x65,
    0x00, 0x01, 0x00, 0x47, 0xFF, 0xEB, 0x04, 0x09, 0x04, 0x4E, 0x00, 0x2B, 0x00, 0x15, 0x40, 0x0A,
    0x21, 0x1A, 0x07, 0x72, 0x07, 0x07, 0x00, 0x0F, 0x0B, 0x72, 0x00, 0x2B, 0x32, 0x32, 0x2F, 0x2B,
    0x32, 0x30, 0x31, 0x25, 0x3E, 0x02, 0x37, 0x34, 0x26, 0x27, 0x21, 0x16, 0x16, 0x07, 0x0E, 0x02,
    0x23, 0x22, 0x2E, 0x02, 0x35, 0x35, 0x34, 0x3E, 0x02, 0x33, 0x32, 0x16, 0x17, 0x07, 0x26, 0x26,
    0x23, 0x22, 0x0E, 0x02, 0x15, 0x15, 0x14, 0x1E, 0x02, 0x02, 0x64, 0x32, 0x38, 0x18, 0x01, 0x09,
    0x0A, 0x01, 0x19, 0x0B, 0x11, 0x01, 0x02, 0x6F, 0xBC, 0x77, 0x82, 0xCA, 0x8A, 0x47, 0x45, 0x85,
    0xC1, 0x7E, 0x60, 0x8D, 0x2C, 0x2D, 0x2E, 0x79, 0x45, 0x3E, 0x58, 0x38, 0x1A, 0x1C, 0x3C, 0x61,
    0xCF, 0x01, 0x1E, 0x36, 0x25, 0x31, 0x6D, 0x32, 0x32, 0x6B, 0x33, 0x77, 0x9B, 0x4C, 0x57, 0x97,
    0xC3, 0x6C, 0x2A, 0x6C, 0xC3, 0x96, 0x57, 0x23, 0x1F, 0xDC, 0x1C, 0x1E, 0x37, 0x5B, 0x6F, 0x37,
    0x2A, 0x38, 0x6F, 0x5B, 0x37, 0x00, 0x00, 0x02, 0x00, 0x1F, 0xFF, 0xE9, 0x05, 0x63, 0x05, 0xB0,
    0x00, 0x03, 0x00, 0x20, 0x00, 0x17, 0x40, 0x0B, 0x14, 0x14, 0x0C, 0x1D, 0x09, 0x72, 0x05, 0x02,
    0x03, 0x02, 0x72, 0x00, 0x2B, 0x32, 0x32, 0x2B, 0x32, 0x32, 0x2F, 0x30, 0x31, 0x01, 0x15, 0x21,
    0x35, 0x01, 0x11, 0x21, 0x11, 0x14, 0x1E, 0x02, 0x33, 0x3E, 0x03, 0x37, 0x36, 0x26, 0x27, 0x21,
    0x16, 0x16, 0x07, 0x0E, 0x03, 0x23, 0x06, 0x26, 0x26, 0x04, 0x9F, 0xFB, 0x80, 0x01, 0xAF, 0x01,
    0x2C, 0x0F, 0x1E, 0x2B, 0x1A, 0x30, 0x4A, 0x33, 0x1B, 0x02, 0x02, 0x22, 0x1D, 0x01, 0x25, 0x1B,
    0x2A, 0x02, 0x02, 0x51, 0x8C, 0xB2, 0x64, 0x7C, 0xB5, 0x65, 0x05, 0xB0, 0xED, 0xED, 0xFB, 0xC9,
    0x04, 0x37, 0xFB, 0xC9, 0x24, 0x3A, 0x2C, 0x18, 0x01, 0x2C, 0x52, 0x73, 0x48, 0x64, 0xCB, 0x64,
    0x61, 0xCB, 0x67, 0x8B, 0xCF, 0x88, 0x44, 0x02, 0x51, 0xB1, 0x00, 0x02, 0x00, 0x42, 0xFF, 0xEA,
    0x04, 0xDB, 0x04, 0x3A, 0x00, 0x03, 0x00, 0x20, 0x00, 0x17, 0x40, 0x0B, 0x13, 0x13, 0x0B, 0x1C,
    0x0B, 0x72, 0x05, 0x02, 0x03, 0x06, 0x72, 0x00, 0x2B, 0x32, 0x32, 0x2B, 0x32, 0x32, 0x2F, 0x30,
    0x31, 0x01, 0x15, 0x21, 0x35, 0x01, 0x11, 0x21, 0x11, 0x14, 0x16, 0x16, 0x33, 0x3E, 0x03, 0x37,
    0x36, 0x26, 0x27, 0x21, 0x16, 0x16, 0x07, 0x0E, 0x03, 0x23, 0x06, 0x2E, 0x02, 0x03, 0xCD, 0xFC,
    0x75, 0x01, 0x28, 0x01, 0x20, 0x20, 0x3E, 0x2A, 0x27, 0x3D, 0x2A, 0x18, 0x01, 0x02, 0x21, 0x1E,
    0x01, 0x19, 0x1A, 0x2C, 0x02, 0x02, 0x4A, 0x7E, 0xA3, 0x5A, 0x60, 0x97, 0x6D, 0x3E, 0x04, 0x3A,
    0xE2, 0xE2, 0xFD, 0x3B, 0x02, 0xC5, 0xFD, 0x3B, 0x30, 0x4C, 0x2A, 0x01, 0x1E, 0x38, 0x51, 0x33,
    0x47, 0x97, 0x47, 0x47, 0x94, 0x4A, 0x71, 0xA8, 0x6F, 0x37, 0x01, 0x2B, 0x60, 0x97, 0x00, 0x02,
    0x00, 0x68, 0xFF, 0xEB, 0x04, 0xF7, 0x05, 0xC5, 0x00, 0x20, 0x00, 0x3F, 0x00, 0x23, 0x40, 0x11,
    0x00, 0x22, 0x3F, 0x3F, 0x02, 0x02, 0x17, 0x35, 0x31, 0x2C, 0x03, 0x72, 0x11, 0x0D, 0x17, 0x09,
    0x72, 0x00, 0x2B, 0x32, 0xCC, 0x2B, 0xCC, 0x33, 0x12, 0x39, 0x2F, 0x33, 0x12, 0x39, 0x39, 0x30,
    0x31, 0x01, 0x33, 0x15, 0x23, 0x22, 0x0E, 0x02, 0x15, 0x14, 0x1E, 0x02, 0x33, 0x32, 0x36, 0x36,
    0x35, 0x21, 0x14, 0x0E, 0x02, 0x23, 0x22, 0x2E, 0x02, 0x35, 0x34, 0x3E, 0x02, 0x05, 0x23, 0x22,
    0x2E, 0x02, 0x35, 0x34, 0x3E, 0x02, 0x33, 0x32, 0x16, 0x16, 0x15, 0x21, 0x34, 0x26, 0x26, 0x23,
    0x22, 0x06, 0x06, 0x15, 0x14, 0x1E, 0x02, 0x33, 0x33, 0x02, 0x83, 0xF5, 0xC7, 0x46, 0x6B, 0x47,
    0x25, 0x28, 0x4D, 0x70, 0x48, 0x4F, 0x78, 0x44, 0x01, 0x2B, 0x62, 0xA4, 0xC9, 0x67, 0x83, 0xDC,
    0xA1, 0x59, 0x48, 0x8A, 0xC8, 0x01, 0x76, 0xF5, 0x75, 0xBE, 0x88, 0x4A, 0x52, 0x98, 0xD6, 0x83,
    0x93, 0xF9, 0x96, 0xFE, 0xD4, 0x42, 0x70, 0x44, 0x60, 0x7C, 0x3B, 0x1E, 0x3F, 0x64, 0x46, 0xC7,
    0x03, 0x11, 0x9C, 0x18, 0x35, 0x52, 0x3B, 0x2A, 0x48, 0x36, 0x1E, 0x33, 0x57, 0x35, 0x70, 0xA1,
    0x67, 0x31, 0x39, 0x6E, 0x9F, 0x66, 0x5B, 0x8D, 0x60, 0x32, 0x57, 0x39, 0x64, 0x84, 0x4B, 0x66,
    0x9A, 0x6A, 0x35, 0x64, 0xB9, 0x81, 0x38, 0x50, 0x2B, 0x33, 0x54, 0x32, 0x2E, 0x4A, 0x34, 0x1C,
    0xFF, 0xFF, 0x00, 0x29, 0xFE, 0x4B, 0x06, 0x3F, 0x05, 0xB0, 0x00, 0x26, 0x00, 0xDD, 0x00, 0x00,
    0x00, 0x07, 0x01, 0xFC, 0x04, 0x98, 0x00, 0x00, 0xFF, 0xFF, 0x00, 0x15, 0xFE, 0x4B, 0x05, 0x3B,
    0x04, 0x3A, 0x00, 0x26, 0x00, 0xF2, 0x00, 0x00, 0x00, 0x07, 0x01, 0xFC, 0x03, 0x94, 0x00, 0x00,
    0x00, 0x03, 0x00, 0x5E, 0xFF, 0xEB, 0x05, 0x19, 0x05, 0xC5, 0x00, 0x03, 0x00, 0x18, 0x00, 0x32,
    0x00, 0x28, 0x40, 0x14, 0x10, 0x27, 0x27, 0x0F, 0x00, 0x04, 0x0A, 0x25, 0x25, 0x0A, 0x1D, 0x30,
    0x09, 0x72, 0x14, 0x0A, 0x03, 0x72, 0x02, 0x08, 0x00, 0x3F, 0x2B, 0x32, 0x2B, 0x32, 0x11, 0x39,
    0x2F, 0x12, 0x39, 0x39, 0x33, 0x33, 0x11, 0x33, 0x30, 0x31, 0x01, 0x11, 0x21, 0x11, 0x05, 0x21,
    0x34, 0x3E, 0x02, 0x33, 0x32, 0x04, 0x17, 0x01, 0x23, 0x35, 0x01, 0x26, 0x26, 0x23, 0x22, 0x0E,
    0x02, 0x13, 0x37, 0x16, 0x16, 0x33, 0x32, 0x36, 0x36, 0x35, 0x34, 0x26, 0x26, 0x23, 0x23, 0x35,
    0x37, 0x32, 0x16, 0x16, 0x15, 0x14, 0x06, 0x06, 0x23, 0x22, 0x26, 0x01, 0x7E, 0xFE, 0xE0, 0x01,
    0x20, 0xFE, 0xE0, 0x3E, 0x7E, 0xBF, 0x80, 0xB7, 0x01, 0x2A, 0x90, 0xFE, 0x4D, 0xC1, 0x01, 0x0E,
    0x34, 0x80, 0x57, 0x35, 0x51, 0x38, 0x1D, 0x5D, 0x53, 0x21, 0x71, 0x46, 0x4C, 0x6D, 0x3A, 0x41,
    0x7E, 0x5C, 0x88, 0xB1, 0xA8, 0xED, 0x7D, 0x86, 0xE2, 0x8A, 0x6C, 0xA1, 0x03, 0xBF, 0xFC, 0x41,
    0x03, 0xBF, 0x02, 0x81, 0xC2, 0x83, 0x42, 0x87, 0x70, 0xFE, 0x05, 0x7B, 0x01, 0x38, 0x27, 0x36,
    0x23, 0x49, 0x6F, 0xFC, 0x1D, 0xD7, 0x0F, 0x21, 0x35, 0x5F, 0x41, 0x5B, 0x6E, 0x30, 0xB0, 0x0E,
    0x64, 0xC3, 0x8F, 0x91, 0xC3, 0x63, 0x21, 0x00, 0x00, 0x02, 0x00, 0x5A, 0x04, 0x70, 0x02, 0xC4,
    0x05, 0xD7, 0x00, 0x05, 0x00, 0x0F, 0x00, 0x12, 0xB6, 0x05, 0x05, 0x0D, 0x07, 0x02, 0x02, 0x07,
    0x00, 0x2F, 0x33, 0x2F, 0x10, 0xCD, 0x32, 0x2F, 0x30, 0x31, 0x01, 0x35, 0x13, 0x33, 0x15, 0x03,
    0x25, 0x35, 0x33, 0x15, 0x14, 0x16, 0x17, 0x07, 0x26, 0x26, 0x01, 0x85, 0x71, 0xCE, 0xE4, 0xFE,
    0x7A, 0xA8, 0x23, 0x2B, 0x52, 0x48, 0x5C, 0x04, 0x83, 0x18, 0x01, 0x3C, 0x15, 0xFE, 0xC1, 0xF6,
    0x5E, 0x58, 0x3E, 0x5D, 0x21, 0x53, 0x24, 0x89, 0xFF, 0xFF, 0x00, 0x73, 0x02, 0x00, 0x02, 0xA8,
    0x02, 0xE2, 0x00, 0x06, 0x00, 0x11, 0x00, 0x00, 0xFF, 0xFF, 0x00, 0x73, 0x02, 0x00, 0x02, 0xA8,
    0x02, 0xE2, 0x00, 0x06, 0x00, 0x11, 0x00, 0x00, 0x00, 0x01, 0x00, 0x97, 0x02, 0x5A, 0x04, 0xA5,
    0x03, 0x3D, 0x00, 0x03, 0x00, 0x08, 0xB1, 0x03, 0x02, 0x00, 0x2F, 0x33, 0x30, 0x31, 0x01, 0x15,
    0x21, 0x35, 0x04, 0xA5, 0xFB, 0xF2, 0x03, 0x3D, 0xE3, 0xE3, 0x00, 0x01, 0x00, 0x69, 0x02, 0x5A,
    0x05, 0xD0, 0x03, 0x3D, 0x00, 0x03, 0x00, 0x08, 0xB1, 0x03, 0x02, 0x00, 0x2F, 0x33, 0x30, 0x31,
    0x01, 0x15, 0x21, 0x35, 0x05, 0xD0, 0xFA, 0x99, 0x03, 0x3D, 0xE3, 0xE3, 0x00, 0x02, 0x00, 0x04,
    0xFE, 0x63, 0x03, 0x8F, 0x00, 0x00, 0x00, 0x03, 0x00, 0x07, 0x00, 0x0E, 0xB4, 0x02, 0x03, 0x80,
    0x06, 0x07, 0x00, 0x2F, 0x33, 0x1A, 0xCE, 0x32, 0x30, 0x31, 0x01, 0x15, 0x21, 0x35, 0x01, 0x15,
    0x21, 0x35, 0x03, 0x8F, 0xFC, 0x75, 0x03, 0x8B, 0xFC, 0x75, 0xFE, 0xFA, 0x97, 0x97, 0x01, 0x06,
    0x97, 0x97, 0x00, 0x01, 0x00, 0x68, 0x04, 0x1C, 0x01, 0xA3, 0x06, 0x22, 0x00, 0x0A, 0x00, 0x08,
    0xB1, 0x05, 0x00, 0x00, 0x2F, 0xCD, 0x30, 0x31, 0x13, 0x35, 0x34, 0x36, 0x36, 0x37, 0x17, 0x06,
    0x06, 0x15, 0x15, 0x68, 0x32, 0x52, 0x31, 0x86, 0x24, 0x34, 0x04, 0x1C, 0x95, 0x41, 0x8A, 0x7B,
    0x2B, 0x4E, 0x3C, 0x8A, 0x5D, 0x95, 0x00, 0x01, 0x00, 0x3C, 0x03, 0xF7, 0x01, 0x77, 0x06, 0x00,
    0x00, 0x0A, 0x00, 0x08, 0xB1, 0x05, 0x00, 0x00, 0x2F, 0xCD, 0x30, 0x31, 0x01, 0x15, 0x14, 0x06,
    0x06, 0x07, 0x27, 0x36, 0x36, 0x35, 0x35, 0x01, 0x77, 0x31, 0x52, 0x31, 0x87, 0x25, 0x34, 0x06,
    0x00, 0x98, 0x41, 0x8A, 0x7B, 0x2B, 0x4E, 0x3B, 0x8B, 0x5C, 0x99, 0x00, 0x00, 0x01, 0x00, 0x44,
    0xFE, 0xD3, 0x01, 0x80, 0x00, 0xE3, 0x00, 0x0A, 0x00, 0x08, 0xB1, 0x05, 0x00, 0x00, 0x2F, 0xCD,
    0x30, 0x31, 0x25, 0x07, 0x14, 0x06, 0x06, 0x07, 0x27, 0x36, 0x36, 0x35, 0x35, 0x01, 0x80, 0x02,
    0x31, 0x51, 0x32, 0x86, 0x25, 0x2C, 0xE3, 0xA0, 0x40, 0x8A, 0x7B, 0x2B, 0x4D, 0x3C, 0x8B, 0x5C,
    0xA0, 0x00, 0x00, 0x01, 0x00, 0x48, 0x03, 0xF7, 0x01, 0x83, 0x06, 0x00, 0x00, 0x0A, 0x00, 0x08,
    0xB1, 0x06, 0x00, 0x00, 0x2F, 0xCD, 0x30, 0x31, 0x13, 0x33, 0x15, 0x14, 0x16, 0x17, 0x07, 0x2E,
    0x02, 0x35, 0x48, 0xE3, 0x34, 0x24, 0x86, 0x31, 0x53, 0x31, 0x06, 0x00, 0x99, 0x5C, 0x8B, 0x3B,
    0x4E, 0x2B, 0x7B, 0x8A, 0x41, 0x00, 0xFF, 0xFF, 0x00, 0x70, 0x04, 0x1C, 0x02, 0xFD, 0x06, 0x22,
    0x00, 0x26, 0x01, 0x85, 0x07, 0x00, 0x00, 0x07, 0x01, 0x85, 0x01, 0x5B, 0x00, 0x00, 0xFF, 0xFF,
    0x00, 0x4A, 0x03, 0xF7, 0x02, 0xDC, 0x06, 0x00, 0x00, 0x26, 0x01, 0x86, 0x0D, 0x00, 0x00, 0x07,
    0x01, 0x86, 0x01, 0x66, 0x00, 0x00, 0x00, 0x02, 0x00, 0x44, 0xFE, 0xBF, 0x02, 0xD4, 0x01, 0x06,
    0x00, 0x0A, 0x00, 0x15, 0x00, 0x0C, 0xB3, 0x10, 0x05, 0x0B, 0x00, 0x00, 0x2F, 0x32, 0xCD, 0x32,
    0x30, 0x31, 0x01, 0x07, 0x14, 0x06, 0x06, 0x07, 0x27, 0x36, 0x36, 0x35, 0x35, 0x21, 0x07, 0x14,
    0x06, 0x06, 0x07, 0x27, 0x36, 0x36, 0x35, 0x35, 0x01, 0x80, 0x02, 0x2D, 0x4E, 0x31, 0x8E, 0x25,
    0x2C, 0x02, 0x3F, 0x01, 0x31, 0x52, 0x31, 0x8E, 0x25, 0x33, 0x01, 0x06, 0xC3, 0x44, 0x91, 0x82,
    0x2D, 0x4E, 0x40, 0x94, 0x62, 0xC3, 0xC3, 0x44, 0x91, 0x82, 0x2D, 0x4E, 0x40, 0x94, 0x62, 0xC3,
    0x00, 0x02, 0x00, 0x39, 0x00, 0x00, 0x04, 0x16, 0x05, 0xB0, 0x00, 0x03, 0x00, 0x07, 0x00, 0x15,
    0x40, 0x0A, 0x06, 0x07, 0x07, 0x02, 0x03, 0x02, 0x72, 0x02, 0x12, 0x72, 0x00, 0x2B, 0x2B, 0x11,
    0x39, 0x2F, 0x33, 0x30, 0x31, 0x01, 0x11, 0x21, 0x11, 0x01, 0x15, 0x21, 0x35, 0x02, 0xB5, 0xFE,
    0xE0, 0x02, 0x81, 0xFC, 0x23, 0x05, 0xB0, 0xFA, 0x50, 0x05, 0xB0, 0xFE, 0x8A, 0xE8, 0xE8, 0x00,
    0x00, 0x03, 0x00, 0x63, 0xFE, 0x60, 0x04, 0x40, 0x05, 0xB0, 0x00, 0x03, 0x00, 0x07, 0x00, 0x0B,
    0x00, 0x1D, 0x40, 0x0E, 0x0B, 0x0A, 0x06, 0x07, 0x07, 0x01, 0x03, 0x0A, 0x12, 0x72, 0x03, 0x02,
    0x72, 0x01, 0x00, 0x2F, 0x2B, 0x2B, 0x11, 0x12, 0x39, 0x2F, 0x33, 0x11, 0x33, 0x30, 0x31, 0x01,
    0x11, 0x21, 0x11, 0x01, 0x15, 0x21, 0x35, 0x01, 0x15, 0x21, 0x35, 0x02, 0xDE, 0xFE, 0xDF, 0x02,
    0x83, 0xFC, 0x23, 0x03, 0xDD, 0xFC, 0x23, 0x05, 0xB0, 0xF8, 0xB0, 0x07, 0x50, 0xFE, 0x8A, 0xE2,
    0xE2, 0xFC, 0xA7, 0xE1, 0xE1, 0x00, 0x00, 0x01, 0x00, 0x88, 0x01, 0xF7, 0x02, 0x63, 0x03, 0xE1,
    0x00, 0x0D, 0x00, 0x08, 0xB1, 0x04, 0x0B, 0x00, 0x2F, 0xCD, 0x30, 0x31, 0x13, 0x35, 0x34, 0x36,
    0x33, 0x32, 0x16, 0x15, 0x15, 0x14, 0x06, 0x23, 0x22, 0x26, 0x88, 0x80, 0x6C, 0x70, 0x7F, 0x7E,
    0x6F, 0x6D, 0x81, 0x02, 0xD8, 0x26, 0x64, 0x7F, 0x7F, 0x64, 0x26, 0x63, 0x7E, 0x7E, 0xFF, 0xFF,
    0x00, 0x86, 0xFF, 0xF5, 0x03, 0xA5, 0x01, 0x21, 0x00, 0x26, 0x00, 0x12, 0x09, 0x00, 0x00, 0x07,
    0x00, 0x12, 0x01, 0xE1, 0x00, 0x00, 0xFF, 0xFF, 0x00, 0x86, 0xFF, 0xF5, 0x05, 0x75, 0x01, 0x21,
    0x00, 0x26, 0x00, 0x12, 0x09, 0x00, 0x00, 0x27, 0x00, 0x12, 0x01, 0xE1, 0x00, 0x00, 0x00, 0x07,
    0x00, 0x12, 0x03, 0xB1, 0x00, 0x00, 0x00, 0x01, 0x00, 0x68, 0x01, 0xE1, 0x01, 0xAC, 0x03, 0x03,
    0x00, 0x0B, 0x00, 0x08, 0xB1, 0x03, 0x09, 0x00, 0x2F, 0xCD, 0x30, 0x31, 0x13, 0x34, 0x36, 0x33,
    0x32, 0x16, 0x15, 0x14, 0x06, 0x23, 0x22, 0x26, 0x68, 0x58, 0x4A, 0x49, 0x59, 0x59, 0x49, 0x4A,
    0x58, 0x02, 0x72, 0x3F, 0x52, 0x52, 0x3F, 0x3F, 0x52, 0x52, 0x00, 0x07, 0x00, 0x5A, 0xFF, 0xEC,
    0x07, 0x6E, 0x05, 0xC4, 0x00, 0x11, 0x00, 0x23, 0x00, 0x35, 0x00, 0x47, 0x00, 0x59, 0x00, 0x6B,
    0x00, 0x6F, 0x00, 0x29, 0x40, 0x13, 0x5F, 0x56, 0x56, 0x32, 0x68, 0x4D, 0x4D, 0x44, 0x29, 0x29,
    0x3B, 0x32, 0x0D, 0x17, 0x0E, 0x0E, 0x20, 0x05, 0x05, 0x00, 0x3F, 0x33, 0x33, 0x2F, 0x33, 0x3F,
    0x33, 0x33, 0x2F, 0x33, 0x33, 0x2F, 0x33, 0x11, 0x33, 0x2F, 0x33, 0x30, 0x31, 0x13, 0x35, 0x34,
    0x36, 0x36, 0x33, 0x32, 0x16, 0x16, 0x15, 0x15, 0x14, 0x06, 0x06, 0x23, 0x22, 0x26, 0x26, 0x37,
    0x15, 0x14, 0x16, 0x16, 0x33, 0x32, 0x36, 0x36, 0x35, 0x35, 0x34, 0x26, 0x26, 0x23, 0x22, 0x06,
    0x06, 0x01, 0x35, 0x34, 0x36, 0x36, 0x33, 0x32, 0x16, 0x16, 0x15, 0x15, 0x14, 0x06, 0x06, 0x23,
    0x22, 0x26, 0x26, 0x37, 0x15, 0x14, 0x16, 0x16, 0x33, 0x32, 0x36, 0x36, 0x35, 0x35, 0x34, 0x26,
    0x26, 0x23, 0x22, 0x06, 0x06, 0x05, 0x35, 0x34, 0x36, 0x36, 0x33, 0x32, 0x16, 0x16, 0x15, 0x15,
    0x14, 0x06, 0x06, 0x23, 0x22, 0x26, 0x26, 0x37, 0x15, 0x14, 0x16, 0x16, 0x33, 0x32, 0x36, 0x36,
    0x35, 0x35, 0x34, 0x26, 0x26, 0x23, 0x22, 0x06, 0x06, 0x01, 0x01, 0x27, 0x01, 0x5A, 0x49, 0x87,
    0x5C, 0x64, 0x8E, 0x4B, 0x4B, 0x8D, 0x63, 0x5D, 0x88, 0x49, 0xB1, 0x1B, 0x38, 0x2A, 0x2A, 0x37,
    0x1A, 0x1B, 0x37, 0x2B, 0x29, 0x37, 0x1B, 0x02, 0x23, 0x4C, 0x8E, 0x62, 0x5D, 0x81, 0x43, 0x43,
    0x80, 0x5C, 0x63, 0x8E, 0x4D, 0xC0, 0x1F, 0x39, 0x26, 0x30, 0x36, 0x15, 0x1C, 0x37, 0x2B, 0x29,
    0x37, 0x1B, 0x01, 0x23, 0x44, 0x82, 0x5B, 0x64, 0x8D, 0x4B, 0x4B, 0x8D, 0x62, 0x5C, 0x83, 0x44,
    0xA5, 0x1F, 0x38, 0x27, 0x30, 0x35, 0x16, 0x1C, 0x37, 0x2B, 0x29, 0x37, 0x1B, 0xFE, 0xE9, 0xFD,
    0x39, 0x8C, 0x02, 0xC7, 0x04, 0x4B, 0x4D, 0x52, 0x88, 0x52, 0x52, 0x88, 0x52, 0x4D, 0x51, 0x88,
    0x52, 0x52, 0x88, 0x9D, 0x4C, 0x23, 0x3F, 0x27, 0x27, 0x3F, 0x23, 0x4C, 0x25, 0x40, 0x26, 0x27,
    0x3F, 0xFC, 0x5B, 0x4E, 0x52, 0x88, 0x52, 0x52, 0x88, 0x52, 0x4E, 0x52, 0x87, 0x52, 0x52, 0x88,
    0x9F, 0x4D, 0x24, 0x40, 0x26, 0x26, 0x40, 0x24, 0x4D, 0x24, 0x3F, 0x27, 0x27, 0x3F, 0x72, 0x4E,
    0x52, 0x88, 0x52, 0x52, 0x88, 0x52, 0x4E, 0x51, 0x88, 0x52, 0x52, 0x87, 0xA0, 0x4D, 0x24, 0x40,
    0x26, 0x26, 0x40, 0x24, 0x4D, 0x24, 0x3F, 0x27, 0x27, 0x3F, 0x03, 0x57, 0xFB, 0x8E, 0x4A, 0x04,
    0x72, 0x00, 0x00, 0x02, 0x00, 0x6C, 0x00, 0x80, 0x02, 0x3D, 0x03, 0x9E, 0x00, 0x04, 0x00, 0x09,
    0x00, 0x12, 0x40, 0x09, 0x01, 0x05, 0x03, 0x09, 0x02, 0x08, 0x06, 0x06, 0x00, 0x00, 0x2F, 0x2F,
    0x17, 0x39, 0x30, 0x31, 0x01, 0x03, 0x27, 0x35, 0x01, 0x03, 0x13, 0x23, 0x01, 0x35, 0x02, 0x3D,
    0xF3, 0xDE, 0x01, 0x18, 0x3A, 0xF3, 0xB9, 0xFE, 0xE8, 0x03, 0x9E, 0xFE, 0x6D, 0x01, 0x0D, 0x01,
    0x85, 0xFE, 0x76, 0xFE, 0x6C, 0x01, 0x86, 0x0D, 0x00, 0x02, 0x00, 0x51, 0x00, 0x7F, 0x02, 0x23,
    0x03, 0x9D, 0x00, 0x04, 0x00, 0x09, 0x00, 0x0E, 0xB4, 0x02, 0x08, 0x08, 0x05, 0x00, 0x00, 0x2F,
    0x2F, 0x39, 0x2F, 0x33, 0x30, 0x31, 0x37, 0x13, 0x17, 0x15, 0x01, 0x03, 0x33, 0x01, 0x15, 0x07,
    0x51, 0xF3, 0xDF, 0xFE, 0xE8, 0xBA, 0xBA, 0x01, 0x18, 0xDF, 0x7F, 0x01, 0x94, 0x01, 0x0D, 0xFE,
    0x7A, 0x03, 0x1E, 0xFE, 0x7B, 0x0D, 0x01, 0x00, 0x00, 0x01, 0x00, 0x1E, 0x00, 0x6E, 0x03, 0x70,
    0x05, 0x2A, 0x00, 0x03, 0x00, 0x0E, 0xB3, 0x00, 0x03, 0x02, 0x01, 0x00, 0x7C, 0x2F, 0x33, 0x18,
    0x2F, 0x33, 0x30, 0x31, 0x01, 0x01, 0x27, 0x01, 0x03, 0x70, 0xFD, 0x39, 0x8B, 0x02, 0xC7, 0x04,
    0xE0, 0xFB, 0x8E, 0x4A, 0x04, 0x72, 0xFF, 0xFF, 0x00, 0x48, 0x02, 0x90, 0x02, 0xB2, 0x05, 0xBB,
    0x02, 0x07, 0x01, 0xDF, 0x00, 0x00, 0x02, 0x9B, 0xFF, 0xFF, 0x00, 0x36, 0x02, 0x9B, 0x02, 0xC1,
    0x05, 0xB0, 0x02, 0x07, 0x01, 0xE1, 0x00, 0x00, 0x02, 0x9B, 0xFF, 0xFF, 0x00, 0x46, 0x02, 0x90,
    0x02, 0xB1, 0x05, 0xB0, 0x02, 0x07, 0x01, 0xE2, 0x00, 0x00, 0x02, 0x9B, 0xFF, 0xFF, 0x00, 0x47,
    0x02, 0x90, 0x02, 0xC3, 0x05, 0xC0, 0x02, 0x07, 0x01, 0xE3, 0x00, 0x00, 0x02, 0x9B, 0xFF, 0xFF,
    0x00, 0x34, 0x02, 0x9B, 0x02, 0xB2, 0x05, 0xB0, 0x02, 0x07, 0x01, 0xE4, 0x00, 0x00, 0x02, 0x9B,
    0xFF, 0xFF, 0x00, 0x48, 0x02, 0x90, 0x02, 0xB3, 0x05, 0xBC, 0x02, 0x07, 0x01, 0xE5, 0x00, 0x00,
    0x02, 0x9B, 0xFF, 0xFF, 0x00, 0x44, 0x02, 0x8F, 0x02, 0xAE, 0x05, 0xBC, 0x02, 0x07, 0x01, 0xE6,
    0x00, 0x00, 0x02, 0x9B, 0x00, 0x02, 0x00, 0x50, 0x02, 0x8E, 0x02, 0xEB, 0x05, 0x52, 0x00, 0x03,
    0x00, 0x07, 0x00, 0x15, 0xB7, 0x06, 0x06, 0x02, 0x02, 0x03, 0x07, 0x07, 0x03, 0x00, 0x2F, 0x33,
    0x2F, 0x11, 0x33, 0x11, 0x33, 0x7D, 0x2F, 0x30, 0x31, 0x01, 0x15, 0x21, 0x35, 0x01, 0x11, 0x23,
    0x11, 0x02, 0xEB, 0xFD, 0x65, 0x01, 0xA9, 0xB7, 0x04, 0x45, 0xAA, 0xAA, 0x01, 0x0D, 0xFD, 0x3C,
    0x02, 0xC4, 0x00, 0x01, 0x00, 0x50, 0x03, 0x9C, 0x02, 0x9F, 0x04, 0x46, 0x00, 0x03, 0x00, 0x08,
    0xB1, 0x03, 0x02, 0x00, 0x2F, 0x33, 0x30, 0x31, 0x01, 0x15, 0x21, 0x35, 0x02, 0x9F, 0xFD, 0xB1,
    0x04, 0x46, 0xAA, 0xAA, 0x00, 0x02, 0x00, 0x50, 0x03, 0x08, 0x02, 0x9F, 0x04, 0xD7, 0x00, 0x03,
    0x00, 0x07, 0x00, 0x0C, 0xB3, 0x02, 0x03, 0x07, 0x06, 0x00, 0x2F, 0x33, 0xCE, 0x32, 0x30, 0x31,
    0x01, 0x15, 0x21, 0x35, 0x01, 0x15, 0x21, 0x35, 0x02, 0x9F, 0xFD, 0xB1, 0x02, 0x4F, 0xFD, 0xB1,
    0x03, 0xB2, 0xAA, 0xAA, 0x01, 0x25, 0xAA, 0xAA, 0x00, 0x01, 0x00, 0x51, 0x01, 0x7B, 0x01, 0xC2,
    0x06, 0x1D, 0x00, 0x15, 0x00, 0x0C, 0xB3, 0x10, 0x11, 0x06, 0x05, 0x00, 0x2F, 0x33, 0x2F, 0x33,
    0x30, 0x31, 0x13, 0x35, 0x34, 0x36, 0x36, 0x37, 0x17, 0x0E, 0x02, 0x15, 0x15, 0x14, 0x1E, 0x02,
    0x17, 0x07, 0x2E, 0x03, 0x51, 0x58, 0x83, 0x41, 0x55, 0x26, 0x46, 0x2B, 0x1A, 0x2C, 0x35, 0x1C,
    0x55, 0x31, 0x64, 0x53, 0x34, 0x03, 0xC4, 0x10, 0xA1, 0xF1, 0x9A, 0x1D, 0x81, 0x28, 0x72, 0xAC,
    0x81, 0x12, 0x63, 0x92, 0x6B, 0x4D, 0x1C, 0x7F, 0x16, 0x62, 0x94, 0xC5, 0x00, 0x01, 0x00, 0x50,
    0x01, 0x7B, 0x01, 0xC0, 0x06, 0x1D, 0x00, 0x15, 0x00, 0x0C, 0xB3, 0x10, 0x11, 0x06, 0x05, 0x00,
    0x2F, 0x33, 0x2F, 0x33, 0x30, 0x31, 0x01, 0x15, 0x14, 0x06, 0x06, 0x07, 0x27, 0x3E, 0x02, 0x35,
    0x35, 0x34, 0x2E, 0x02, 0x27, 0x37, 0x1E, 0x03, 0x01, 0xC0, 0x57, 0x83, 0x42, 0x54, 0x25, 0x45,
    0x2D, 0x19, 0x2B, 0x36, 0x1D, 0x54, 0x31, 0x64, 0x54, 0x33, 0x03, 0xD4, 0x10, 0xA0, 0xF2, 0x99,
    0x1E, 0x7F, 0x26, 0x70, 0xB0, 0x83, 0x12, 0x60, 0x91, 0x69, 0x4F, 0x1E, 0x81, 0x16, 0x62, 0x94,
    0xC5, 0x00, 0x00, 0x02, 0x00, 0x56, 0x02, 0x8E, 0x03, 0x05, 0x05, 0xBA, 0x00, 0x04, 0x00, 0x19,
    0x00, 0x13, 0xB7, 0x16, 0x0B, 0x04, 0x04, 0x0B, 0x02, 0x11, 0x02, 0x00, 0x2F, 0x33, 0x3F, 0x33,
    0x2F, 0x11, 0x33, 0x30, 0x31, 0x01, 0x11, 0x23, 0x11, 0x33, 0x13, 0x07, 0x34, 0x3E, 0x02, 0x33,
    0x32, 0x16, 0x16, 0x15, 0x11, 0x23, 0x11, 0x34, 0x26, 0x26, 0x23, 0x22, 0x06, 0x06, 0x01, 0x28,
    0xD2, 0xA6, 0x14, 0x2E, 0x25, 0x49, 0x69, 0x43, 0x54, 0x76, 0x3F, 0xD1, 0x1F, 0x3A, 0x2A, 0x3A,
    0x47, 0x20, 0x05, 0x03, 0xFD, 0x8B, 0x03, 0x20, 0xFE, 0x88, 0x01, 0x54, 0x8E, 0x69, 0x3A, 0x3F,
    0x88, 0x6C, 0xFE, 0x07, 0x01, 0xBB, 0x47, 0x54, 0x24, 0x38, 0x5E, 0x00, 0xFF, 0xFF, 0x00, 0x48,
    0xFE, 0x8A, 0x02, 0xB2, 0x01, 0xB5, 0x02, 0x07, 0x01, 0xDF, 0x00, 0x00, 0xFE, 0x95, 0xFF, 0xFF,
    0x00, 0x89, 0xFE, 0x96, 0x02, 0x10, 0x01, 0xA9, 0x02, 0x07, 0x01, 0xDE, 0x00, 0x00, 0xFE, 0x96,
    0xFF, 0xFF, 0x00, 0x39, 0xFE, 0x96, 0x02, 0xB4, 0x01, 0xB6, 0x02, 0x07, 0x01, 0xDD, 0x00, 0x00,
    0xFE, 0x96, 0xFF, 0xFF, 0x00, 0x31, 0xFE, 0x8B, 0x02, 0xB5, 0x01, 0xB6, 0x02, 0x07, 0x01, 0xE0,
    0x00, 0x00, 0xFE, 0x96, 0xFF, 0xFF, 0x00, 0x36, 0xFE, 0x96, 0x02, 0xC1, 0x01, 0xAB, 0x02, 0x07,
    0x01, 0xE1, 0x00, 0x00, 0xFE, 0x96, 0xFF, 0xFF, 0x00, 0x46, 0xFE, 0x8B, 0x02, 0xB1, 0x01, 0xAB,
    0x02, 0x07, 0x01, 0xE2, 0x00, 0x00, 0xFE, 0x96, 0xFF, 0xFF, 0x00, 0x47, 0xFE, 0x8B, 0x02, 0xC3,
    0x01, 0xBB, 0x02, 0x07, 0x01, 0xE3, 0x00, 0x00, 0xFE, 0x96, 0xFF, 0xFF, 0x00, 0x34, 0xFE, 0x96,
    0x02, 0xB2, 0x01, 0xAB, 0x02, 0x07, 0x01, 0xE4, 0x00, 0x00, 0xFE, 0x96, 0xFF, 0xFF, 0x00, 0x48,
    0xFE, 0x8B, 0x02, 0xB3, 0x01, 0xB6, 0x02, 0x07, 0x01, 0xE5, 0x00, 0x00, 0xFE, 0x96, 0xFF, 0xFF,
    0x00, 0x44, 0xFE, 0x8A, 0x02, 0xAE, 0x01, 0xB6, 0x02, 0x07, 0x01, 0xE6, 0x00, 0x00, 0xFE, 0x96,
    0xFF, 0xFF, 0x00, 0x50, 0xFE, 0xA7, 0x02, 0xEB, 0x01, 0x6B, 0x02, 0x07, 0x01, 0x9D, 0x00, 0x00,
    0xFC, 0x19, 0xFF, 0xFF, 0x00, 0x50, 0xFF, 0xB5, 0x02, 0x9F, 0x00, 0x5F, 0x02, 0x07, 0x01, 0x9E,
    0x00, 0x00, 0xFC, 0x19, 0xFF, 0xFF, 0x00, 0x50, 0xFF, 0x21, 0x02, 0x9F, 0x00, 0xF0, 0x02, 0x07,
    0x01, 0x9F, 0x00, 0x00, 0xFC, 0x19, 0x00, 0x01, 0x00, 0x51, 0xFD, 0xEC, 0x01, 0xC2, 0x02, 0x4A,
    0x00, 0x14, 0x00, 0x08, 0xB1, 0x05, 0x10, 0x00, 0x2F, 0x2F, 0x30, 0x31, 0x37, 0x35, 0x34, 0x36,
    0x36, 0x37, 0x17, 0x0E, 0x02, 0x15, 0x15, 0x14, 0x16, 0x16, 0x17, 0x07, 0x2E, 0x03, 0x51, 0x58,
    0x83, 0x41, 0x55, 0x26, 0x46, 0x2B, 0x2D, 0x46, 0x24, 0x55, 0x31, 0x64, 0x53, 0x34, 0x0F, 0x10,
    0x99, 0xE4, 0x92, 0x1C, 0x81, 0x25, 0x6B, 0xA1, 0x78, 0x12, 0x78, 0xA1, 0x67, 0x23, 0x7F, 0x14,
    0x5C, 0x8A, 0xB8, 0x00, 0x00, 0x01, 0x00, 0x50, 0xFD, 0xEC, 0x01, 0xC0, 0x02, 0x4A, 0x00, 0x14,
    0x00, 0x08, 0xB1, 0x10, 0x05, 0x00, 0x2F, 0x2F, 0x30, 0x31, 0x25, 0x15, 0x14, 0x06, 0x06, 0x07,
    0x27, 0x3E, 0x02, 0x35, 0x35, 0x34, 0x26, 0x26, 0x27, 0x37, 0x1E, 0x03, 0x01, 0xC0, 0x57, 0x83,
    0x42, 0x54, 0x25, 0x45, 0x2D, 0x2C, 0x44, 0x27, 0x54, 0x32, 0x63, 0x54, 0x33, 0x2A, 0x11, 0x98,
    0xE7, 0x92, 0x1C, 0x80, 0x23, 0x69, 0xA5, 0x7B, 0x13, 0x75, 0x9D, 0x68, 0x24, 0x81, 0x15, 0x5A,
    0x8A, 0xB7, 0x00, 0x04, 0x00, 0x66, 0x00, 0x00, 0x04, 0x89, 0x05, 0xC3, 0x00, 0x03, 0x00, 0x1E,
    0x00, 0x22, 0x00, 0x26, 0x00, 0x22, 0x40, 0x10, 0x22, 0x21, 0x25, 0x26, 0x26, 0x01, 0x1B, 0x17,
    0x12, 0x05, 0x72, 0x09, 0x02, 0x02, 0x01, 0x0C, 0x00, 0x3F, 0x33, 0x11, 0x33, 0x2B, 0xCC, 0x33,
    0x12, 0x39, 0x2F, 0x33, 0xCE, 0x32, 0x30, 0x31, 0x21, 0x21, 0x35, 0x21, 0x01, 0x13, 0x16, 0x06,
    0x07, 0x27, 0x3E, 0x02, 0x35, 0x03, 0x34, 0x36, 0x36, 0x33, 0x32, 0x16, 0x16, 0x15, 0x21, 0x34,
    0x26, 0x26, 0x23, 0x22, 0x06, 0x06, 0x05, 0x15, 0x21, 0x35, 0x01, 0x15, 0x21, 0x35, 0x04, 0x89,
    0xFB, 0xDD, 0x04, 0x22, 0xFD, 0x9B, 0x19, 0x01, 0x54, 0x66, 0xBD, 0x1F, 0x1F, 0x08, 0x13, 0x71,
    0xCB, 0x87, 0x92, 0xCB, 0x69, 0xFE, 0xE3, 0x2E, 0x4D, 0x2E, 0x2C, 0x45, 0x28, 0x01, 0x26, 0xFD,
    0x1E, 0x02, 0xE2, 0xFD, 0x1E, 0xEA, 0x03, 0x25, 0xFD, 0xA3, 0x63, 0x8D, 0x2D, 0x55, 0x08, 0x39,
    0x50, 0x27, 0x02, 0x6D, 0x8A, 0xC3, 0x67, 0x68, 0xBA, 0x7C, 0x43, 0x4F, 0x23, 0x2E, 0x5A, 0xD6,
    0x9B, 0x9B, 0xFE, 0xF4, 0x9B, 0x9B, 0x00, 0x03, 0x00, 0x26, 0x00, 0x00, 0x06, 0x5C, 0x05, 0xB0,
    0x00, 0x03, 0x00, 0x07, 0x00, 0x11, 0x00, 0x22, 0x40, 0x10, 0x03, 0x02, 0x06, 0x0B, 0x0E, 0x10,
    0x07, 0x07, 0x0D, 0x11, 0x0E, 0x04, 0x72, 0x0A, 0x0D, 0x0C, 0x00, 0x3F, 0x33, 0x2B, 0x32, 0x12,
    0x39, 0x2F, 0x39, 0x12, 0x39, 0x33, 0xCE, 0x32, 0x30, 0x31, 0x01, 0x15, 0x21, 0x35, 0x01, 0x15,
    0x21, 0x35, 0x01, 0x11, 0x21, 0x01, 0x11, 0x21, 0x11, 0x21, 0x01, 0x11, 0x06, 0x5C, 0xF9, 0xCA,
    0x06, 0x36, 0xF9, 0xCA, 0x05, 0x69, 0xFE, 0xD6, 0xFD, 0xB6, 0xFE, 0xD4, 0x01, 0x2C, 0x02, 0x4A,
    0x03, 0xD7, 0x9D, 0x9D, 0xFE, 0xC0, 0x9E, 0x9E, 0x03, 0x19, 0xFA, 0x50, 0x03, 0xD0, 0xFC, 0x30,
    0x05, 0xB0, 0xFC, 0x2F, 0x03, 0xD1, 0x00, 0x03, 0x00, 0x8E, 0xFF, 0xEC, 0x06, 0x75, 0x05, 0xB0,
    0x00, 0x17, 0x00, 0x1B, 0x00, 0x2D, 0x00, 0x23, 0x40, 0x12, 0x22, 0x29, 0x0D, 0x1C, 0x19, 0x18,
    0x06, 0x72, 0x02, 0x01, 0x01, 0x0E, 0x0C, 0x0F, 0x04, 0x72, 0x0E, 0x0C, 0x00, 0x3F, 0x2B, 0x32,
    0x12, 0x39, 0x2F, 0x33, 0x2B, 0x32, 0xCC, 0x3F, 0x33, 0x30, 0x31, 0x01, 0x23, 0x35, 0x33, 0x32,
    0x36, 0x36, 0x35, 0x34, 0x26, 0x26, 0x23, 0x23, 0x11, 0x21, 0x11, 0x21, 0x32, 0x16, 0x16, 0x15,
    0x14, 0x06, 0x06, 0x01, 0x15, 0x21, 0x35, 0x13, 0x21, 0x11, 0x14, 0x16, 0x16, 0x33, 0x32, 0x36,
    0x37, 0x15, 0x06, 0x06, 0x23, 0x22, 0x26, 0x26, 0x35, 0x02, 0x24, 0xCD, 0xCD, 0x56, 0x63, 0x2B,
    0x2B, 0x63, 0x56, 0x66, 0xFE, 0xD0, 0x01, 0x96, 0xB0, 0xED, 0x78, 0x78, 0xED, 0x03, 0x95, 0xFD,
    0x89, 0x9D, 0x01, 0x20, 0x19, 0x32, 0x26, 0x1B, 0x2A, 0x10, 0x24, 0x56, 0x35, 0x5F, 0x8C, 0x4C,
    0x02, 0x08, 0xF2, 0x43, 0x6A, 0x3A, 0x39, 0x65, 0x3F, 0xFB, 0x42, 0x05, 0xB0, 0x78, 0xD1, 0x84,
    0x88, 0xD7, 0x7C, 0x02, 0x32, 0xCC, 0xCC, 0x01, 0x0B, 0xFC, 0x01, 0x2F, 0x32, 0x13, 0x05, 0x03,
    0xD4, 0x0C, 0x0E, 0x3F, 0x8C, 0x72, 0xFF, 0xFF, 0x00, 0x82, 0xFF, 0xEC, 0x08, 0x64, 0x05, 0xB0,
    0x00, 0x26, 0x00, 0x36, 0x00, 0x00, 0x00, 0x07, 0x00, 0x57, 0x04, 0x93, 0x00, 0x00, 0x00, 0x06,
    0x00, 0x26, 0x00, 0x00, 0x06, 0x59, 0x05, 0xB0, 0x00, 0x03, 0x00, 0x07, 0x00, 0x0D, 0x00, 0x12,
    0x00, 0x17, 0x00, 0x1D, 0x00, 0x2A, 0x40, 0x14, 0x1D, 0x15, 0x0A, 0x0A, 0x12, 0x06, 0x07, 0x03,
    0x02, 0x02, 0x11, 0x12, 0x04, 0x72, 0x13, 0x1B, 0x1B, 0x08, 0x11, 0x0C, 0x00, 0x3F, 0x33, 0x33,
    0x11, 0x33, 0x2B, 0x12, 0x39, 0x2F, 0x33, 0xCE, 0x32, 0x11, 0x33, 0x11, 0x33, 0x33, 0x30, 0x31,
    0x01, 0x15, 0x21, 0x35, 0x01, 0x15, 0x21, 0x35, 0x01, 0x27, 0x13, 0x33, 0x17, 0x03, 0x01, 0x13,
    0x07, 0x23, 0x01, 0x01, 0x35, 0x13, 0x21, 0x01, 0x01, 0x13, 0x07, 0x23, 0x03, 0x37, 0x06, 0x59,
    0xF9, 0xCD, 0x06, 0x33, 0xF9, 0xCD, 0x01, 0xF0, 0x0E, 0xB3, 0xA0, 0x29, 0xC3, 0xFE, 0xDF, 0xB0,
    0x01, 0xBF, 0xFE, 0xE6, 0x03, 0xB5, 0xAD, 0x01, 0x2A, 0xFE, 0xE6, 0xFE, 0xD5, 0xB7, 0x10, 0xAD,
    0xC5, 0x2D, 0x04, 0x79, 0x9D, 0x9D, 0xFE, 0xD9, 0x9D, 0x9D, 0xFC, 0xAE, 0xF2, 0x04, 0xBE, 0xE5,
    0xFB, 0x35, 0x05, 0xB0, 0xFB, 0x3C, 0xEC, 0x05, 0xB0, 0xFA, 0x50, 0xF1, 0x04, 0xBF, 0xFA, 0x50,
    0x05, 0xB0, 0xFB, 0x3D, 0xED, 0x04, 0xCE, 0xE2, 0x00, 0x02, 0x00, 0x70, 0x00, 0x00, 0x06, 0x8B,
    0x04, 0x3A, 0x00, 0x11, 0x00, 0x22, 0x00, 0x20, 0x40, 0x0F, 0x16, 0x13, 0x13, 0x11, 0x14, 0x08,
    0x14, 0x08, 0x11, 0x0A, 0x1C, 0x0F, 0x00, 0x06, 0x72, 0x00, 0x2B, 0x32, 0x32, 0x3F, 0x39, 0x39,
    0x2F, 0x2F, 0x11, 0x33, 0x11, 0x33, 0x30, 0x31, 0x13, 0x21, 0x32, 0x1E, 0x02, 0x15, 0x11, 0x21,
    0x11, 0x34, 0x2E, 0x02, 0x23, 0x21, 0x11, 0x29, 0x02, 0x11, 0x21, 0x11, 0x21, 0x32, 0x36, 0x36,
    0x35, 0x11, 0x21, 0x11, 0x14, 0x0E, 0x02, 0x70, 0x02, 0xEE, 0x6A, 0x92, 0x59, 0x28, 0xFE, 0xDF,
    0x1A, 0x31, 0x45, 0x2A, 0xFE, 0x90, 0xFE, 0xE0, 0x03, 0xD9, 0xFD, 0xD6, 0x01, 0x21, 0x01, 0x70,
    0x38, 0x54, 0x2E, 0x01, 0x21, 0x64, 0xA7, 0xCD, 0x04, 0x3A, 0x30, 0x65, 0x9B, 0x6A, 0xFE, 0xCB,
    0x01, 0x36, 0x3A, 0x49, 0x27, 0x0E, 0xFC, 0xA7, 0x02, 0xD0, 0xFE, 0x11, 0x1A, 0x50, 0x4E, 0x02,
    0xA1, 0xFD, 0x60, 0x6A, 0x9B, 0x65, 0x30, 0x00, 0x00, 0x03, 0x00, 0x59, 0xFF, 0xED, 0x04, 0x45,
    0x05, 0xC3, 0x00, 0x23, 0x00, 0x27, 0x00, 0x2B, 0x00, 0x1D, 0x40, 0x0E, 0x2A, 0x2B, 0x27, 0x26,
    0x26, 0x07, 0x19, 0x12, 0x05, 0x72, 0x00, 0x07, 0x0D, 0x72, 0x00, 0x2B, 0x32, 0x2B, 0x32, 0x12,
    0x39, 0x2F, 0x33, 0xCE, 0x32, 0x30, 0x31, 0x25, 0x32, 0x36, 0x37, 0x17, 0x06, 0x06, 0x23, 0x22,
    0x2E, 0x02, 0x35, 0x11, 0x34, 0x3E, 0x02, 0x33, 0x32, 0x16, 0x17, 0x07, 0x26, 0x26, 0x23, 0x22,
    0x0E, 0x02, 0x15, 0x11, 0x14, 0x1E, 0x02, 0x13, 0x15, 0x21, 0x35, 0x01, 0x15, 0x21, 0x35, 0x03,
    0x65, 0x32, 0x5F, 0x2B, 0x24, 0x3B, 0x82, 0x43, 0x7E, 0xD4, 0x9B, 0x56, 0x57, 0xA0, 0xDC, 0x86,
    0x3B, 0x75, 0x3A, 0x24, 0x27, 0x61, 0x2F, 0x4A, 0x76, 0x51, 0x2A, 0x2C, 0x52, 0x72, 0x5E, 0xFC,
    0xDC, 0x03, 0x24, 0xFC, 0xDC, 0xD5, 0x10, 0x10, 0xEA, 0x0E, 0x10, 0x46, 0x8D, 0xD1, 0x8C, 0x01,
    0x59, 0x92, 0xDC, 0x94, 0x4B, 0x11, 0x0E, 0xEB, 0x0F, 0x12, 0x29, 0x55, 0x86, 0x5E, 0xFE, 0xA5,
    0x5C, 0x7F, 0x4B, 0x22, 0x02, 0xD9, 0x94, 0x94, 0xFE, 0xED, 0x94, 0x94, 0x00, 0x03, 0x00, 0x26,
    0x00, 0x00, 0x05, 0xD2, 0x05, 0xB0, 0x00, 0x03, 0x00, 0x07, 0x00, 0x1F, 0x00, 0x29, 0x40, 0x13,
    0x06, 0x07, 0x03, 0x02, 0x02, 0x14, 0x0A, 0x14, 0x17, 0x09, 0x0A, 0x0A, 0x16, 0x17, 0x04, 0x72,
    0x16, 0x0C, 0x72, 0x00, 0x2B, 0x2B, 0x12, 0x39, 0x7D, 0x2F, 0x33, 0x11, 0x33, 0x11, 0x12, 0x39,
    0x18, 0x2F, 0x33, 0xCE, 0x32, 0x30, 0x31, 0x01, 0x15, 0x21, 0x35, 0x05, 0x15, 0x21, 0x35, 0x01,
    0x21, 0x35, 0x21, 0x32, 0x36, 0x36, 0x35, 0x34, 0x26, 0x26, 0x23, 0x21, 0x11, 0x21, 0x11, 0x21,
    0x32, 0x16, 0x16, 0x15, 0x14, 0x06, 0x06, 0x05, 0xD2, 0xFA, 0x54, 0x05, 0xAC, 0xFA, 0x54, 0x02,
    0xDF, 0xFE, 0x8E, 0x01, 0x72, 0x57, 0x6B, 0x32, 0x32, 0x6B, 0x57, 0xFE, 0xF5, 0xFE, 0xD4, 0x02,
    0x37, 0xAC, 0xF4, 0x83, 0x83, 0xF4, 0x04, 0x93, 0x9D, 0x9D, 0xE1, 0x9E, 0x9E, 0xFE, 0x55, 0xEA,
    0x39, 0x66, 0x40, 0x41, 0x70, 0x44, 0xFB, 0x3B, 0x05, 0xB0, 0x7B, 0xD8, 0x8B, 0x8D, 0xCE, 0x70,
    0x00, 0x03, 0x00, 0x29, 0x00, 0x00, 0x04, 0x0D, 0x05, 0xB0, 0x00, 0x03, 0x00, 0x1C, 0x00, 0x20,
    0x00, 0x2D, 0x40, 0x15, 0x1F, 0x20, 0x20, 0x11, 0x03, 0x02, 0x05, 0x06, 0x06, 0x1A, 0x02, 0x1A,
    0x02, 0x1A, 0x04, 0x10, 0x11, 0x04, 0x72, 0x04, 0x0C, 0x00, 0x3F, 0x2B, 0x32, 0x12, 0x39, 0x39,
    0x7D, 0x2F, 0x2F, 0x11, 0x33, 0x11, 0x33, 0x11, 0x33, 0x11, 0x33, 0x11, 0x33, 0x30, 0x31, 0x01,
    0x07, 0x21, 0x37, 0x01, 0x01, 0x27, 0x33, 0x32, 0x36, 0x36, 0x35, 0x34, 0x26, 0x26, 0x23, 0x21,
    0x37, 0x33, 0x32, 0x16, 0x16, 0x15, 0x14, 0x06, 0x06, 0x07, 0x01, 0x15, 0x13, 0x07, 0x21, 0x37,
    0x04, 0x0B, 0x33, 0xFC, 0x51, 0x34, 0x01, 0xCB, 0xFE, 0x1E, 0x01, 0xEB, 0x52, 0x6A, 0x34, 0x30,
    0x6A, 0x58, 0xFE, 0xFC, 0x3B, 0xC9, 0xB4, 0xF0, 0x78, 0x50, 0xAE, 0x8E, 0x01, 0xB2, 0x9D, 0x34,
    0xFC, 0xF3, 0x34, 0x04, 0x43, 0xC2, 0xC2, 0xFB, 0xBD, 0x02, 0x3B, 0xAB, 0x40, 0x6D, 0x43, 0x46,
    0x6C, 0x3D, 0xEB, 0x6C, 0xCB, 0x90, 0x7E, 0xBE, 0x7B, 0x19, 0xFD, 0xF5, 0x0E, 0x05, 0xB0, 0xC1,
    0xC1, 0x00, 0x00, 0x04, 0x00, 0x26, 0xFF, 0xEC, 0x04, 0x70, 0x05, 0xB0, 0x00, 0x03, 0x00, 0x14,
    0x00, 0x18, 0x00, 0x1C, 0x00, 0x15, 0x40, 0x09, 0x04, 0x04, 0x03, 0x0F, 0x01, 0x0B, 0x0D, 0x03,
    0x04, 0x00, 0x3F, 0x3F, 0x33, 0x33, 0x12, 0x39, 0x2F, 0x30, 0x31, 0x01, 0x11, 0x21, 0x11, 0x01,
    0x21, 0x15, 0x14, 0x02, 0x06, 0x06, 0x23, 0x22, 0x26, 0x27, 0x25, 0x32, 0x3E, 0x02, 0x35, 0x03,
    0x15, 0x05, 0x35, 0x05, 0x15, 0x05, 0x35, 0x02, 0x07, 0xFE, 0xD5, 0x02, 0x66, 0x01, 0x2E, 0x5B,
    0xA7, 0xE3, 0x89, 0x59, 0x92, 0x3B, 0x01, 0x26, 0x4D, 0x78, 0x51, 0x2A, 0x7B, 0xFD, 0x5F, 0x02,
    0xA1, 0xFD, 0x5F, 0x05, 0xB0, 0xFA, 0x50, 0x05, 0xB0, 0xFD, 0x4C, 0x48, 0xA5, 0xFE, 0xF8, 0xB9,
    0x62, 0x0C, 0x08, 0xDB, 0x3D, 0x77, 0xB1, 0x74, 0x02, 0x7E, 0xD0, 0xE4, 0xD0, 0x67, 0xCF, 0xE4,
    0xCF, 0x00, 0x00, 0x02, 0x00, 0x44, 0x00, 0x00, 0x05, 0x33, 0x04, 0x3A, 0x00, 0x1B, 0x00, 0x1F,
    0x00, 0x18, 0x40, 0x0B, 0x08, 0x15, 0x15, 0x1E, 0x1F, 0x06, 0x72, 0x0E, 0x01, 0x1E, 0x0A, 0x00,
    0x3F, 0x33, 0x33, 0x2B, 0x12, 0x39, 0x2F, 0x33, 0x30, 0x31, 0x21, 0x21, 0x35, 0x34, 0x2E, 0x03,
    0x23, 0x22, 0x0E, 0x02, 0x15, 0x15, 0x21, 0x35, 0x34, 0x12, 0x36, 0x36, 0x33, 0x32, 0x1E, 0x03,
    0x15, 0x01, 0x11, 0x21, 0x11, 0x05, 0x33, 0xFE, 0xE0, 0x1F, 0x3D, 0x54, 0x6A, 0x3E, 0x4D, 0x7E,
    0x5B, 0x30, 0xFE, 0xDF, 0x5E, 0xAA, 0xE7, 0x88, 0x6D, 0xC1, 0x9C, 0x71, 0x3D, 0xFE, 0x19, 0xFE,
    0xDF, 0xAC, 0x5D, 0x99, 0x74, 0x4F, 0x28, 0x3F, 0x7A, 0xB3, 0x75, 0xAC, 0xAA, 0xA6, 0x01, 0x07,
    0xB9, 0x62, 0x3F, 0x79, 0xAE, 0xDE, 0x84, 0x03, 0x90, 0xFB, 0xC6, 0x04, 0x3A, 0x00, 0x00, 0x02,
    0x00, 0x35, 0x00, 0x00, 0x05, 0x58, 0x05, 0xB0, 0x00, 0x17, 0x00, 0x1B, 0x00, 0x1A, 0x40, 0x0C,
    0x19, 0x18, 0x03, 0x00, 0x00, 0x0E, 0x0C, 0x0F, 0x04, 0x72, 0x0E, 0x0C, 0x00, 0x3F, 0x2B, 0x32,
    0x12, 0x39, 0x2F, 0x33, 0xCE, 0x32, 0x30, 0x31, 0x01, 0x21, 0x35, 0x21, 0x32, 0x36, 0x36, 0x35,
    0x34, 0x26, 0x26, 0x23, 0x21, 0x11, 0x21, 0x11, 0x21, 0x32, 0x16, 0x16, 0x15, 0x14, 0x06, 0x06,
    0x07, 0x15, 0x21, 0x35, 0x03, 0x33, 0xFD, 0x02, 0x02, 0xF7, 0x5D, 0x6F, 0x32, 0x35, 0x6D, 0x54,
    0xFE, 0xF7, 0xFE, 0xD4, 0x02, 0x34, 0xAC, 0xF5, 0x84, 0x87, 0xF5, 0x72, 0xFC, 0xCB, 0x02, 0x07,
    0xEA, 0x3A, 0x67, 0x42, 0x41, 0x6D, 0x43, 0xFB, 0x3B, 0x05, 0xB0, 0x7A, 0xD6, 0x8A, 0x91, 0xD0,
    0x6E, 0x52, 0xEA, 0xEA, 0x00, 0x04, 0x00, 0x63, 0xFF, 0xEC, 0x05, 0x91, 0x05, 0xC5, 0x00, 0x21,
    0x00, 0x33, 0x00, 0x45, 0x00, 0x49, 0x00, 0x25, 0x40, 0x12, 0x42, 0x27, 0x30, 0x47, 0x47, 0x39,
    0x30, 0x0D, 0x72, 0x1F, 0x05, 0x0E, 0x49, 0x49, 0x16, 0x0E, 0x05, 0x72, 0x00, 0x2B, 0x32, 0x32,
    0x2F, 0x10, 0xCC, 0x32, 0x2B, 0x32, 0x32, 0x2F, 0x10, 0xCC, 0x32, 0x30, 0x31, 0x01, 0x33, 0x14,
    0x06, 0x06, 0x23, 0x22, 0x26, 0x26, 0x35, 0x35, 0x34, 0x36, 0x36, 0x33, 0x32, 0x16, 0x16, 0x15,
    0x23, 0x34, 0x26, 0x23, 0x22, 0x06, 0x06, 0x15, 0x15, 0x14, 0x16, 0x16, 0x33, 0x32, 0x36, 0x01,
    0x35, 0x34, 0x36, 0x36, 0x33, 0x32, 0x16, 0x16, 0x15, 0x15, 0x14, 0x06, 0x06, 0x23, 0x22, 0x26,
    0x26, 0x37, 0x15, 0x14, 0x16, 0x16, 0x33, 0x32, 0x36, 0x36, 0x35, 0x35, 0x34, 0x26, 0x26, 0x23,
    0x22, 0x06, 0x06, 0x13, 0x01, 0x27, 0x01, 0x01, 0xF4, 0xBF, 0x42, 0x82, 0x61, 0x61, 0x85, 0x45,
    0x44, 0x85, 0x60, 0x61, 0x84, 0x42, 0xBF, 0x34, 0x34, 0x24, 0x2E, 0x17, 0x17, 0x30, 0x24, 0x34,
    0x32, 0x01, 0x24, 0x49, 0x8D, 0x67, 0x68, 0x8C, 0x48, 0x47, 0x8C, 0x67, 0x68, 0x8E, 0x49, 0xC0,
    0x20, 0x39, 0x26, 0x30, 0x36, 0x15, 0x1C, 0x37, 0x2A, 0x2A, 0x37, 0x1C, 0xB6, 0xFD, 0x39, 0x8C,
    0x02, 0xC7, 0x04, 0x27, 0x45, 0x78, 0x4A, 0x52, 0x88, 0x51, 0x4D, 0x53, 0x88, 0x52, 0x4A, 0x79,
    0x46, 0x26, 0x41, 0x27, 0x3F, 0x25, 0x4D, 0x23, 0x3F, 0x27, 0x43, 0xFD, 0x13, 0x4D, 0x52, 0x88,
    0x52, 0x52, 0x88, 0x52, 0x4D, 0x52, 0x88, 0x52, 0x52, 0x88, 0x9F, 0x4D, 0x24, 0x40, 0x26, 0x26,
    0x40, 0x24, 0x4D, 0x24, 0x3F, 0x27, 0x27, 0x3F, 0x03, 0x57, 0xFB, 0x8E, 0x4A, 0x04, 0x72, 0x00,
    0x00, 0x01, 0x00, 0x27, 0xFF, 0xEB, 0x03, 0xAD, 0x05, 0xDE, 0x00, 0x2E, 0x00, 0x14, 0xB7, 0x19,
    0x18, 0x18, 0x01, 0x24, 0x0C, 0x00, 0x01, 0x00, 0x2F, 0x33, 0x2F, 0x33, 0x12, 0x39, 0x2F, 0x33,
    0x30, 0x31, 0x25, 0x11, 0x22, 0x2E, 0x02, 0x35, 0x11, 0x34, 0x3E, 0x02, 0x33, 0x32, 0x1E, 0x02,
    0x15, 0x15, 0x14, 0x0E, 0x02, 0x04, 0x23, 0x35, 0x32, 0x3E, 0x02, 0x35, 0x35, 0x34, 0x2E, 0x02,
    0x23, 0x22, 0x0E, 0x02, 0x15, 0x11, 0x14, 0x1E, 0x02, 0x02, 0xE8, 0x84, 0xC3, 0x80, 0x3E, 0x34,
    0x62, 0x8A, 0x56, 0x4A, 0x7C, 0x5C, 0x32, 0x4D, 0x96, 0xDA, 0xFE, 0xE4, 0xAD, 0xAA, 0xF3, 0x9B,
    0x4B, 0x0B, 0x14, 0x1B, 0x0F, 0x12, 0x1D, 0x15, 0x0A, 0x15, 0x31, 0x53, 0xF1, 0xFE, 0xFA, 0x40,
    0x77, 0xA7, 0x66, 0x02, 0x6E, 0x6A, 0xA7, 0x73, 0x3D, 0x2F, 0x5A, 0x7F, 0x50, 0x2A, 0x56, 0xBD,
    0xB3, 0x90, 0x56, 0xB8, 0x5C, 0x95, 0xAF, 0x52, 0x2C, 0x19, 0x28, 0x1D, 0x10, 0x15, 0x2B, 0x41,
    0x2C, 0xFD, 0xA0, 0x3A, 0x5B, 0x3F, 0x22, 0x00, 0x00, 0x04, 0x00, 0x80, 0x00, 0x00, 0x07, 0xB3,
    0x05, 0xC0, 0x00, 0x03, 0x00, 0x15, 0x00, 0x27, 0x00, 0x31, 0x00, 0x25, 0x40, 0x11, 0x2B, 0x30,
    0x2E, 0x2A, 0x02, 0x03, 0x1B, 0x12, 0x24, 0x09, 0x09, 0x31, 0x2E, 0x04, 0x2A, 0x2D, 0x0C, 0x00,
    0x3F, 0x33, 0x3F, 0x33, 0x33, 0x2F, 0x33, 0xDC, 0x32, 0xCE, 0x32, 0x11, 0x12, 0x39, 0x39, 0x30,
    0x31, 0x01, 0x15, 0x21, 0x35, 0x03, 0x35, 0x34, 0x36, 0x36, 0x33, 0x32, 0x16, 0x16, 0x15, 0x15,
    0x14, 0x06, 0x06, 0x23, 0x22, 0x26, 0x26, 0x37, 0x15, 0x14, 0x16, 0x16, 0x33, 0x32, 0x36, 0x36,
    0x35, 0x35, 0x34, 0x26, 0x26, 0x23, 0x22, 0x06, 0x06, 0x01, 0x11, 0x21, 0x01, 0x11, 0x21, 0x11,
    0x21, 0x01, 0x11, 0x07, 0x81, 0xFD, 0xAD, 0x2D, 0x55, 0x9A, 0x6A, 0x6B, 0x9A, 0x54, 0x53, 0x9A,
    0x6A, 0x6B, 0x9B, 0x55, 0xAB, 0x26, 0x4F, 0x3B, 0x3A, 0x4D, 0x25, 0x26, 0x4D, 0x3B, 0x3A, 0x4E,
    0x26, 0xFE, 0xDB, 0xFE, 0xC2, 0xFE, 0x59, 0xFE, 0xDE, 0x01, 0x3E, 0x01, 0xA7, 0x02, 0x33, 0x91,
    0x91, 0x01, 0xE0, 0x47, 0x67, 0xA2, 0x5D, 0x5D, 0xA2, 0x67, 0x47, 0x67, 0xA1, 0x5D, 0x5D, 0xA1,
    0xAE, 0x47, 0x3B, 0x61, 0x39, 0x39, 0x61, 0x3B, 0x47, 0x3A, 0x61, 0x3A, 0x3A, 0x61, 0x01, 0x1C,
    0xFA, 0x50, 0x03, 0xC6, 0xFC, 0x3A, 0x05, 0xB0, 0xFC, 0x39, 0x03, 0xC7, 0x00, 0x02, 0x00, 0x76,
    0x03, 0x93, 0x04, 0x7C, 0x05, 0xB0, 0x00, 0x0C, 0x00, 0x14, 0x00, 0x24, 0x40, 0x11, 0x09, 0x04,
    0x01, 0x03, 0x06, 0x0A, 0x07, 0x07, 0x13, 0x14, 0x02, 0x00, 0x03, 0x03, 0x06, 0x06, 0x11, 0x00,
    0x2F, 0x33, 0x11, 0x33, 0x11, 0x33, 0x3F, 0x33, 0x33, 0x11, 0x33, 0x12, 0x17, 0x39, 0x30, 0x31,
    0x01, 0x11, 0x03, 0x23, 0x03, 0x11, 0x23, 0x11, 0x33, 0x13, 0x13, 0x33, 0x11, 0x01, 0x15, 0x23,
    0x11, 0x23, 0x11, 0x23, 0x35, 0x03, 0xFB, 0x6E, 0x49, 0x6F, 0x80, 0x9E, 0x75, 0x7E, 0x96, 0xFD,
    0x92, 0x81, 0x8F, 0x88, 0x03, 0x93, 0x01, 0x64, 0xFE, 0x9C, 0x01, 0x65, 0xFE, 0x9B, 0x02, 0x1D,
    0xFE, 0x8D, 0x01, 0x73, 0xFD, 0xE3, 0x02, 0x1D, 0x69, 0xFE, 0x4F, 0x01, 0xB1, 0x69, 0x00, 0x02,
    0x00, 0x94, 0xFF, 0xEC, 0x04, 0x8F, 0x04, 0x4E, 0x00, 0x1D, 0x00, 0x26, 0x00, 0x17, 0x40, 0x0A,
    0x22, 0x17, 0x17, 0x04, 0x1E, 0x0E, 0x07, 0x1B, 0x04, 0x0B, 0x00, 0x3F, 0x33, 0x3F, 0x33, 0x12,
    0x39, 0x2F, 0x33, 0x30, 0x31, 0x25, 0x17, 0x06, 0x06, 0x23, 0x22, 0x2E, 0x02, 0x35, 0x34, 0x3E,
    0x02, 0x33, 0x32, 0x1E, 0x02, 0x15, 0x14, 0x14, 0x15, 0x21, 0x11, 0x16, 0x16, 0x33, 0x32, 0x36,
    0x01, 0x22, 0x06, 0x07, 0x11, 0x21, 0x11, 0x26, 0x26, 0x04, 0x10, 0x02, 0x54, 0xBC, 0x62, 0x6D,
    0xBE, 0x90, 0x51, 0x59, 0x96, 0xBB, 0x62, 0x67, 0xB3, 0x88, 0x4D, 0xFD, 0x00, 0x37, 0x8C, 0x4E,
    0x5D, 0xBB, 0xFE, 0xE8, 0x4B, 0x8D, 0x39, 0x02, 0x1C, 0x34, 0x8A, 0xC6, 0x68, 0x34, 0x3E, 0x58,
    0x9A, 0xCC, 0x73, 0x74, 0xCB, 0x9A, 0x58, 0x51, 0x92, 0xC5, 0x75, 0x03, 0x12, 0x1A, 0xFE, 0xB8,
    0x33, 0x3B, 0x3B, 0x03, 0x69, 0x42, 0x38, 0xFE, 0xEB, 0x01, 0x1E, 0x34, 0x3D, 0x00, 0xFF, 0xFF,
    0x00, 0x62, 0xFF, 0xF5, 0x05, 0xE0, 0x05, 0x99, 0x00, 0x27, 0x01, 0xDE, 0xFF, 0xDA, 0x02, 0x86,
    0x00, 0x27, 0x01, 0x95, 0x01, 0x15, 0x00, 0x00, 0x01, 0x07, 0x01, 0xE5, 0x03, 0x2E, 0x00, 0x00,
    0x00, 0x07, 0xB1, 0x06, 0x04, 0x00, 0x3F, 0x30, 0x31, 0x00, 0xFF, 0xFF, 0x00, 0x49, 0xFF, 0xF5,
    0x06, 0x7D, 0x05, 0xB5, 0x00, 0x27, 0x01, 0xE0, 0x00, 0x18, 0x02, 0x94, 0x00, 0x27, 0x01, 0x95,
    0x01, 0xAB, 0x00, 0x00, 0x00, 0x07, 0x01, 0xE5, 0x03, 0xCA, 0x00, 0x00, 0xFF, 0xFF, 0x00, 0x59,
    0xFF, 0xF5, 0x06, 0x69, 0x05, 0xAC, 0x00, 0x27, 0x01, 0xE2, 0x00, 0x13, 0x02, 0x97, 0x00, 0x27,
    0x01, 0x95, 0x01, 0x97, 0x00, 0x00, 0x01, 0x07, 0x01, 0xE5, 0x03, 0xB6, 0x00, 0x00, 0x00, 0x07,
    0xB1, 0x02, 0x04, 0x00, 0x3F, 0x30, 0x31, 0x00, 0xFF, 0xFF, 0x00, 0x5D, 0xFF, 0xF5, 0x06, 0x33,
    0x05, 0xA3, 0x00, 0x27, 0x01, 0xE4, 0x00, 0x2A, 0x02, 0x8E, 0x00, 0x27, 0x01, 0x95, 0x01, 0x4A,
    0x00, 0x00, 0x01, 0x07, 0x01, 0xE5, 0x03, 0x81, 0x00, 0x00, 0x00, 0x07, 0xB1, 0x06, 0x04, 0x00,
    0x3F, 0x30, 0x31, 0x00, 0x00, 0x02, 0x00, 0x59, 0xFF, 0xEB, 0x04, 0x57, 0x06, 0x00, 0x00, 0x29,
    0x00, 0x3F, 0x00, 0x19, 0x40, 0x0C, 0x2A, 0x00, 0x00, 0x12, 0x35, 0x1F, 0x0B, 0x72, 0x09, 0x12,
    0x00, 0x72, 0x00, 0x2B, 0x32, 0x2B, 0x32, 0x11, 0x39, 0x2F, 0x33, 0x30, 0x31, 0x01, 0x32, 0x16,
    0x17, 0x2E, 0x04, 0x23, 0x22, 0x06, 0x06, 0x07, 0x27, 0x3E, 0x02, 0x33, 0x32, 0x1E, 0x02, 0x12,
    0x17, 0x15, 0x14, 0x0E, 0x03, 0x23, 0x22, 0x2E, 0x02, 0x35, 0x35, 0x34, 0x3E, 0x02, 0x17, 0x22,
    0x0E, 0x02, 0x15, 0x15, 0x14, 0x1E, 0x02, 0x33, 0x32, 0x3E, 0x02, 0x35, 0x35, 0x2E, 0x03, 0x02,
    0x36, 0x51, 0x8E, 0x3C, 0x0C, 0x2B, 0x3C, 0x4D, 0x5C, 0x34, 0x35, 0x4A, 0x46, 0x2C, 0x2E, 0x24,
    0x57, 0x72, 0x4B, 0x6A, 0xB3, 0x8C, 0x60, 0x33, 0x01, 0x2B, 0x55, 0x7C, 0xA1, 0x63, 0x7B, 0xBD,
    0x83, 0x43, 0x3E, 0x7B, 0xB1, 0x96, 0x3D, 0x56, 0x34, 0x18, 0x18, 0x34, 0x55, 0x3C, 0x3E, 0x56,
    0x34, 0x18, 0x0C, 0x26, 0x36, 0x48, 0x04, 0x0C, 0x3A, 0x3D, 0x48, 0x7A, 0x61, 0x44, 0x24, 0x0C,
    0x17, 0x13, 0xC9, 0x13, 0x23, 0x17, 0x45, 0x88, 0xC8, 0xFE, 0xFA, 0xA0, 0x3B, 0x71, 0xCB, 0xA6,
    0x7A, 0x43, 0x4F, 0x8F, 0xC2, 0x72, 0x16, 0x6C, 0xB9, 0x88, 0x4C, 0xE2, 0x2E, 0x52, 0x6A, 0x3B,
    0x15, 0x3D, 0x69, 0x51, 0x2D, 0x38, 0x62, 0x81, 0x48, 0x6E, 0x18, 0x31, 0x2A, 0x1A, 0x00, 0x01,
    0x00, 0xA4, 0xFF, 0x04, 0x04, 0xEA, 0x05, 0xB0, 0x00, 0x07, 0x00, 0x0E, 0xB5, 0x04, 0x07, 0x02,
    0x72, 0x02, 0x06, 0x00, 0x2F, 0x33, 0x2B, 0x32, 0x30, 0x31, 0x01, 0x11, 0x21, 0x11, 0x21, 0x11,
    0x21, 0x11, 0x04, 0xEA, 0xFE, 0xDE, 0xFD, 0xFF, 0xFE, 0xDD, 0x05, 0xB0, 0xF9, 0x54, 0x05, 0xD0,
    0xFA, 0x30, 0x06, 0xAC, 0x00, 0x03, 0x00, 0x39, 0xFE, 0xF2, 0x04, 0xD6, 0x05, 0xB0, 0x00, 0x03,
    0x00, 0x07, 0x00, 0x10, 0x00, 0x1F, 0x40, 0x0E, 0x0E, 0x06, 0x06, 0x07, 0x07, 0x0F, 0x02, 0x72,
    0x0C, 0x03, 0x03, 0x0A, 0x02, 0x0B, 0x00, 0x2F, 0x33, 0x33, 0x33, 0x11, 0x33, 0x2B, 0x32, 0x11,
    0x33, 0x11, 0x33, 0x30, 0x31, 0x05, 0x15, 0x21, 0x35, 0x01, 0x15, 0x21, 0x35, 0x01, 0x15, 0x01,
    0x23, 0x35, 0x01, 0x01, 0x35, 0x33, 0x04, 0xD6, 0xFB, 0xCF, 0x04, 0x10, 0xFC, 0x08, 0x02, 0xE3,
    0xFD, 0x75, 0xDC, 0x02, 0x37, 0xFD, 0xC9, 0xDC, 0x2D, 0xE1, 0xE1, 0x05, 0xDD, 0xE1, 0xE1, 0xFC,
    0xB7, 0x21, 0xFC, 0xAC, 0x94, 0x02, 0xD1, 0x02, 0xC5, 0x94, 0x00, 0x01, 0x00, 0x92, 0x02, 0x5A,
    0x03, 0xF2, 0x03, 0x3D, 0x00, 0x03, 0x00, 0x08, 0xB1, 0x03, 0x02, 0x00, 0x2F, 0x33, 0x30, 0x31,
    0x01, 0x15, 0x21, 0x35, 0x03, 0xF2, 0xFC, 0xA0, 0x03, 0x3D, 0xE3, 0xE3, 0x00, 0x03, 0x00, 0x38,
    0x00, 0x00, 0x04, 0x63, 0x05, 0xB0, 0x00, 0x04, 0x00, 0x09, 0x00, 0x0D, 0x00, 0x16, 0x40, 0x0A,
    0x09, 0x0B, 0x0B, 0x0A, 0x04, 0x08, 0x08, 0x01, 0x02, 0x72, 0x00, 0x2B, 0x3F, 0x33, 0x2F, 0x33,
    0x11, 0x33, 0x30, 0x31, 0x25, 0x01, 0x33, 0x01, 0x23, 0x03, 0x13, 0x17, 0x23, 0x01, 0x07, 0x35,
    0x21, 0x15, 0x02, 0x31, 0x01, 0x50, 0xE2, 0xFE, 0x64, 0xBB, 0x54, 0xA4, 0x1A, 0xA6, 0xFE, 0xF5,
    0x8D, 0x01, 0x6E, 0xDE, 0x04, 0xD2, 0xFA, 0x50, 0x02, 0xF7, 0xFD, 0xDB, 0xD2, 0x02, 0xF7, 0xE4,
    0xE4, 0xE4, 0x00, 0x04, 0x00, 0x60, 0xFF, 0xEC, 0x08, 0x03, 0x04, 0x4E, 0x00, 0x17, 0x00, 0x2F,
    0x00, 0x47, 0x00, 0x5F, 0x00, 0x1D, 0x40, 0x0E, 0x5B, 0x36, 0x36, 0x1E, 0x13, 0x0B, 0x72, 0x4E,
    0x43, 0x43, 0x2B, 0x06, 0x07, 0x72, 0x00, 0x2B, 0x32, 0x32, 0x11, 0x33, 0x2B, 0x32, 0x32, 0x11,
    0x33, 0x30, 0x31, 0x13, 0x35, 0x34, 0x3E, 0x02, 0x33, 0x32, 0x1E, 0x03, 0x17, 0x15, 0x0E, 0x04,
    0x23, 0x22, 0x2E, 0x02, 0x25, 0x15, 0x14, 0x1E, 0x02, 0x33, 0x32, 0x3E, 0x03, 0x37, 0x35, 0x2E,
    0x04, 0x23, 0x22, 0x0E, 0x02, 0x05, 0x15, 0x14, 0x0E, 0x02, 0x23, 0x22, 0x2E, 0x03, 0x27, 0x35,
    0x3E, 0x04, 0x33, 0x32, 0x1E, 0x02, 0x05, 0x35, 0x34, 0x2E, 0x02, 0x23, 0x22, 0x0E, 0x03, 0x07,
    0x15, 0x1E, 0x04, 0x33, 0x32, 0x3E, 0x02, 0x60, 0x47, 0x86, 0xBD, 0x76, 0x69, 0xA6, 0x7C, 0x59,
    0x39, 0x10, 0x10, 0x39, 0x58, 0x7D, 0xA4, 0x69, 0x77, 0xBE, 0x86, 0x47, 0x01, 0x18, 0x20, 0x40,
    0x5D, 0x3D, 0x3C, 0x5F, 0x47, 0x2F, 0x1A, 0x03, 0x03, 0x1A, 0x2F, 0x47, 0x60, 0x3D, 0x3C, 0x5C,
    0x40, 0x20, 0x06, 0x8B, 0x47, 0x87, 0xBF, 0x76, 0x69, 0xA5, 0x7D, 0x58, 0x3A, 0x0F, 0x10, 0x3A,
    0x58, 0x7D, 0xA5, 0x6A, 0x76, 0xBD, 0x87, 0x47, 0xFE, 0xE7, 0x21, 0x3E, 0x5D, 0x3C, 0x3E, 0x5F,
    0x48, 0x2F, 0x1A, 0x02, 0x02, 0x1A, 0x30, 0x47, 0x5F, 0x3C, 0x3C, 0x5D, 0x40, 0x21, 0x02, 0x12,
    0x15, 0x73, 0xC8, 0x97, 0x55, 0x49, 0x79, 0x90, 0x8F, 0x3B, 0x1D, 0x3B, 0x92, 0x94, 0x7D, 0x4B,
    0x54, 0x98, 0xC7, 0x88, 0x15, 0x43, 0x74, 0x57, 0x30, 0x37, 0x53, 0x5B, 0x4B, 0x11, 0x1D, 0x10,
    0x48, 0x57, 0x51, 0x34, 0x32, 0x58, 0x74, 0x41, 0x15, 0x73, 0xC7, 0x98, 0x54, 0x4B, 0x7D, 0x94,
    0x92, 0x3B, 0x1D, 0x3B, 0x8F, 0x90, 0x79, 0x49, 0x55, 0x97, 0xC8, 0x88, 0x15, 0x41, 0x74, 0x58,
    0x32, 0x34, 0x51, 0x57, 0x48, 0x10, 0x1D, 0x11, 0x4B, 0x5B, 0x53, 0x37, 0x30, 0x57, 0x74, 0x00,
    0x00, 0x01, 0xFF, 0xA1, 0xFE, 0x4B, 0x02, 0xBD, 0x06, 0x16, 0x00, 0x1F, 0x00, 0x10, 0xB7, 0x1B,
    0x14, 0x01, 0x72, 0x0B, 0x04, 0x0F, 0x72, 0x00, 0x2B, 0x32, 0x2B, 0x32, 0x30, 0x31, 0x05, 0x14,
    0x06, 0x06, 0x23, 0x22, 0x26, 0x27, 0x37, 0x16, 0x16, 0x33, 0x32, 0x36, 0x36, 0x35, 0x11, 0x34,
    0x36, 0x36, 0x33, 0x32, 0x16, 0x17, 0x07, 0x26, 0x26, 0x23, 0x22, 0x06, 0x06, 0x15, 0x01, 0xB0,
    0x5C, 0xAA, 0x78, 0x26, 0x45, 0x26, 0x0F, 0x14, 0x28, 0x1C, 0x2C, 0x3C, 0x1F, 0x5F, 0xB3, 0x7D,
    0x28, 0x4F, 0x28, 0x17, 0x16, 0x2C, 0x20, 0x30, 0x42, 0x22, 0x33, 0x81, 0xAC, 0x55, 0x08, 0x0A,
    0xDC, 0x05, 0x08, 0x21, 0x48, 0x38, 0x04, 0xCF, 0x7B, 0xA8, 0x57, 0x0C, 0x09, 0xD7, 0x05, 0x05,
    0x23, 0x44, 0x31, 0x00, 0x00, 0x02, 0x00, 0x65, 0x00, 0xF7, 0x04, 0x22, 0x03, 0xFD, 0x00, 0x19,
    0x00, 0x33, 0x00, 0x1B, 0x40, 0x0B, 0x17, 0x04, 0x80, 0x0A, 0x11, 0x40, 0x31, 0x1E, 0x80, 0x24,
    0x2B, 0x00, 0x2F, 0x33, 0x1A, 0xDD, 0x32, 0x1A, 0xDE, 0x32, 0x1A, 0xCD, 0x32, 0x30, 0x31, 0x13,
    0x27, 0x36, 0x36, 0x33, 0x36, 0x16, 0x17, 0x16, 0x16, 0x33, 0x32, 0x36, 0x37, 0x15, 0x06, 0x06,
    0x23, 0x22, 0x26, 0x27, 0x26, 0x26, 0x07, 0x22, 0x06, 0x03, 0x35, 0x36, 0x36, 0x33, 0x36, 0x16,
    0x17, 0x16, 0x16, 0x33, 0x32, 0x36, 0x37, 0x15, 0x06, 0x06, 0x23, 0x22, 0x26, 0x27, 0x26, 0x26,
    0x07, 0x22, 0x06, 0x66, 0x01, 0x2F, 0x86, 0x41, 0x50, 0x6B, 0x3F, 0x3B, 0x63, 0x4A, 0x41, 0x75,
    0x2F, 0x2F, 0x6D, 0x41, 0x4A, 0x64, 0x3B, 0x3F, 0x6B, 0x50, 0x41, 0x8C, 0x30, 0x2F, 0x7E, 0x41,
    0x50, 0x6A, 0x3F, 0x3B, 0x65, 0x4A, 0x41, 0x7C, 0x2F, 0x2F, 0x75, 0x41, 0x4A, 0x63, 0x3B, 0x3F,
    0x6B, 0x50, 0x41, 0x86, 0x02, 0xAA, 0xE6, 0x32, 0x39, 0x02, 0x2B, 0x20, 0x1E, 0x27, 0x43, 0x3B,
    0xE6, 0x32, 0x39, 0x27, 0x1E, 0x20, 0x2B, 0x02, 0x43, 0xFE, 0x21, 0xE7, 0x32, 0x39, 0x02, 0x2B,
    0x20, 0x1E, 0x27, 0x43, 0x3B, 0xE6, 0x32, 0x39, 0x27, 0x1E, 0x20, 0x2B, 0x02, 0x43, 0x00, 0x03,
    0x00, 0x88, 0x00, 0x66, 0x04, 0x09, 0x04, 0xAD, 0x00, 0x03, 0x00, 0x07, 0x00, 0x0B, 0x00, 0x1F,
    0x40, 0x0D, 0x02, 0x01, 0x01, 0x0A, 0x0A, 0x0B, 0x00, 0x03, 0x03, 0x07, 0x07, 0x06, 0x0B, 0x00,
    0x2F, 0xCE, 0x32, 0x11, 0x33, 0x11, 0x33, 0x11, 0x33, 0x11, 0x33, 0x11, 0x33, 0x30, 0x31, 0x01,
    0x01, 0x27, 0x01, 0x17, 0x15, 0x21, 0x35, 0x01, 0x15, 0x21, 0x35, 0x03, 0x94, 0xFD, 0xD6, 0x77,
    0x02, 0x2B, 0xEB, 0xFC, 0x7F, 0x03, 0x81, 0xFC, 0x7F, 0x04, 0x6F, 0xFB, 0xF7, 0x3D, 0x04, 0x0A,
    0xD9, 0xE4, 0xE4, 0xFE, 0x50, 0xE4, 0xE4, 0x00, 0x00, 0x03, 0x00, 0x36, 0x00, 0x01, 0x03, 0x9D,
    0x04, 0x4F, 0x00, 0x04, 0x00, 0x09, 0x00, 0x0D, 0x00, 0x22, 0x40, 0x10, 0x03, 0x07, 0x06, 0x00,
    0x04, 0x08, 0x06, 0x05, 0x09, 0x09, 0x01, 0x02, 0x02, 0x0D, 0x0D, 0x0C, 0x00, 0x2F, 0x33, 0x7C,
    0x10, 0xCE, 0x2F, 0x32, 0x32, 0x18, 0x2F, 0x33, 0x17, 0x39, 0x30, 0x31, 0x01, 0x05, 0x15, 0x01,
    0x35, 0x25, 0x05, 0x07, 0x35, 0x01, 0x13, 0x15, 0x21, 0x35, 0x01, 0x1A, 0x02, 0x7C, 0xFC, 0xA0,
    0x03, 0x60, 0xFD, 0x83, 0xE3, 0x03, 0x60, 0x07, 0xFC, 0x9F, 0x02, 0xCF, 0xC3, 0xE1, 0x01, 0x34,
    0x9F, 0x70, 0xC6, 0x2B, 0x9F, 0x01, 0x33, 0xFC, 0x86, 0xD4, 0xD4, 0x00, 0x00, 0x03, 0x00, 0x76,
    0x00, 0x01, 0x03, 0xDE, 0x04, 0x57, 0x00, 0x04, 0x00, 0x09, 0x00, 0x0D, 0x00, 0x22, 0x40, 0x10,
    0x03, 0x07, 0x06, 0x00, 0x04, 0x08, 0x06, 0x01, 0x02, 0x02, 0x05, 0x09, 0x09, 0x0D, 0x0D, 0x0C,
    0x00, 0x2F, 0x33, 0x7C, 0x10, 0xCE, 0x2F, 0x32, 0x32, 0x18, 0x2F, 0x33, 0x17, 0x39, 0x30, 0x31,
    0x01, 0x25, 0x35, 0x01, 0x15, 0x05, 0x25, 0x37, 0x15, 0x01, 0x05, 0x15, 0x21, 0x35, 0x02, 0xF8,
    0xFD, 0x7F, 0x03, 0x67, 0xFC, 0x99, 0x02, 0x82, 0xE5, 0xFC, 0x99, 0x03, 0x60, 0xFC, 0x9F, 0x02,
    0xB5, 0xC2, 0xE0, 0xFE, 0xCC, 0xA0, 0x72, 0xC7, 0x2D, 0x9F, 0xFE, 0xCC, 0x5E, 0xD3, 0xD3, 0x00,
    0x00, 0x02, 0x00, 0x20, 0x00, 0x00, 0x03, 0xF7, 0x05, 0xB0, 0x00, 0x07, 0x00, 0x0F, 0x00, 0x1D,
    0x40, 0x0E, 0x05, 0x08, 0x08, 0x0E, 0x07, 0x12, 0x72, 0x03, 0x0A, 0x0A, 0x0B, 0x01, 0x02, 0x72,
    0x00, 0x2B, 0x32, 0x32, 0x11, 0x33, 0x2B, 0x32, 0x32, 0x11, 0x33, 0x30, 0x31, 0x13, 0x01, 0x33,
    0x07, 0x03, 0x13, 0x17, 0x23, 0x37, 0x13, 0x03, 0x27, 0x33, 0x01, 0x01, 0x23, 0x20, 0x01, 0x6F,
    0xDA, 0x3B, 0xEF, 0xF3, 0x29, 0xCA, 0x56, 0xF1, 0xEE, 0x2D, 0xCA, 0x01, 0x70, 0xFE, 0x91, 0xCA,
    0x02, 0xD7, 0x02, 0xD9, 0xDD, 0xFE, 0x04, 0xFE, 0x02, 0xD9, 0xD7, 0x02, 0x00, 0x01, 0xFC, 0xDD,
    0xFD, 0x27, 0xFD, 0x29, 0xFF, 0xFF, 0x00, 0x87, 0x00, 0xAE, 0x01, 0xCD, 0x05, 0x14, 0x00, 0x27,
    0x00, 0x12, 0x00, 0x09, 0x00, 0xB9, 0x00, 0x07, 0x00, 0x12, 0x00, 0x09, 0x03, 0xF3, 0x00, 0x02,
    0x00, 0x5A, 0x02, 0x8D, 0x02, 0x32, 0x04, 0x39, 0x00, 0x03, 0x00, 0x07, 0x00, 0x10, 0xB6, 0x06,
    0x02, 0x02, 0x07, 0x03, 0x06, 0x72, 0x00, 0x2B, 0x32, 0x32, 0x11, 0x33, 0x30, 0x31, 0x13, 0x11,
    0x23, 0x11, 0x21, 0x11, 0x23, 0x11, 0xFB, 0xA1, 0x01, 0xD8, 0xA1, 0x04, 0x39, 0xFE, 0x54, 0x01,
    0xAC, 0xFE, 0x54, 0x01, 0xAC, 0x00, 0x00, 0x01, 0x00, 0x35, 0xFF, 0x69, 0x01, 0x52, 0x01, 0x0E,
    0x00, 0x09, 0x00, 0x0A, 0xB2, 0x04, 0x80, 0x09, 0x00, 0x2F, 0x1A, 0xCD, 0x30, 0x31, 0x01, 0x15,
    0x14, 0x06, 0x07, 0x27, 0x36, 0x36, 0x35, 0x35, 0x01, 0x52, 0x52, 0x3D, 0x8E, 0x22, 0x29, 0x01,
    0x0E, 0x48, 0x5D, 0xC2, 0x3E, 0x4E, 0x36, 0x77, 0x54, 0x56, 0x00, 0x03, 0x00, 0x16, 0x00, 0x00,
    0x04, 0x61, 0x06, 0x15, 0x00, 0x10, 0x00, 0x14, 0x00, 0x18, 0x00, 0x1B, 0x40, 0x0F, 0x18, 0x06,
    0x17, 0x0A, 0x72, 0x13, 0x14, 0x06, 0x72, 0x0D, 0x06, 0x01, 0x72, 0x01, 0x0A, 0x00, 0x3F, 0x2B,
    0x32, 0x2B, 0x32, 0x2B, 0x3F, 0x30, 0x31, 0x21, 0x21, 0x11, 0x34, 0x36, 0x36, 0x33, 0x32, 0x16,
    0x17, 0x07, 0x26, 0x26, 0x23, 0x22, 0x06, 0x15, 0x17, 0x15, 0x21, 0x35, 0x21, 0x11, 0x21, 0x11,
    0x01, 0xD8, 0xFE, 0xDF, 0x71, 0xD3, 0x96, 0x55, 0xA0, 0x55, 0x2A, 0x37, 0x7E, 0x59, 0x64, 0x67,
    0xD7, 0xFD, 0x67, 0x04, 0x4B, 0xFE, 0xDF, 0x04, 0x6B, 0x8A, 0xBE, 0x62, 0x21, 0x1A, 0xE7, 0x11,
    0x1E, 0x5D, 0x5A, 0x31, 0xCC, 0xCC, 0xFB, 0xC6, 0x04, 0x3A, 0x00, 0x03, 0x00, 0x1C, 0x00, 0x00,
    0x04, 0x67, 0x06, 0x15, 0x00, 0x12, 0x00, 0x16, 0x00, 0x1A, 0x00, 0x1B, 0x40, 0x0F, 0x19, 0x1A,
    0x06, 0x72, 0x14, 0x00, 0x72, 0x0E, 0x06, 0x01, 0x72, 0x13, 0x01, 0x0A, 0x72, 0x00, 0x2B, 0x32,
    0x2B, 0x32, 0x2B, 0x2B, 0x32, 0x30, 0x31, 0x21, 0x21, 0x11, 0x34, 0x36, 0x36, 0x33, 0x32, 0x16,
    0x16, 0x17, 0x07, 0x26, 0x26, 0x23, 0x22, 0x06, 0x06, 0x15, 0x01, 0x11, 0x21, 0x11, 0x01, 0x15,
    0x21, 0x35, 0x01, 0xDF, 0xFE, 0xDE, 0x6A, 0xC8, 0x8D, 0x3B, 0xB1, 0xB9, 0x46, 0x78, 0x5A, 0xA6,
    0x4B, 0x40, 0x58, 0x2D, 0x01, 0x68, 0x01, 0x20, 0xFE, 0x50, 0xFD, 0x65, 0x04, 0x8D, 0x7F, 0xAF,
    0x5A, 0x0B, 0x0F, 0x08, 0xE3, 0x10, 0x12, 0x26, 0x49, 0x36, 0xFB, 0x73, 0x05, 0xF3, 0xFA, 0x0D,
    0x04, 0x3A, 0xCC, 0xCC, 0x00, 0x05, 0x00, 0x1C, 0x00, 0x00, 0x06, 0xF1, 0x06, 0x15, 0x00, 0x11,
    0x00, 0x15, 0x00, 0x26, 0x00, 0x2A, 0x00, 0x2E, 0x00, 0x25, 0x40, 0x14, 0x23, 0x1C, 0x01, 0x72,
    0x2E, 0x2A, 0x14, 0x15, 0x06, 0x72, 0x0D, 0x06, 0x01, 0x72, 0x2D, 0x17, 0x17, 0x01, 0x0A, 0x72,
    0x00, 0x2B, 0x32, 0x11, 0x33, 0x2B, 0x32, 0x2B, 0x32, 0x32, 0x32, 0x2B, 0x32, 0x30, 0x31, 0x21,
    0x21, 0x11, 0x34, 0x36, 0x36, 0x33, 0x32, 0x16, 0x17, 0x07, 0x26, 0x26, 0x23, 0x22, 0x06, 0x06,
    0x15, 0x17, 0x15, 0x21, 0x35, 0x01, 0x21, 0x11, 0x34, 0x36, 0x36, 0x33, 0x32, 0x16, 0x17, 0x07,
    0x26, 0x26, 0x23, 0x22, 0x06, 0x15, 0x17, 0x15, 0x21, 0x35, 0x21, 0x11, 0x21, 0x11, 0x01, 0xDF,
    0xFE, 0xDE, 0x61, 0xB1, 0x7A, 0x28, 0x4A, 0x23, 0x03, 0x13, 0x2A, 0x1C, 0x34, 0x49, 0x26, 0xDB,
    0xFD, 0x62, 0x04, 0x4B, 0xFE, 0xE0, 0x70, 0xD4, 0x95, 0x55, 0xA0, 0x55, 0x29, 0x37, 0x7F, 0x59,
    0x64, 0x67, 0xD7, 0xFD, 0x67, 0x04, 0x4C, 0xFE, 0xDE, 0x04, 0x9A, 0x7B, 0xA9, 0x57, 0x0B, 0x08,
    0xD9, 0x05, 0x04, 0x23, 0x44, 0x31, 0x60, 0xCC, 0xCC, 0xFB, 0xC6, 0x04, 0x6B, 0x8A, 0xBE, 0x62,
    0x21, 0x1A, 0xE7, 0x11, 0x1E, 0x5D, 0x5A, 0x31, 0xCC, 0xCC, 0xFB, 0xC6, 0x04, 0x3A, 0x00, 0x05,
    0x00, 0x1C, 0x00, 0x00, 0x06, 0xF1, 0x06, 0x15, 0x00, 0x11, 0x00, 0x15, 0x00, 0x28, 0x00, 0x2C,
    0x00, 0x30, 0x00, 0x29, 0x40, 0x17, 0x2B, 0x00, 0x72, 0x24, 0x1C, 0x01, 0x72, 0x2E, 0x14, 0x14,
    0x2D, 0x15, 0x06, 0x72, 0x0D, 0x06, 0x01, 0x72, 0x29, 0x17, 0x01, 0x0A, 0x72, 0x00, 0x2B, 0x32,
    0x32, 0x2B, 0x32, 0x2B, 0x32, 0x32, 0x11, 0x33, 0x2B, 0x32, 0x2B, 0x30, 0x31, 0x21, 0x21, 0x11,
    0x34, 0x36, 0x36, 0x33, 0x32, 0x16, 0x17, 0x07, 0x26, 0x26, 0x23, 0x22, 0x06, 0x06, 0x15, 0x17,
    0x15, 0x21, 0x35, 0x01, 0x21, 0x11, 0x34, 0x36, 0x36, 0x33, 0x32, 0x16, 0x16, 0x17, 0x07, 0x26,
    0x26, 0x23, 0x22, 0x06, 0x06, 0x15, 0x01, 0x11, 0x21, 0x11, 0x01, 0x15, 0x21, 0x35, 0x01, 0xDF,
    0xFE, 0xDE, 0x61, 0xB1, 0x7A, 0x28, 0x4A, 0x23, 0x03, 0x13, 0x2A, 0x1C, 0x34, 0x49, 0x26, 0xDC,
    0xFD, 0x61, 0x04, 0x4B, 0xFE, 0xE0, 0x69, 0xC8, 0x8D, 0x3A, 0xB2, 0xB9, 0x47, 0x78, 0x5B, 0xA6,
    0x4C, 0x3F, 0x58, 0x2E, 0x01, 0x68, 0x01, 0x22, 0xFE, 0x4F, 0xFD, 0x65, 0x04, 0x9A, 0x7B, 0xA9,
    0x57, 0x0B, 0x08, 0xD9, 0x05, 0x04, 0x23, 0x44, 0x31, 0x60, 0xCC, 0xCC, 0xFB, 0xC6, 0x04, 0x8D,
    0x7F, 0xAF, 0x5A, 0x0B, 0x0F, 0x08, 0xE3, 0x10, 0x12, 0x26, 0x49, 0x36, 0xFB, 0x73, 0x05, 0xF3,
    0xFA, 0x0D, 0x04, 0x3A, 0xCC, 0xCC, 0x00, 0x15, 0x00, 0x57, 0xFE, 0x72, 0x07, 0xEA, 0x05, 0xAE,
    0x00, 0x05, 0x00, 0x0B, 0x00, 0x11, 0x00, 0x17, 0x00, 0x1B, 0x00, 0x1F, 0x00, 0x23, 0x00, 0x27,
    0x00, 0x2B, 0x00, 0x2F, 0x00, 0x33, 0x00, 0x37, 0x00, 0x3B, 0x00, 0x3F, 0x00, 0x43, 0x00, 0x47,
    0x00, 0x57, 0x00, 0x73, 0x00, 0x8C, 0x00, 0x9A, 0x00, 0xA8, 0x00, 0x00, 0x13, 0x23, 0x11, 0x21,
    0x15, 0x23, 0x21, 0x23, 0x35, 0x21, 0x11, 0x23, 0x01, 0x21, 0x11, 0x33, 0x15, 0x33, 0x05, 0x21,
    0x35, 0x33, 0x35, 0x33, 0x01, 0x21, 0x35, 0x21, 0x05, 0x21, 0x35, 0x21, 0x11, 0x21, 0x35, 0x21,
    0x01, 0x15, 0x23, 0x35, 0x13, 0x15, 0x23, 0x35, 0x01, 0x21, 0x35, 0x21, 0x01, 0x15, 0x23, 0x35,
    0x01, 0x21, 0x35, 0x21, 0x05, 0x21, 0x35, 0x21, 0x01, 0x15, 0x23, 0x35, 0x13, 0x15, 0x23, 0x35,
    0x01, 0x15, 0x23, 0x35, 0x07, 0x11, 0x33, 0x11, 0x14, 0x06, 0x23, 0x22, 0x26, 0x35, 0x33, 0x14,
    0x16, 0x33, 0x32, 0x36, 0x25, 0x23, 0x27, 0x33, 0x32, 0x36, 0x35, 0x34, 0x26, 0x23, 0x23, 0x11,
    0x23, 0x11, 0x33, 0x32, 0x16, 0x16, 0x15, 0x14, 0x06, 0x06, 0x07, 0x22, 0x06, 0x07, 0x06, 0x14,
    0x07, 0x23, 0x37, 0x33, 0x32, 0x36, 0x35, 0x34, 0x26, 0x23, 0x23, 0x37, 0x33, 0x32, 0x14, 0x17,
    0x14, 0x16, 0x31, 0x1E, 0x02, 0x15, 0x14, 0x06, 0x01, 0x15, 0x14, 0x06, 0x23, 0x22, 0x26, 0x35,
    0x35, 0x34, 0x36, 0x33, 0x32, 0x16, 0x07, 0x35, 0x34, 0x26, 0x23, 0x22, 0x06, 0x15, 0x15, 0x14,
    0x16, 0x33, 0x32, 0x36, 0xC8, 0x71, 0x01, 0x35, 0xC4, 0x06, 0xB3, 0xC7, 0x01, 0x36, 0x6F, 0xFA,
    0x11, 0xFE, 0xCB, 0x71, 0xC4, 0x06, 0x5E, 0xFE, 0xCA, 0xC7, 0x6F, 0xFE, 0x51, 0xFE, 0xEA, 0x01,
    0x16, 0xFC, 0xE0, 0xFE, 0xEC, 0x01, 0x14, 0xFE, 0xEC, 0x01, 0x14, 0x04, 0xCF, 0x6F, 0x6F, 0x6F,
    0xFD, 0x30, 0xFE, 0xEB, 0x01, 0x15, 0xFC, 0x1D, 0x71, 0x04, 0x54, 0xFE, 0xEB, 0x01, 0x15, 0x01,
    0x90, 0xFE, 0xEA, 0x01, 0x16, 0xFA, 0x8D, 0x71, 0x71, 0x71, 0x07, 0x93, 0x6F, 0xE8, 0x5C, 0x6B,
    0x50, 0x58, 0x6D, 0x5D, 0x38, 0x30, 0x29, 0x36, 0xFD, 0xC2, 0x96, 0x01, 0x76, 0x3B, 0x3B, 0x3B,
    0x3B, 0x5D, 0x5F, 0xBC, 0x42, 0x5F, 0x33, 0x22, 0x41, 0x2F, 0x01, 0x04, 0x02, 0x0C, 0x0E, 0xB9,
    0x30, 0x89, 0x34, 0x33, 0x33, 0x34, 0x77, 0x01, 0x97, 0x0E, 0x0C, 0x07, 0x2B, 0x3A, 0x1E, 0x69,
    0xFE, 0x84, 0x7F, 0x66, 0x67, 0x81, 0x80, 0x66, 0x67, 0x80, 0x5C, 0x4A, 0x41, 0x40, 0x4A, 0x4B,
    0x41, 0x40, 0x49, 0x04, 0x91, 0x01, 0x1D, 0x74, 0x74, 0xFE, 0xE3, 0xF9, 0xE1, 0x01, 0x3B, 0xCA,
    0x71, 0x71, 0xCA, 0xFE, 0xC5, 0x71, 0x71, 0x71, 0x06, 0x57, 0x74, 0xFB, 0x74, 0xF9, 0xF9, 0x02,
    0xF2, 0xFA, 0xFA, 0xFA, 0x5E, 0x71, 0x02, 0x3F, 0xF9, 0xF9, 0x04, 0x18, 0x74, 0x74, 0x74, 0xFC,
    0xEE, 0xFC, 0xFC, 0x01, 0x78, 0xFA, 0xFA, 0xFE, 0x88, 0xFC, 0xFC, 0xF3, 0x01, 0x7A, 0xFE, 0x86,
    0x4F, 0x5C, 0x51, 0x53, 0x2E, 0x2D, 0x37, 0x72, 0x46, 0x29, 0x27, 0x29, 0x1E, 0xFE, 0x2F, 0x02,
    0x25, 0x20, 0x42, 0x34, 0x22, 0x38, 0x24, 0x04, 0x13, 0x01, 0x04, 0x01, 0xF4, 0x4B, 0x2C, 0x27,
    0x27, 0x2F, 0x46, 0x01, 0x05, 0x01, 0x13, 0x04, 0x26, 0x39, 0x22, 0x4C, 0x4F, 0x01, 0x48, 0x70,
    0x61, 0x7A, 0x7A, 0x61, 0x70, 0x61, 0x7A, 0x7A, 0xD1, 0x70, 0x44, 0x4F, 0x4F, 0x44, 0x70, 0x45,
    0x4E, 0x4E, 0x00, 0x05, 0x00, 0x5C, 0xFD, 0xD5, 0x07, 0xD7, 0x08, 0x73, 0x00, 0x03, 0x00, 0x1E,
    0x00, 0x22, 0x00, 0x26, 0x00, 0x2A, 0x00, 0x00, 0x13, 0x09, 0x02, 0x03, 0x33, 0x34, 0x36, 0x37,
    0x36, 0x36, 0x35, 0x34, 0x26, 0x23, 0x22, 0x06, 0x07, 0x33, 0x36, 0x36, 0x33, 0x32, 0x16, 0x15,
    0x14, 0x06, 0x07, 0x0E, 0x02, 0x13, 0x35, 0x23, 0x15, 0x13, 0x35, 0x33, 0x15, 0x03, 0x35, 0x33,
    0x15, 0x5C, 0x03, 0xBC, 0x03, 0xBF, 0xFC, 0x41, 0x77, 0xCA, 0x19, 0x29, 0x44, 0x62, 0xA7, 0x95,
    0x7F, 0xB1, 0x02, 0xCB, 0x02, 0x3E, 0x27, 0x38, 0x39, 0x35, 0x28, 0x2F, 0x3D, 0x1D, 0xC9, 0xCA,
    0x7F, 0x04, 0x06, 0x04, 0x02, 0x83, 0x03, 0xCF, 0xFC, 0x31, 0xFC, 0x31, 0x02, 0xDE, 0x33, 0x3E,
    0x1B, 0x25, 0x81, 0x52, 0x80, 0x97, 0x7D, 0x8D, 0x37, 0x30, 0x40, 0x34, 0x34, 0x4D, 0x1A, 0x21,
    0x3A, 0x4E, 0xFE, 0xBB, 0xAA, 0xAA, 0xFD, 0x48, 0x04, 0x04, 0x0A, 0x9A, 0x04, 0x04, 0x00, 0x01,
    0x00, 0x39, 0x00, 0x00, 0x02, 0xB4, 0x03, 0x21, 0x00, 0x1C, 0x00, 0x10, 0xB5, 0x03, 0x1C, 0x1C,
    0x0B, 0x13, 0x02, 0x00, 0x2F, 0xCC, 0x32, 0x33, 0x11, 0x33, 0x30, 0x31, 0x25, 0x15, 0x21, 0x35,
    0x01, 0x3E, 0x02, 0x35, 0x34, 0x26, 0x23, 0x22, 0x06, 0x15, 0x23, 0x34, 0x36, 0x36, 0x33, 0x32,
    0x16, 0x16, 0x15, 0x14, 0x06, 0x06, 0x07, 0x07, 0x02, 0xB4, 0xFD, 0x97, 0x01, 0x1E, 0x25, 0x2E,
    0x17, 0x31, 0x30, 0x37, 0x37, 0xCB, 0x4A, 0x88, 0x5E, 0x62, 0x8A, 0x49, 0x30, 0x60, 0x4A, 0x6F,
    0xA0, 0xA0, 0x86, 0x01, 0x03, 0x22, 0x3D, 0x31, 0x10, 0x27, 0x30, 0x43, 0x2E, 0x4B, 0x7C, 0x4B,
    0x3B, 0x6E, 0x4E, 0x3A, 0x5E, 0x5C, 0x39, 0x5D, 0x00, 0x01, 0x00, 0x89, 0x00, 0x00, 0x02, 0x10,
    0x03, 0x13, 0x00, 0x06, 0x00, 0x23, 0x40, 0x15, 0x04, 0x05, 0x05, 0x03, 0x03, 0x2F, 0x00, 0x7F,
    0x00, 0x02, 0x0F, 0x00, 0x5F, 0x00, 0xAF, 0x00, 0xFF, 0x00, 0x04, 0x00, 0x01, 0x00, 0x2F, 0xCD,
    0x5D, 0x71, 0x32, 0x11, 0x33, 0x11, 0x33, 0x30, 0x31, 0x01, 0x11, 0x23, 0x11, 0x07, 0x35, 0x25,
    0x02, 0x10, 0xCB, 0xBC, 0x01, 0x74, 0x03, 0x13, 0xFC, 0xED, 0x02, 0x2B, 0x2B, 0x9B, 0x78, 0x00,
    0x00, 0x02, 0x00, 0x48, 0xFF, 0xF5, 0x02, 0xB2, 0x03, 0x20, 0x00, 0x11, 0x00, 0x23, 0x00, 0x0C,
    0xB3, 0x17, 0x0E, 0x20, 0x05, 0x00, 0x2F, 0x33, 0xC4, 0x32, 0x30, 0x31, 0x01, 0x15, 0x14, 0x06,
    0x06, 0x23, 0x22, 0x26, 0x26, 0x35, 0x35, 0x34, 0x36, 0x36, 0x33, 0x32, 0x16, 0x16, 0x03, 0x35,
    0x34, 0x26, 0x26, 0x23, 0x22, 0x06, 0x06, 0x15, 0x15, 0x14, 0x16, 0x16, 0x33, 0x32, 0x36, 0x36,
    0x02, 0xB2, 0x4E, 0x8B, 0x5B, 0x5B, 0x8C, 0x4F, 0x4E, 0x8C, 0x5A, 0x5C, 0x8C, 0x4E, 0xCA, 0x1A,
    0x30, 0x22, 0x20, 0x30, 0x19, 0x19, 0x31, 0x21, 0x21, 0x2F, 0x1A, 0x01, 0xDB, 0xA4, 0x6D, 0x8F,
    0x46, 0x46, 0x8F, 0x6D, 0xA4, 0x6E, 0x90, 0x47, 0x47, 0x90, 0xFE, 0xE7, 0xB3, 0x39, 0x44, 0x1F,
    0x1F, 0x44, 0x39, 0xB3, 0x3A, 0x43, 0x1D, 0x1D, 0x43, 0x00, 0x00, 0x02, 0x00, 0x31, 0xFF, 0xF5,
    0x02, 0xB5, 0x03, 0x21, 0x00, 0x19, 0x00, 0x33, 0x00, 0x19, 0x40, 0x0A, 0x1B, 0x00, 0x00, 0x19,
    0x1A, 0x1A, 0x08, 0x10, 0x2C, 0x24, 0x00, 0x2F, 0x33, 0xCC, 0x32, 0x39, 0x2F, 0x33, 0x33, 0x11,
    0x33, 0x30, 0x31, 0x01, 0x33, 0x32, 0x36, 0x36, 0x35, 0x34, 0x26, 0x23, 0x22, 0x06, 0x15, 0x23,
    0x34, 0x36, 0x36, 0x33, 0x32, 0x16, 0x16, 0x15, 0x14, 0x06, 0x06, 0x23, 0x23, 0x15, 0x35, 0x33,
    0x32, 0x16, 0x16, 0x15, 0x14, 0x06, 0x06, 0x23, 0x22, 0x26, 0x26, 0x35, 0x33, 0x14, 0x16, 0x33,
    0x32, 0x36, 0x35, 0x34, 0x26, 0x26, 0x23, 0x01, 0x11, 0x59, 0x27, 0x32, 0x19, 0x30, 0x3C, 0x2A,
    0x3C, 0xCB, 0x54, 0x88, 0x4F, 0x5E, 0x8F, 0x50, 0x4B, 0x80, 0x51, 0x7A, 0x7A, 0x58, 0x86, 0x4C,
    0x57, 0x96, 0x5E, 0x49, 0x91, 0x5F, 0xCC, 0x42, 0x38, 0x3D, 0x36, 0x1F, 0x39, 0x28, 0x01, 0xD5,
    0x17, 0x29, 0x1B, 0x1E, 0x32, 0x22, 0x1E, 0x49, 0x64, 0x34, 0x34, 0x65, 0x49, 0x3D, 0x57, 0x2E,
    0x2D, 0x55, 0x26, 0x57, 0x4B, 0x49, 0x68, 0x37, 0x30, 0x6D, 0x59, 0x21, 0x34, 0x35, 0x25, 0x23,
    0x2A, 0x13, 0x00, 0x02, 0x00, 0x36, 0x00, 0x00, 0x02, 0xC1, 0x03, 0x15, 0x00, 0x07, 0x00, 0x0B,
    0x00, 0x17, 0x40, 0x09, 0x03, 0x07, 0x07, 0x01, 0x01, 0x06, 0x05, 0x08, 0x0A, 0x00, 0x2F, 0xCC,
    0x32, 0x32, 0x39, 0x2F, 0x33, 0x11, 0x33, 0x30, 0x31, 0x01, 0x15, 0x21, 0x27, 0x01, 0x33, 0x03,
    0x07, 0x01, 0x11, 0x23, 0x11, 0x02, 0xC1, 0xFD, 0x81, 0x0C, 0x01, 0x66, 0xA0, 0xAF, 0x95, 0x01,
    0x70, 0xCB, 0x01, 0x44, 0xA3, 0x83, 0x01, 0xF1, 0xFE, 0xF4, 0xC5, 0x01, 0xD1, 0xFC, 0xEB, 0x03,
    0x15, 0x00, 0x00, 0x01, 0x00, 0x46, 0xFF, 0xF5, 0x02, 0xB1, 0x03, 0x15, 0x00, 0x21, 0x00, 0x12,
    0xB6, 0x1F, 0x09, 0x09, 0x04, 0x03, 0x19, 0x11, 0x00, 0x2F, 0x33, 0xCC, 0x32, 0x39, 0x2F, 0x33,
    0x30, 0x31, 0x13, 0x27, 0x13, 0x21, 0x15, 0x21, 0x07, 0x36, 0x36, 0x33, 0x32, 0x16, 0x16, 0x15,
    0x14, 0x06, 0x06, 0x23, 0x22, 0x26, 0x26, 0x27, 0x33, 0x16, 0x16, 0x33, 0x32, 0x36, 0x35, 0x34,
    0x26, 0x23, 0x22, 0x06, 0xF9, 0xA1, 0x36, 0x01, 0xF7, 0xFE, 0xAE, 0x15, 0x0E, 0x4C, 0x2A, 0x58,
    0x79, 0x3E, 0x43, 0x88, 0x69, 0x4E, 0x8E, 0x59, 0x02, 0xCC, 0x01, 0x3A, 0x30, 0x3F, 0x2A, 0x3C,
    0x3D, 0x33, 0x33, 0x01, 0x57, 0x28, 0x01, 0x96, 0x9D, 0x8C, 0x06, 0x15, 0x3C, 0x71, 0x51, 0x46,
    0x7E, 0x50, 0x38, 0x6A, 0x48, 0x28, 0x21, 0x45, 0x2E, 0x36, 0x3F, 0x1C, 0x00, 0x01, 0x00, 0x47,
    0xFF, 0xF5, 0x02, 0xC3, 0x03, 0x25, 0x00, 0x2D, 0x00, 0x13, 0xB6, 0x13, 0x1C, 0x1C, 0x03, 0x00,
    0x0C, 0x24, 0x00, 0x2F, 0x33, 0xCC, 0x32, 0x39, 0x7D, 0x2F, 0x33, 0x30, 0x31, 0x01, 0x33, 0x15,
    0x23, 0x22, 0x06, 0x06, 0x15, 0x15, 0x14, 0x16, 0x16, 0x33, 0x32, 0x36, 0x36, 0x35, 0x34, 0x26,
    0x23, 0x22, 0x06, 0x06, 0x15, 0x27, 0x26, 0x36, 0x36, 0x33, 0x32, 0x16, 0x16, 0x15, 0x14, 0x06,
    0x06, 0x23, 0x22, 0x26, 0x26, 0x35, 0x35, 0x34, 0x3E, 0x02, 0x02, 0x19, 0x22, 0x0B, 0x4F, 0x83,
    0x4D, 0x1C, 0x35, 0x26, 0x21, 0x32, 0x1D, 0x3D, 0x35, 0x27, 0x3A, 0x1F, 0x35, 0x01, 0x39, 0x6F,
    0x50, 0x51, 0x70, 0x3A, 0x4F, 0x8B, 0x5B, 0x5D, 0x94, 0x56, 0x4B, 0x84, 0xA7, 0x03, 0x25, 0xA3,
    0x26, 0x6A, 0x66, 0x77, 0x2C, 0x39, 0x1B, 0x1F, 0x35, 0x1F, 0x36, 0x32, 0x1B, 0x25, 0x11, 0x18,
    0x2F, 0x64, 0x45, 0x43, 0x77, 0x4E, 0x4F, 0x7B, 0x48, 0x45, 0x8E, 0x6E, 0x34, 0x77, 0xA8, 0x6A,
    0x32, 0x00, 0x00, 0x01, 0x00, 0x34, 0x00, 0x00, 0x02, 0xB2, 0x03, 0x15, 0x00, 0x06, 0x00, 0x0C,
    0xB3, 0x05, 0x01, 0x06, 0x02, 0x00, 0x2F, 0xCC, 0x32, 0x32, 0x30, 0x31, 0x01, 0x15, 0x01, 0x23,
    0x01, 0x21, 0x35, 0x02, 0xB2, 0xFE, 0xB4, 0xD6, 0x01, 0x4D, 0xFE, 0x57, 0x03, 0x15, 0x70, 0xFD,
    0x5B, 0x02, 0x74, 0xA1, 0x00, 0x04, 0x00, 0x48, 0xFF, 0xF5, 0x02, 0xB3, 0x03, 0x21, 0x00, 0x0F,
    0x00, 0x1F, 0x00, 0x2F, 0x00, 0x3D, 0x00, 0x17, 0x40, 0x0A, 0x0C, 0x24, 0x3B, 0x03, 0x14, 0x14,
    0x34, 0x2C, 0x1C, 0x04, 0x00, 0x2F, 0x33, 0xCC, 0x32, 0x39, 0x2F, 0x17, 0x33, 0x30, 0x31, 0x25,
    0x14, 0x06, 0x06, 0x23, 0x22, 0x26, 0x26, 0x35, 0x34, 0x36, 0x36, 0x33, 0x32, 0x16, 0x16, 0x07,
    0x34, 0x26, 0x26, 0x23, 0x22, 0x06, 0x06, 0x15, 0x14, 0x16, 0x16, 0x33, 0x32, 0x36, 0x36, 0x13,
    0x14, 0x06, 0x06, 0x23, 0x22, 0x26, 0x26, 0x35, 0x34, 0x36, 0x36, 0x33, 0x32, 0x16, 0x16, 0x07,
    0x34, 0x26, 0x26, 0x23, 0x22, 0x06, 0x15, 0x14, 0x16, 0x16, 0x33, 0x32, 0x36, 0x02, 0xB3, 0x50,
    0x8B, 0x5A, 0x58, 0x8D, 0x51, 0x51, 0x8C, 0x57, 0x59, 0x8D, 0x51, 0xCA, 0x1C, 0x31, 0x20, 0x1E,
    0x30, 0x1B, 0x1B, 0x31, 0x1F, 0x20, 0x30, 0x1B, 0xB7, 0x4A, 0x82, 0x56, 0x54, 0x85, 0x4B, 0x4B,
    0x84, 0x53, 0x56, 0x84, 0x4A, 0xCB, 0x14, 0x27, 0x1E, 0x2A, 0x2D, 0x14, 0x28, 0x1D, 0x2C, 0x2B,
    0xDA, 0x4C, 0x67, 0x32, 0x32, 0x67, 0x4C, 0x47, 0x63, 0x35, 0x35, 0x63, 0x34, 0x1D, 0x25, 0x13,
    0x13, 0x25, 0x1D, 0x1B, 0x28, 0x14, 0x14, 0x28, 0x01, 0x6F, 0x40, 0x5D, 0x33, 0x33, 0x5D, 0x40,
    0x49, 0x64, 0x33, 0x33, 0x64, 0x57, 0x19, 0x22, 0x12, 0x28, 0x25, 0x17, 0x25, 0x14, 0x2C, 0x00,
    0x00, 0x01, 0x00, 0x44, 0xFF, 0xF4, 0x02, 0xAE, 0x03, 0x21, 0x00, 0x2E, 0x00, 0x13, 0xB6, 0x12,
    0x1B, 0x1B, 0x0A, 0x23, 0x01, 0x2D, 0x00, 0x2F, 0x33, 0xCC, 0x32, 0x39, 0x7C, 0x2F, 0x33, 0x30,
    0x31, 0x37, 0x33, 0x32, 0x36, 0x36, 0x35, 0x35, 0x34, 0x26, 0x26, 0x23, 0x22, 0x06, 0x06, 0x15,
    0x14, 0x16, 0x16, 0x33, 0x32, 0x36, 0x36, 0x27, 0x17, 0x16, 0x06, 0x06, 0x23, 0x22, 0x26, 0x26,
    0x35, 0x34, 0x36, 0x36, 0x33, 0x32, 0x16, 0x16, 0x15, 0x15, 0x14, 0x0E, 0x02, 0x23, 0x23, 0xD8,
    0x0D, 0x50, 0x71, 0x3D, 0x19, 0x2F, 0x22, 0x21, 0x2F, 0x1A, 0x1A, 0x33, 0x26, 0x26, 0x31, 0x18,
    0x01, 0x3F, 0x01, 0x40, 0x69, 0x3C, 0x51, 0x76, 0x40, 0x50, 0x8B, 0x5A, 0x55, 0x8D, 0x53, 0x45,
    0x7B, 0xA6, 0x61, 0x0F, 0x93, 0x20, 0x5C, 0x59, 0x9D, 0x2C, 0x36, 0x19, 0x23, 0x3B, 0x22, 0x24,
    0x31, 0x1B, 0x1A, 0x24, 0x0D, 0x15, 0x34, 0x5D, 0x39, 0x3B, 0x75, 0x56, 0x4F, 0x81, 0x4F, 0x44,
    0x8E, 0x72, 0x37, 0x7C, 0xA7, 0x63, 0x2C, 0x00, 0x00, 0x01, 0x00, 0x8C, 0x02, 0x8B, 0x03, 0x48,
    0x03, 0x3D, 0x00, 0x03, 0x00, 0x08, 0xB1, 0x03, 0x02, 0x00, 0x2F, 0x33, 0x30, 0x31, 0x01, 0x15,
    0x21, 0x35, 0x03, 0x48, 0xFD, 0x44, 0x03, 0x3D, 0xB2, 0xB2, 0x00, 0x03, 0x00, 0x91, 0x04, 0x58,
    0x02, 0xD5, 0x06, 0xBD, 0x00, 0x03, 0x00, 0x0F, 0x00, 0x1B, 0x00, 0x19, 0x40, 0x09, 0x13, 0x0D,
    0x0D, 0x07, 0x01, 0x03, 0x03, 0x19, 0x07, 0x00, 0x2F, 0x33, 0x33, 0x7C, 0x2F, 0x18, 0xCD, 0x11,
    0x33, 0x11, 0x33, 0x30, 0x31, 0x01, 0x37, 0x21, 0x05, 0x05, 0x34, 0x36, 0x33, 0x32, 0x16, 0x15,
    0x14, 0x06, 0x23, 0x22, 0x26, 0x37, 0x14, 0x16, 0x33, 0x32, 0x36, 0x35, 0x34, 0x26, 0x23, 0x22,
    0x06, 0x01, 0x12, 0xBF, 0x01, 0x04, 0xFE, 0xF2, 0xFE, 0xCA, 0x76, 0x55, 0x54, 0x73, 0x73, 0x54,
    0x55, 0x76, 0x70, 0x34, 0x27, 0x26, 0x30, 0x30, 0x26, 0x27, 0x34, 0x05, 0xEF, 0xCE, 0xCE, 0xE1,
    0x4F, 0x69, 0x69, 0x4F, 0x50, 0x66, 0x67, 0x4F, 0x27, 0x31, 0x31, 0x27, 0x28, 0x32, 0x32, 0x00,
    0x00, 0x03, 0x00, 0x83, 0x00, 0x00, 0x05, 0x38, 0x05, 0xB0, 0x00, 0x03, 0x00, 0x09, 0x00, 0x0D,
    0x00, 0x20, 0x40, 0x10, 0x0A, 0x08, 0x09, 0x02, 0x0C, 0x0B, 0x0B, 0x07, 0x06, 0x06, 0x02, 0x03,
    0x02, 0x72, 0x02, 0x08, 0x00, 0x3F, 0x2B, 0x12, 0x39, 0x2F, 0x33, 0x33, 0x11, 0x33, 0x3F, 0x3F,
    0x30, 0x31, 0x01, 0x11, 0x21, 0x11, 0x21, 0x01, 0x21, 0x03, 0x33, 0x01, 0x13, 0x01, 0x37, 0x01,
    0x01, 0xAF, 0xFE, 0xD4, 0x04, 0x86, 0xFD, 0xD2, 0xFE, 0x91, 0x26, 0xF5, 0x01, 0x62, 0x37, 0xFE,
    0x68, 0xD0, 0x02, 0x2C, 0x05, 0xB0, 0xFA, 0x50, 0x05, 0xB0, 0xFC, 0xA9, 0x01, 0x0B, 0x02, 0x4C,
    0xFA, 0x50, 0x02, 0x8B, 0xD6, 0xFC, 0x9F, 0x00, 0x00, 0x01, 0x00, 0x84, 0x04, 0x50, 0x01, 0xA6,
    0x06, 0x18, 0x00, 0x0A, 0x00, 0x0A, 0xB2, 0x05, 0x80, 0x00, 0x00, 0x2F, 0x1A, 0xCD, 0x30, 0x31,
    0x13, 0x35, 0x34, 0x36, 0x36, 0x37, 0x17, 0x06, 0x06, 0x15, 0x07, 0x84, 0x24, 0x40, 0x29, 0x95,
    0x19, 0x2B, 0x01, 0x04, 0x50, 0x88, 0x46, 0x7C, 0x62, 0x1C, 0x4C, 0x2F, 0x81, 0x4F, 0x7D, 0x00,
    0x00, 0x02, 0x00, 0x6A, 0x04, 0xCB, 0x03, 0x21, 0x06, 0x70, 0x00, 0x0F, 0x00, 0x13, 0x00, 0x12,
    0xB5, 0x12, 0x13, 0x0A, 0x00, 0x0D, 0x05, 0x00, 0x2F, 0x33, 0x7C, 0xDC, 0x32, 0xD6, 0x18, 0xCD,
    0x30, 0x31, 0x01, 0x33, 0x14, 0x06, 0x06, 0x23, 0x22, 0x26, 0x26, 0x35, 0x33, 0x14, 0x16, 0x33,
    0x32, 0x36, 0x27, 0x27, 0x33, 0x17, 0x02, 0x63, 0xBE, 0x54, 0x9C, 0x6B, 0x6B, 0x9D, 0x54, 0xBD,
    0x47, 0x58, 0x56, 0x47, 0xDA, 0xB0, 0xCA, 0x7C, 0x05, 0xB2, 0x44, 0x69, 0x3A, 0x3A, 0x69, 0x44,
    0x2C, 0x45, 0x45, 0x2D, 0xBD, 0xBD, 0x00, 0x02, 0xFC, 0x9A, 0x04, 0xBC, 0xFE, 0xE3, 0x06, 0x80,
    0x00, 0x17, 0x00, 0x1B, 0x00, 0x1D, 0x40, 0x0C, 0x00, 0x15, 0x15, 0x05, 0x19, 0x1B, 0x1B, 0x09,
    0x11, 0x11, 0x0C, 0x05, 0x00, 0x2F, 0x33, 0x33, 0x11, 0x33, 0x33, 0x2F, 0x33, 0x11, 0x33, 0x11,
    0x33, 0x30, 0x31, 0x01, 0x17, 0x14, 0x06, 0x06, 0x23, 0x22, 0x26, 0x26, 0x23, 0x22, 0x06, 0x15,
    0x27, 0x34, 0x36, 0x36, 0x33, 0x32, 0x16, 0x16, 0x33, 0x32, 0x36, 0x25, 0x37, 0x33, 0x07, 0xFE,
    0x6A, 0x79, 0x2A, 0x4A, 0x30, 0x35, 0x48, 0x41, 0x2C, 0x1C, 0x27, 0x78, 0x2A, 0x49, 0x30, 0x2B,
    0x4C, 0x4A, 0x29, 0x1B, 0x28, 0xFE, 0xFC, 0x81, 0xCE, 0xB3, 0x05, 0xA4, 0x22, 0x30, 0x52, 0x33,
    0x23, 0x22, 0x32, 0x24, 0x20, 0x30, 0x52, 0x33, 0x21, 0x22, 0x32, 0x3B, 0xC5, 0xC5, 0x00, 0x02,
    0x00, 0x83, 0x04, 0xEB, 0x04, 0x98, 0x06, 0x81, 0x00, 0x06, 0x00, 0x0A, 0x00, 0x14, 0xB7, 0x08,
    0x07, 0x07, 0x05, 0x01, 0x80, 0x04, 0x06, 0x00, 0x2F, 0x33, 0x1A, 0xCD, 0x39, 0x33, 0x2F, 0xCD,
    0x30, 0x31, 0x13, 0x25, 0x33, 0x05, 0x23, 0x27, 0x07, 0x25, 0x13, 0x33, 0x03, 0x83, 0x01, 0x1B,
    0xA0, 0x01, 0x1C, 0xD4, 0x98, 0x98, 0x01, 0xBB, 0xA4, 0xE3, 0xE3, 0x04, 0xEB, 0xE8, 0xE8, 0x81,
    0x81, 0x89, 0x01, 0x0D, 0xFE, 0xF3, 0x00, 0x02, 0xFF, 0x47, 0x04, 0xE5, 0x03, 0x5D, 0x06, 0x7C,
    0x00, 0x06, 0x00, 0x0A, 0x00, 0x17, 0x40, 0x09, 0x07, 0x40, 0x08, 0x08, 0x03, 0x06, 0x80, 0x02,
    0x04, 0x00, 0x2F, 0x33, 0x1A, 0xCD, 0x39, 0x33, 0x2F, 0x1A, 0xCD, 0x30, 0x31, 0x01, 0x05, 0x23,
    0x27, 0x07, 0x23, 0x25, 0x25, 0x13, 0x23, 0x03, 0x02, 0x42, 0x01, 0x1B, 0xD3, 0x98, 0x98, 0xD4,
    0x01, 0x1B, 0xFE, 0x8A, 0xA4, 0xA4, 0xE4, 0x05, 0xCD, 0xE8, 0x82, 0x82, 0xE8, 0xAF, 0xFE, 0xF2,
    0x01, 0x0E, 0x00, 0x02, 0x00, 0x86, 0x04, 0xEB, 0x04, 0x1A, 0x06, 0xC0, 0x00, 0x06, 0x00, 0x1A,
    0x00, 0x1F, 0x40, 0x0D, 0x11, 0x12, 0x08, 0x40, 0x1A, 0x09, 0x08, 0x08, 0x03, 0x06, 0x80, 0x02,
    0x04, 0x00, 0x2F, 0x33, 0x1A, 0xCD, 0x39, 0x33, 0x11, 0x33, 0x33, 0x1A, 0x10, 0xCC, 0x32, 0x30,
    0x31, 0x01, 0x05, 0x23, 0x27, 0x07, 0x23, 0x25, 0x05, 0x23, 0x27, 0x3E, 0x02, 0x35, 0x34, 0x26,
    0x26, 0x23, 0x37, 0x32, 0x1E, 0x02, 0x15, 0x14, 0x06, 0x07, 0x02, 0x46, 0x01, 0x17, 0xCD, 0x9E,
    0x9E, 0xCE, 0x01, 0x18, 0x01, 0xFD, 0x98, 0x0E, 0x2A, 0x33, 0x19, 0x20, 0x37, 0x24, 0x07, 0x48,
    0x6C, 0x4A, 0x25, 0x4F, 0x30, 0x05, 0xD4, 0xE9, 0x8B, 0x8B, 0xE9, 0x69, 0x73, 0x02, 0x0C, 0x17,
    0x12, 0x18, 0x19, 0x0B, 0x6F, 0x16, 0x2B, 0x3C, 0x26, 0x3B, 0x39, 0x07, 0x00, 0x02, 0x00, 0x86,
    0x04, 0xEB, 0x03, 0x5D, 0x06, 0xC6, 0x00, 0x06, 0x00, 0x1E, 0x00, 0x25, 0x40, 0x10, 0x08, 0x07,
    0x07, 0x10, 0x18, 0x0C, 0x40, 0x14, 0x13, 0x13, 0x1C, 0x0C, 0x0C, 0x06, 0x80, 0x04, 0x00, 0x2F,
    0x1A, 0xCD, 0x32, 0x11, 0x33, 0x33, 0x11, 0x33, 0x1A, 0x10, 0xCD, 0x32, 0x32, 0x11, 0x33, 0x30,
    0x31, 0x01, 0x05, 0x23, 0x27, 0x07, 0x23, 0x25, 0x37, 0x17, 0x14, 0x06, 0x06, 0x23, 0x22, 0x26,
    0x26, 0x23, 0x22, 0x06, 0x15, 0x27, 0x34, 0x36, 0x36, 0x33, 0x32, 0x16, 0x16, 0x33, 0x32, 0x36,
    0x02, 0x40, 0x01, 0x1D, 0xCD, 0x9E, 0x9E, 0xCE, 0x01, 0x1E, 0xEA, 0x66, 0x20, 0x3C, 0x29, 0x2D,
    0x44, 0x3F, 0x25, 0x18, 0x1B, 0x65, 0x20, 0x3C, 0x28, 0x26, 0x46, 0x46, 0x22, 0x18, 0x1C, 0x05,
    0xCE, 0xE3, 0x82, 0x82, 0xE3, 0xF8, 0x23, 0x27, 0x48, 0x2D, 0x21, 0x20, 0x2A, 0x1D, 0x1C, 0x27,
    0x48, 0x2E, 0x20, 0x20, 0x30, 0x00, 0x00, 0x02, 0x00, 0x6A, 0x04, 0xC9, 0x03, 0x21, 0x06, 0x70,
    0x00, 0x0F, 0x00, 0x13, 0x00, 0x12, 0xB5, 0x11, 0x13, 0x00, 0x0A, 0x0D, 0x05, 0x00, 0x2F, 0x33,
    0x7C, 0xDC, 0x32, 0x18, 0xD6, 0xCD, 0x30, 0x31, 0x01, 0x33, 0x14, 0x06, 0x06, 0x23, 0x22, 0x26,
    0x26, 0x35, 0x33, 0x14, 0x16, 0x33, 0x32, 0x36, 0x27, 0x37, 0x33, 0x07, 0x02, 0x63, 0xBE, 0x54,
    0x9C, 0x6B, 0x6B, 0x9D, 0x54, 0xBD, 0x47, 0x58, 0x56, 0x47, 0xED, 0x7C, 0xCA, 0xB0, 0x05, 0xB0,
    0x44, 0x69, 0x3A, 0x3A, 0x69, 0x44, 0x2C, 0x45, 0x45, 0x2F, 0xBD, 0xBD, 0x00, 0x02, 0x00, 0x6A,
    0x04, 0xCB, 0x03, 0x26, 0x07, 0x09, 0x00, 0x0F, 0x00, 0x25, 0x00, 0x28, 0x40, 0x11, 0x1B, 0x1C,
    0x1C, 0x11, 0x25, 0x12, 0x12, 0x11, 0x11, 0x09, 0x0D, 0x05, 0x00, 0x09, 0x09, 0x05, 0x10, 0x00,
    0x3F, 0x33, 0x7C, 0x2F, 0x33, 0x11, 0x33, 0x11, 0x33, 0x18, 0x2F, 0x33, 0x11, 0x33, 0x11, 0x33,
    0x2F, 0x33, 0x30, 0x31, 0x01, 0x33, 0x14, 0x06, 0x06, 0x23, 0x22, 0x26, 0x26, 0x35, 0x33, 0x14,
    0x16, 0x33, 0x32, 0x36, 0x27, 0x23, 0x27, 0x3E, 0x02, 0x35, 0x34, 0x2E, 0x02, 0x23, 0x37, 0x32,
    0x1E, 0x02, 0x15, 0x14, 0x06, 0x06, 0x07, 0x02, 0x67, 0xBF, 0x55, 0x9C, 0x6C, 0x6C, 0x9E, 0x55,
    0xBF, 0x48, 0x58, 0x55, 0x49, 0x49, 0xB4, 0x10, 0x30, 0x3C, 0x1C, 0x15, 0x26, 0x34, 0x1F, 0x07,
    0x55, 0x80, 0x56, 0x2C, 0x2B, 0x44, 0x25, 0x05, 0xB0, 0x44, 0x67, 0x3A, 0x3A, 0x67, 0x44, 0x2B,
    0x41, 0x41, 0x48, 0x6C, 0x02, 0x0B, 0x15, 0x10, 0x10, 0x15, 0x0C, 0x06, 0x67, 0x15, 0x26, 0x39,
    0x22, 0x25, 0x2E, 0x1A, 0x04, 0x00, 0xFF, 0xFF, 0x00, 0x48, 0x02, 0x8D, 0x02, 0xB2, 0x05, 0xB8,
    0x02, 0x07, 0x01, 0xDF, 0x00, 0x00, 0x02, 0x98, 0xFF, 0xFF, 0x00, 0x36, 0x02, 0x98, 0x02, 0xC1,
    0x05, 0xAD, 0x02, 0x07, 0x01, 0xE1, 0x00, 0x00, 0x02, 0x98, 0xFF, 0xFF, 0x00, 0x46, 0x02, 0x8D,
    0x02, 0xB1, 0x05, 0xAD, 0x02, 0x07, 0x01, 0xE2, 0x00, 0x00, 0x02, 0x98, 0xFF, 0xFF, 0x00, 0x47,
    0x02, 0x8D, 0x02, 0xC3, 0x05, 0xBD, 0x02, 0x07, 0x01, 0xE3, 0x00, 0x00, 0x02, 0x98, 0xFF, 0xFF,
    0x00, 0x34, 0x02, 0x98, 0x02, 0xB2, 0x05, 0xAD, 0x02, 0x07, 0x01, 0xE4, 0x00, 0x00, 0x02, 0x98,
    0xFF, 0xFF, 0x00, 0x48, 0x02, 0x8D, 0x02, 0xB3, 0x05, 0xB9, 0x02, 0x07, 0x01, 0xE5, 0x00, 0x00,
    0x02, 0x98, 0xFF, 0xFF, 0x00, 0x44, 0x02, 0x8C, 0x02, 0xAE, 0x05, 0xB9, 0x02, 0x07, 0x01, 0xE6,
    0x00, 0x00, 0x02, 0x98, 0x00, 0x02, 0x00, 0x6A, 0x04, 0xC5, 0x03, 0x1E, 0x06, 0xE2, 0x00, 0x0F,
    0x00, 0x27, 0x00, 0x29, 0x40, 0x11, 0x11, 0x10, 0x10, 0x19, 0x21, 0x21, 0x15, 0x1D, 0x1C, 0x1C,
    0x25, 0x15, 0x15, 0x00, 0x09, 0x0D, 0x05, 0x00, 0x2F, 0x33, 0xCD, 0x32, 0x32, 0x7C, 0x2F, 0x33,
    0x33, 0x11, 0x33, 0x11, 0x33, 0x18, 0x2F, 0x33, 0x33, 0x11, 0x33, 0x30, 0x31, 0x01, 0x33, 0x14,
    0x06, 0x06, 0x23, 0x22, 0x26, 0x26, 0x35, 0x33, 0x14, 0x16, 0x33, 0x32, 0x36, 0x13, 0x17, 0x14,
    0x06, 0x06, 0x23, 0x22, 0x26, 0x26, 0x23, 0x22, 0x06, 0x15, 0x27, 0x34, 0x36, 0x36, 0x33, 0x32,
    0x16, 0x16, 0x33, 0x32, 0x36, 0x02, 0x61, 0xBD, 0x54, 0x9B, 0x6B, 0x6A, 0x9C, 0x54, 0xBD, 0x46,
    0x57, 0x56, 0x47, 0x0D, 0x79, 0x2A, 0x4A, 0x30, 0x34, 0x49, 0x41, 0x2C, 0x1C, 0x27, 0x78, 0x2A,
    0x49, 0x30, 0x2C, 0x4B, 0x49, 0x2A, 0x1B, 0x28, 0x05, 0xAF, 0x44, 0x6A, 0x3C, 0x3C, 0x6A, 0x44,
    0x2B, 0x42, 0x42, 0x01, 0x5E, 0x23, 0x30, 0x52, 0x32, 0x23, 0x22, 0x32, 0x25, 0x21, 0x30, 0x52,
    0x33, 0x22, 0x21, 0x31, 0x00, 0x01, 0x00, 0x5D, 0xFE, 0x9B, 0x01, 0x7E, 0x00, 0xC9, 0x00, 0x03,
    0x00, 0x08, 0xB1, 0x01, 0x00, 0x00, 0x2F, 0xCD, 0x30, 0x31, 0x25, 0x11, 0x21, 0x11, 0x01, 0x7E,
    0xFE, 0xDF, 0xC9, 0xFD, 0xD2, 0x02, 0x2E, 0x00, 0x00, 0x01, 0xFF, 0x9A, 0xFE, 0x4B, 0x01, 0xA8,
    0x00, 0xFB, 0x00, 0x11, 0x00, 0x0A, 0xB2, 0x0D, 0x06, 0x00, 0x00, 0x2F, 0xCC, 0x32, 0x30, 0x31,
    0x37, 0x21, 0x11, 0x14, 0x06, 0x06, 0x23, 0x22, 0x26, 0x27, 0x37, 0x16, 0x16, 0x33, 0x32, 0x36,
    0x36, 0x35, 0x87, 0x01, 0x21, 0x5C, 0xAB, 0x76, 0x27, 0x44, 0x26, 0x0E, 0x16, 0x31, 0x1D, 0x27,
    0x37, 0x1D, 0xFB, 0xFE, 0xDE, 0x80, 0xB2, 0x5C, 0x07, 0x0A, 0xDF, 0x06, 0x06, 0x26, 0x4D, 0x37,
    0xFF, 0xFF, 0x00, 0x5D, 0xFF, 0xEC, 0x04, 0x4A, 0x05, 0xBF, 0x00, 0x06, 0x00, 0x1A, 0xFA, 0x00,
    0xFF, 0xFF, 0x00, 0x5E, 0xFF, 0xEC, 0x04, 0x39, 0x05, 0xC5, 0x02, 0x06, 0x00, 0x1C, 0x00, 0x00,
    0xFF, 0xFF, 0xFF, 0xA8, 0xFE, 0x4B, 0x01, 0xB7, 0x04, 0x3A, 0x00, 0x06, 0x00, 0x9C, 0x00, 0x00,
    0xFF, 0xFF, 0xFF, 0xA8, 0xFE, 0x4B, 0x01, 0xB7, 0x04, 0x3A, 0x02, 0x06, 0x00, 0x9C, 0x00, 0x00,
    0xFF, 0xFF, 0x00, 0x86, 0x00, 0x00, 0x01, 0xA7, 0x04, 0x3A, 0x02, 0x06, 0x00, 0x8D, 0x00, 0x00,
    0xFF, 0xFF, 0xFF, 0xFC, 0xFE, 0x64, 0x01, 0xA7, 0x04, 0x3A, 0x02, 0x26, 0x00, 0x8D, 0x00, 0x00,
    0x01, 0x06, 0x00, 0xA4, 0xDA, 0x0A, 0x00, 0x0B, 0xB6, 0x01, 0x04, 0x02, 0x00, 0x00, 0x43, 0x56,
    0x00, 0x2B, 0x34, 0x00, 0xFF, 0xFF, 0x00, 0x86, 0x00, 0x00, 0x01, 0xA7, 0x04, 0x3A, 0x02, 0x06,
    0x00, 0x8D, 0x00, 0x00, 0x00, 0x01, 0x00, 0x38, 0x00, 0x00, 0x03, 0xFD, 0x05, 0xB0, 0x00, 0x06,
    0x00, 0x13, 0x40, 0x09, 0x01, 0x05, 0x05, 0x06, 0x04, 0x72, 0x03, 0x0C, 0x72, 0x00, 0x2B, 0x2B,
    0x32, 0x11, 0x33, 0x30, 0x31, 0x01, 0x15, 0x01, 0x21, 0x01, 0x21, 0x35, 0x03, 0xFD, 0xFD, 0xE6,
    0xFE, 0xDF, 0x02, 0x1C, 0xFD, 0x5A, 0x05, 0xB0, 0x9B, 0xFA, 0xEB, 0x04, 0xCF, 0xE1, 0x00, 0x02,
    0x00, 0x14, 0xFE, 0x4E, 0x04, 0x45, 0x04, 0x4A, 0x00, 0x03, 0x00, 0x25, 0x00, 0x19, 0x40, 0x0C,
    0x0E, 0x15, 0x01, 0x01, 0x15, 0x1F, 0x04, 0x07, 0x72, 0x03, 0x06, 0x72, 0x00, 0x2B, 0x2B, 0x32,
    0x2F, 0x33, 0x2F, 0x11, 0x33, 0x30, 0x31, 0x01, 0x01, 0x21, 0x01, 0x25, 0x32, 0x1E, 0x02, 0x17,
    0x01, 0x1E, 0x02, 0x17, 0x16, 0x32, 0x37, 0x07, 0x06, 0x06, 0x27, 0x2E, 0x03, 0x27, 0x01, 0x2E,
    0x02, 0x23, 0x22, 0x06, 0x07, 0x27, 0x36, 0x36, 0x04, 0x3E, 0xFD, 0x1D, 0xFE, 0xE3, 0x02, 0xDC,
    0xFD, 0x98, 0x56, 0x71, 0x47, 0x2D, 0x12, 0x01, 0x8F, 0x0E, 0x22, 0x2C, 0x1C, 0x0C, 0x26, 0x0D,
    0x16, 0x1D, 0x4C, 0x24, 0x3E, 0x5D, 0x43, 0x32, 0x13, 0xFE, 0x8B, 0x0F, 0x34, 0x43, 0x27, 0x0C,
    0x2A, 0x0C, 0x07, 0x28, 0x49, 0x04, 0x3A, 0xFA, 0x26, 0x05, 0xDA, 0x10, 0x36, 0x55, 0x5D, 0x28,
    0xFC, 0x7D, 0x20, 0x35, 0x23, 0x06, 0x03, 0x01, 0xDE, 0x07, 0x04, 0x03, 0x06, 0x42, 0x63, 0x6C,
    0x2F, 0x03, 0x58, 0x26, 0x35, 0x1D, 0x04, 0x02, 0xD3, 0x0A, 0x0C, 0x00, 0xFF, 0xFF, 0x00, 0x69,
    0x00, 0x00, 0x02, 0xE2, 0x05, 0xB3, 0x00, 0x06, 0x00, 0x15, 0xC0, 0x00, 0xFF, 0xFF, 0x00, 0x73,
    0x02, 0x00, 0x02, 0xA8, 0x02, 0xE2, 0x02, 0x06, 0x00, 0x11, 0x00, 0x00, 0x00, 0x03, 0x00, 0x0B,
    0x00, 0x00, 0x04, 0xFA, 0x05, 0xB0, 0x00, 0x1A, 0x00, 0x1E, 0x00, 0x22, 0x00, 0x23, 0x40, 0x11,
    0x02, 0x01, 0x01, 0x1D, 0x22, 0x21, 0x21, 0x1D, 0x0E, 0x0F, 0x0F, 0x1E, 0x02, 0x72, 0x1D, 0x08,
    0x72, 0x00, 0x2B, 0x2B, 0x32, 0x11, 0x33, 0x11, 0x39, 0x2F, 0x33, 0x11, 0x33, 0x11, 0x33, 0x30,
    0x31, 0x21, 0x21, 0x37, 0x21, 0x32, 0x36, 0x36, 0x35, 0x35, 0x34, 0x2E, 0x02, 0x23, 0x21, 0x35,
    0x21, 0x32, 0x1E, 0x02, 0x15, 0x15, 0x14, 0x02, 0x06, 0x06, 0x01, 0x11, 0x21, 0x11, 0x01, 0x15,
    0x21, 0x35, 0x02, 0x5F, 0xFE, 0xC3, 0x02, 0x01, 0x3B, 0x76, 0xA2, 0x53, 0x2F, 0x5C, 0x86, 0x57,
    0xFE, 0xBA, 0x01, 0x46, 0x92, 0xF3, 0xB2, 0x61, 0x61, 0xB1, 0xF5, 0xFE, 0xD9, 0xFE, 0xD4, 0x02,
    0x28, 0xFD, 0x43, 0xEA, 0x6B, 0xCE, 0x92, 0x47, 0x70, 0xAA, 0x74, 0x3B, 0xEB, 0x63, 0xB8, 0xFF,
    0x9C, 0x45, 0x9B, 0xFF, 0x00, 0xB7, 0x63, 0x05, 0xB0, 0xFA, 0x50, 0x05, 0xB0, 0xFD, 0x87, 0xB2,
    0xB2, 0x00, 0x00, 0x03, 0x00, 0x0B, 0x00, 0x00, 0x04, 0xFA, 0x05, 0xB0, 0x00, 0x1A, 0x00, 0x1E,
    0x00, 0x22, 0x00, 0x23, 0x40, 0x11, 0x02, 0x01, 0x01, 0x1D, 0x22, 0x21, 0x21, 0x1D, 0x0E, 0x0F,
    0x0F, 0x1E, 0x02, 0x72, 0x1D, 0x08, 0x72, 0x00, 0x2B, 0x2B, 0x32, 0x11, 0x33, 0x11, 0x39, 0x2F,
    0x33, 0x11, 0x33, 0x11, 0x33, 0x30, 0x31, 0x21, 0x21, 0x37, 0x21, 0x32, 0x36, 0x36, 0x35, 0x35,
    0x34, 0x2E, 0x02, 0x23, 0x21, 0x35, 0x21, 0x32, 0x1E, 0x02, 0x15, 0x15, 0x14, 0x02, 0x06, 0x06,
    0x01, 0x11, 0x21, 0x11, 0x01, 0x15, 0x21, 0x35, 0x02, 0x5F, 0xFE, 0xC3, 0x02, 0x01, 0x3B, 0x76,
    0xA2, 0x53, 0x2F, 0x5C, 0x86, 0x57, 0xFE, 0xBA, 0x01, 0x46, 0x92, 0xF3, 0xB2, 0x61, 0x61, 0xB1,
    0xF5, 0xFE, 0xD9, 0xFE, 0xD4, 0x02, 0x28, 0xFD, 0x43, 0xEA, 0x6B, 0xCE, 0x92, 0x47, 0x70, 0xAA,
    0x74, 0x3B, 0xEB, 0x63, 0xB8, 0xFF, 0x9C, 0x45, 0x9B, 0xFF, 0x00, 0xB7, 0x63, 0x05, 0xB0, 0xFA,
    0x50, 0x05, 0xB0, 0xFD, 0x87, 0xB2, 0xB2, 0x00, 0x00, 0x03, 0xFF, 0xEB, 0x00, 0x00, 0x04, 0x2F,
    0x06, 0x00, 0x00, 0x03, 0x00, 0x1A, 0x00, 0x1E, 0x00, 0x19, 0x40, 0x0D, 0x1E, 0x1D, 0x16, 0x0A,
    0x07, 0x72, 0x03, 0x00, 0x72, 0x11, 0x02, 0x0A, 0x72, 0x00, 0x2B, 0x32, 0x2B, 0x2B, 0x32, 0xC4,
    0x32, 0x30, 0x31, 0x01, 0x11, 0x21, 0x11, 0x13, 0x23, 0x3E, 0x03, 0x33, 0x32, 0x1E, 0x02, 0x15,
    0x11, 0x21, 0x11, 0x34, 0x26, 0x26, 0x23, 0x22, 0x0E, 0x02, 0x01, 0x15, 0x21, 0x35, 0x01, 0xA7,
    0xFE, 0xE0, 0xF7, 0x4F, 0x01, 0x3A, 0x6C, 0x97, 0x5C, 0x50, 0x83, 0x5F, 0x34, 0xFE, 0xDE, 0x29,
    0x4D, 0x38, 0x3E, 0x57, 0x34, 0x18, 0x01, 0x2A, 0xFD, 0x43, 0x06, 0x00, 0xFA, 0x00, 0x06, 0x00,
    0xFC, 0x43, 0x71, 0xBF, 0x8D, 0x4E, 0x2D, 0x63, 0xA0, 0x72, 0xFD, 0x54, 0x02, 0xAE, 0x48, 0x53,
    0x23, 0x2E, 0x51, 0x6C, 0x02, 0xF4, 0xB3, 0xB3, 0x00, 0x03, 0x00, 0x29, 0x00, 0x00, 0x04, 0xCD,
    0x05, 0xB0, 0x00, 0x03, 0x00, 0x07, 0x00, 0x0B, 0x00, 0x15, 0x40, 0x0A, 0x03, 0x0A, 0x0B, 0x06,
    0x07, 0x02, 0x72, 0x01, 0x08, 0x72, 0x00, 0x2B, 0x2B, 0x32, 0x2F, 0x33, 0x32, 0x30, 0x31, 0x01,
    0x11, 0x21, 0x11, 0x21, 0x15, 0x21, 0x35, 0x01, 0x15, 0x21, 0x35, 0x03, 0x0D, 0xFE, 0xD5, 0x02,
    0xEB, 0xFB, 0x5C, 0x03, 0x9B, 0xFD, 0x43, 0x05, 0xB0, 0xFA, 0x50, 0x05, 0xB0, 0xEB, 0xEB, 0xFD,
    0xF5, 0xB2, 0xB2, 0x00, 0x00, 0x03, 0xFF, 0xE4, 0xFF, 0xEC, 0x02, 0xA0, 0x05, 0x45, 0x00, 0x03,
    0x00, 0x15, 0x00, 0x19, 0x00, 0x1D, 0x40, 0x0E, 0x0A, 0x11, 0x0B, 0x72, 0x18, 0x19, 0x19, 0x02,
    0x02, 0x04, 0x04, 0x03, 0x06, 0x72, 0x00, 0x2B, 0x32, 0x2F, 0x32, 0x11, 0x33, 0x2F, 0x33, 0x2B,
    0x32, 0x30, 0x31, 0x01, 0x15, 0x21, 0x35, 0x13, 0x21, 0x11, 0x14, 0x16, 0x16, 0x33, 0x32, 0x36,
    0x37, 0x17, 0x06, 0x06, 0x23, 0x22, 0x26, 0x26, 0x35, 0x01, 0x15, 0x21, 0x35, 0x02, 0x82, 0xFD,
    0x8A, 0x9C, 0x01, 0x20, 0x19, 0x32, 0x26, 0x1B, 0x2B, 0x0F, 0x01, 0x25, 0x56, 0x34, 0x5F, 0x8D,
    0x4C, 0x01, 0xF8, 0xFD, 0x44, 0x04, 0x3A, 0xCC, 0xCC, 0x01, 0x0B, 0xFC, 0x01, 0x2F, 0x32, 0x13,
    0x05, 0x03, 0xD4, 0x0C, 0x0E, 0x3F, 0x8C, 0x72, 0x01, 0xA3, 0xB2, 0xB2, 0xFF, 0xFF, 0x00, 0x07,
    0x00, 0x00, 0x05, 0x5B, 0x07, 0x36, 0x02, 0x26, 0x00, 0x25, 0x00, 0x00, 0x01, 0x07, 0x00, 0x44,
    0x01, 0x0A, 0x01, 0x36, 0x00, 0x0B, 0xB6, 0x03, 0x10, 0x07, 0x01, 0x01, 0x61, 0x56, 0x00, 0x2B,
    0x34, 0x00, 0xFF, 0xFF, 0x00, 0x07, 0x00, 0x00, 0x05, 0x5B, 0x07, 0x36, 0x02, 0x26, 0x00, 0x25,
    0x00, 0x00, 0x01, 0x07, 0x00, 0x75, 0x01, 0xC4, 0x01, 0x36, 0x00, 0x0B, 0xB6, 0x03, 0x0E, 0x03,
    0x01, 0x01, 0x61, 0x56, 0x00, 0x2B, 0x34, 0x00, 0xFF, 0xFF, 0x00, 0x07, 0x00, 0x00, 0x05, 0x5B,
    0x07, 0x36, 0x02, 0x26, 0x00, 0x25, 0x00, 0x00, 0x01, 0x07, 0x00, 0x9E, 0x00, 0xBD, 0x01, 0x36,
    0x00, 0x0B, 0xB6, 0x03, 0x11, 0x07, 0x01, 0x01, 0x6C, 0x56, 0x00, 0x2B, 0x34, 0x00, 0xFF, 0xFF,
    0x00, 0x07, 0x00, 0x00, 0x05, 0x5B, 0x07, 0x31, 0x02, 0x26, 0x00, 0x25, 0x00, 0x00, 0x01, 0x07,
    0x00, 0xA5, 0x00, 0xC6, 0x01, 0x34, 0x00, 0x0B, 0xB6, 0x03, 0x1C, 0x03, 0x01, 0x01, 0x6B, 0x56,
    0x00, 0x2B, 0x34, 0x00, 0xFF, 0xFF, 0x00, 0x07, 0x00, 0x00, 0x05, 0x5B, 0x07, 0x0A, 0x02, 0x26,
    0x00, 0x25, 0x00, 0x00, 0x01, 0x07, 0x00, 0x6A, 0x00, 0xD2, 0x01, 0x36, 0x00, 0x0D, 0xB7, 0x04,
    0x03, 0x23, 0x07, 0x01, 0x01, 0x78, 0x56, 0x00, 0x2B, 0x34, 0x34, 0x00, 0xFF, 0xFF, 0x00, 0x07,
    0x00, 0x00, 0x05, 0x5B, 0x07, 0x8E, 0x02, 0x26, 0x00, 0x25, 0x00, 0x00, 0x01, 0x07, 0x00, 0xA3,
    0x01, 0x5F, 0x01, 0x8F, 0x00, 0x0D, 0xB7, 0x04, 0x03, 0x19, 0x07, 0x01, 0x01, 0x47, 0x56, 0x00,
    0x2B, 0x34, 0x34, 0x00, 0xFF, 0xFF, 0x00, 0x07, 0x00, 0x00, 0x05, 0x5B, 0x07, 0xCA, 0x02, 0x26,
    0x00, 0x25, 0x00, 0x00, 0x01, 0x07, 0x01, 0xE8, 0x01, 0x56, 0x01, 0x0D, 0x00, 0x12, 0xB6, 0x05,
    0x04, 0x03, 0x1B, 0x07, 0x01, 0x00, 0xB8, 0xFF, 0xB2, 0xB0, 0x56, 0x00, 0x2B, 0x34, 0x34, 0x34,
    0xFF, 0xFF, 0x00, 0x56, 0xFE, 0x31, 0x04, 0xFB, 0x05, 0xC5, 0x02, 0x26, 0x00, 0x27, 0x00, 0x00,
    0x01, 0x07, 0x00, 0x79, 0x01, 0xC4, 0xFF, 0xFD, 0x00, 0x0B, 0xB6, 0x01, 0x28, 0x05, 0x00, 0x00,
    0x0A, 0x56, 0x00, 0x2B, 0x34, 0x00, 0xFF, 0xFF, 0x00, 0x82, 0x00, 0x00, 0x04, 0x53, 0x07, 0x3A,
    0x02, 0x26, 0x00, 0x29, 0x00, 0x00, 0x01, 0x07, 0x00, 0x44, 0x00, 0xD4, 0x01, 0x3A, 0x00, 0x0B,
    0xB6, 0x04, 0x12, 0x07, 0x01, 0x01, 0x6C, 0x56, 0x00, 0x2B, 0x34, 0x00, 0xFF, 0xFF, 0x00, 0x82,
    0x00, 0x00, 0x04, 0x53, 0x07, 0x3A, 0x02, 0x26, 0x00, 0x29, 0x00, 0x00, 0x01, 0x07, 0x00, 0x75,
    0x01, 0x8E, 0x01, 0x3A, 0x00, 0x0B, 0xB6, 0x04, 0x10, 0x07, 0x01, 0x01, 0x6C, 0x56, 0x00, 0x2B,
    0x34, 0x00, 0xFF, 0xFF, 0x00, 0x82, 0x00, 0x00, 0x04, 0x53, 0x07, 0x3A, 0x02, 0x26, 0x00, 0x29,
    0x00, 0x00, 0x01, 0x07, 0x00, 0x9E, 0x00, 0x86, 0x01, 0x3A, 0x00, 0x0B, 0xB6, 0x04, 0x13, 0x07,
    0x01, 0x01, 0x77, 0x56, 0x00, 0x2B, 0x34, 0x00, 0xFF, 0xFF, 0x00, 0x82, 0x00, 0x00, 0x04, 0x53,
    0x07, 0x0D, 0x02, 0x26, 0x00, 0x29, 0x00, 0x00, 0x01, 0x07, 0x00, 0x6A, 0x00, 0x9B, 0x01, 0x3A,
    0x00, 0x0D, 0xB7, 0x05, 0x04, 0x25, 0x07, 0x01, 0x01, 0x83, 0x56, 0x00, 0x2B, 0x34, 0x34, 0x00,
    0xFF, 0xFF, 0xFF, 0xBA, 0x00, 0x00, 0x01, 0xC1, 0x07, 0x3A, 0x02, 0x26, 0x00, 0x2D, 0x00, 0x00,
    0x01, 0x07, 0x00, 0x44, 0xFF, 0x83, 0x01, 0x3A, 0x00, 0x0B, 0xB6, 0x01, 0x06, 0x03, 0x01, 0x01,
    0x6C, 0x56, 0x00, 0x2B, 0x34, 0x00, 0xFF, 0xFF, 0x00, 0x96, 0x00, 0x00, 0x02, 0x9F, 0x07, 0x3A,
    0x02, 0x26, 0x00, 0x2D, 0x00, 0x00, 0x01, 0x07, 0x00, 0x75, 0x00, 0x3D, 0x01, 0x3A, 0x00, 0x0B,
    0xB6, 0x01, 0x04, 0x03, 0x01, 0x01, 0x6C, 0x56, 0x00, 0x2B, 0x34, 0x00, 0xFF, 0xFF, 0xFF, 0xAE,
    0x00, 0x00, 0x02, 0xAD, 0x07, 0x3A, 0x02, 0x26, 0x00, 0x2D, 0x00, 0x00, 0x01, 0x07, 0x00, 0x9E,
    0xFF, 0x35, 0x01, 0x3A, 0x00, 0x0B, 0xB6, 0x01, 0x07, 0x03, 0x01, 0x01, 0x77, 0x56, 0x00, 0x2B,
    0x34, 0x00, 0xFF, 0xFF, 0xFF, 0xAB, 0x00, 0x00, 0x02, 0xA9, 0x07, 0x0D, 0x02, 0x26, 0x00, 0x2D,
    0x00, 0x00, 0x01, 0x07, 0x00, 0x6A, 0xFF, 0x4A, 0x01, 0x3A, 0x00, 0x0D, 0xB7, 0x02, 0x01, 0x19,
    0x03, 0x01, 0x01, 0x83, 0x56, 0x00, 0x2B, 0x34, 0x34, 0x00, 0xFF, 0xFF, 0x00, 0x82, 0x00, 0x00,
    0x05, 0x23, 0x07, 0x31, 0x02, 0x26, 0x00, 0x32, 0x00, 0x00, 0x01, 0x07, 0x00, 0xA5, 0x00, 0xEA,
    0x01, 0x34, 0x00, 0x0B, 0xB6, 0x01, 0x18, 0x06, 0x01, 0x01, 0x6B, 0x56, 0x00, 0x2B, 0x34, 0x00,
    0xFF, 0xFF, 0x00, 0x56, 0xFF, 0xEC, 0x05, 0x2E, 0x07, 0x37, 0x02, 0x26, 0x00, 0x33, 0x00, 0x00,
    0x01, 0x07, 0x00, 0x44, 0x01, 0x19, 0x01, 0x37, 0x00, 0x0B, 0xB6, 0x02, 0x2E, 0x11, 0x01, 0x01,
    0x4F, 0x56, 0x00, 0x2B, 0x34, 0x00, 0xFF, 0xFF, 0x00, 0x56, 0xFF, 0xEC, 0x05, 0x2E, 0x07, 0x37,
    0x02, 0x26, 0x00, 0x33, 0x00, 0x00, 0x01, 0x07, 0x00, 0x75, 0x01, 0xD3, 0x01, 0x37, 0x00, 0x0B,
    0xB6, 0x02, 0x2C, 0x11, 0x01, 0x01, 0x4F, 0x56, 0x00, 0x2B, 0x34, 0x00, 0xFF, 0xFF, 0x00, 0x56,
    0xFF, 0xEC, 0x05, 0x2E, 0x07, 0x37, 0x02, 0x26, 0x00, 0x33, 0x00, 0x00, 0x01, 0x07, 0x00, 0x9E,
    0x00, 0xCB, 0x01, 0x37, 0x00, 0x0B, 0xB6, 0x02, 0x2F, 0x11, 0x01, 0x01, 0x5A, 0x56, 0x00, 0x2B,
    0x34, 0x00, 0xFF, 0xFF, 0x00, 0x56, 0xFF, 0xEC, 0x05, 0x2E, 0x07, 0x32, 0x02, 0x26, 0x00, 0x33,
    0x00, 0x00, 0x01, 0x07, 0x00, 0xA5, 0x00, 0xD5, 0x01, 0x35, 0x00, 0x0B, 0xB6, 0x02, 0x3A, 0x11,
    0x01, 0x01, 0x59, 0x56, 0x00, 0x2B, 0x34, 0x00, 0xFF, 0xFF, 0x00, 0x56, 0xFF, 0xEC, 0x05, 0x2E,
    0x07, 0x0B, 0x02, 0x26, 0x00, 0x33, 0x00, 0x00, 0x01, 0x07, 0x00, 0x6A, 0x00, 0xE0, 0x01, 0x37,
    0x00, 0x0D, 0xB7, 0x03, 0x02, 0x41, 0x11, 0x01, 0x01, 0x66, 0x56, 0x00, 0x2B, 0x34, 0x34, 0x00,
    0xFF, 0xFF, 0x00, 0x75, 0xFF, 0xEC, 0x04, 0xD1, 0x07, 0x36, 0x02, 0x26, 0x00, 0x39, 0x00, 0x00,
    0x01, 0x07, 0x00, 0x44, 0x00, 0xF8, 0x01, 0x36, 0x00, 0x0B, 0xB6, 0x01, 0x18, 0x00, 0x01, 0x01,
    0x61, 0x56, 0x00, 0x2B, 0x34, 0x00, 0xFF, 0xFF, 0x00, 0x75, 0xFF, 0xEC, 0x04, 0xD1, 0x07, 0x36,
    0x02, 0x26, 0x00, 0x39, 0x00, 0x00, 0x01, 0x07, 0x00, 0x75, 0x01, 0xB2, 0x01, 0x36, 0x00, 0x0B,
    0xB6, 0x01, 0x16, 0x0B, 0x01, 0x01, 0x61, 0x56, 0x00, 0x2B, 0x34, 0x00, 0xFF, 0xFF, 0x00, 0x75,
    0xFF, 0xEC, 0x04, 0xD1, 0x07, 0x36, 0x02, 0x26, 0x00, 0x39, 0x00, 0x00, 0x01, 0x07, 0x00, 0x9E,
    0x00, 0xAA, 0x01, 0x36, 0x00, 0x0B, 0xB6, 0x01, 0x19, 0x00, 0x01, 0x01, 0x6C, 0x56, 0x00, 0x2B,
    0x34, 0x00, 0xFF, 0xFF, 0x00, 0x75, 0xFF, 0xEC, 0x04, 0xD1, 0x07, 0x0A, 0x02, 0x26, 0x00, 0x39,
    0x00, 0x00, 0x01, 0x07, 0x00, 0x6A, 0x00, 0xBF, 0x01, 0x36, 0x00, 0x0D, 0xB7, 0x02, 0x01, 0x2B,
    0x00, 0x01, 0x01, 0x78, 0x56, 0x00, 0x2B, 0x34, 0x34, 0x00, 0xFF, 0xFF, 0x00, 0x02, 0x00, 0x00,
    0x04, 0xF1, 0x07, 0x36, 0x02, 0x26, 0x00, 0x3D, 0x00, 0x00, 0x01, 0x07, 0x00, 0x75, 0x01, 0x8E,
    0x01, 0x36, 0x00, 0x0B, 0xB6, 0x01, 0x09, 0x02, 0x01, 0x01, 0x60, 0x56, 0x00, 0x2B, 0x34, 0x00,
    0xFF, 0xFF, 0x00, 0x42, 0xFF, 0xEC, 0x04, 0x05, 0x06, 0x00, 0x02, 0x26, 0x00, 0x45, 0x00, 0x00,
    0x01, 0x07, 0x00, 0x44, 0x00, 0x7E, 0x00, 0x00, 0x00, 0x0B, 0xB6, 0x02, 0x3D, 0x0F, 0x01, 0x01,
    0x8C, 0x56, 0x00, 0x2B, 0x34, 0x00, 0xFF, 0xFF, 0x00, 0x42, 0xFF, 0xEC, 0x04, 0x05, 0x06, 0x00,
    0x02, 0x26, 0x00, 0x45, 0x00, 0x00, 0x01, 0x07, 0x00, 0x75, 0x01, 0x38, 0x00, 0x00, 0x00, 0x0B,
    0xB6, 0x02, 0x3B, 0x0F, 0x01, 0x01, 0x8C, 0x56, 0x00, 0x2B, 0x34, 0x00, 0xFF, 0xFF, 0x00, 0x42,
    0xFF, 0xEC, 0x04, 0x05, 0x06, 0x00, 0x02, 0x26, 0x00, 0x45, 0x00, 0x00, 0x01, 0x06, 0x00, 0x9E,
    0x31, 0x00, 0x00, 0x0B, 0xB6, 0x02, 0x3E, 0x0F, 0x01, 0x01, 0x97, 0x56, 0x00, 0x2B, 0x34, 0x00,
    0xFF, 0xFF, 0x00, 0x42, 0xFF, 0xEC, 0x04, 0x05, 0x05, 0xFB, 0x02, 0x26, 0x00, 0x45, 0x00, 0x00,
    0x01, 0x06, 0x00, 0xA5, 0x3A, 0xFE, 0x00, 0x0B, 0xB6, 0x02, 0x49, 0x0F, 0x01, 0x01, 0x96, 0x56,
    0x00, 0x2B, 0x34, 0x00, 0xFF, 0xFF, 0x00, 0x42, 0xFF, 0xEC, 0x04, 0x05, 0x05, 0xD4, 0x02, 0x26,
    0x00, 0x45, 0x00, 0x00, 0x01, 0x07, 0x00, 0x6A, 0x00, 0x46, 0x00, 0x00, 0x00, 0x0D, 0xB7, 0x03,
    0x02, 0x50, 0x0F, 0x01, 0x01, 0xA3, 0x56, 0x00, 0x2B, 0x34, 0x34, 0x00, 0xFF, 0xFF, 0x00, 0x42,
    0xFF, 0xEC, 0x04, 0x05, 0x06, 0x58, 0x02, 0x26, 0x00, 0x45, 0x00, 0x00, 0x01, 0x07, 0x00, 0xA3,
    0x00, 0xD3, 0x00, 0x58, 0x00, 0x0D, 0xB7, 0x03, 0x02, 0x46, 0x0F, 0x01, 0x01, 0x72, 0x56, 0x00,
    0x2B, 0x34, 0x34, 0x00, 0xFF, 0xFF, 0x00, 0x42, 0xFF, 0xEC, 0x04, 0x05, 0x06, 0x93, 0x02, 0x26,
    0x00, 0x45, 0x00, 0x00, 0x01, 0x07, 0x01, 0xE8, 0x00, 0xCA, 0xFF, 0xD7, 0x00, 0x12, 0xB6, 0x04,
    0x03, 0x02, 0x48, 0x0F, 0x00, 0x00, 0xB8, 0xFF, 0xDD, 0xB0, 0x56, 0x00, 0x2B, 0x34, 0x34, 0x34,
    0xFF, 0xFF, 0x00, 0x42, 0xFE, 0x31, 0x03, 0xF5, 0x04, 0x4E, 0x02, 0x26, 0x00, 0x47, 0x00, 0x00,
    0x01, 0x07, 0x00, 0x79, 0x01, 0x43, 0xFF, 0xFD, 0x00, 0x0B, 0xB6, 0x01, 0x28, 0x09, 0x00, 0x00,
    0x0A, 0x56, 0x00, 0x2B, 0x34, 0x00, 0xFF, 0xFF, 0x00, 0x47, 0xFF, 0xEC, 0x04, 0x1E, 0x06, 0x01,
    0x02, 0x26, 0x00, 0x49, 0x00, 0x00, 0x01, 0x07, 0x00, 0x44, 0x00, 0x78, 0x00, 0x01, 0x00, 0x0B,
    0xB6, 0x01, 0x2E, 0x0B, 0x01, 0x01, 0x8C, 0x56, 0x00, 0x2B, 0x34, 0x00, 0xFF, 0xFF, 0x00, 0x47,
    0xFF, 0xEC, 0x04, 0x1E, 0x06, 0x01, 0x02, 0x26, 0x00, 0x49, 0x00, 0x00, 0x01, 0x07, 0x00, 0x75,
    0x01, 0x32, 0x00, 0x01, 0x00, 0x0B, 0xB6, 0x01, 0x2C, 0x0B, 0x01, 0x01, 0x8C, 0x56, 0x00, 0x2B,
    0x34, 0x00, 0xFF, 0xFF, 0x00, 0x47, 0xFF, 0xEC, 0x04, 0x1E, 0x06, 0x01, 0x02, 0x26, 0x00, 0x49,
    0x00, 0x00, 0x01, 0x06, 0x00, 0x9E, 0x2B, 0x01, 0x00, 0x0B, 0xB6, 0x01, 0x2F, 0x0B, 0x01, 0x01,
    0x97, 0x56, 0x00, 0x2B, 0x34, 0x00, 0xFF, 0xFF, 0x00, 0x47, 0xFF, 0xEC, 0x04, 0x1E, 0x05, 0xD4,
    0x02, 0x26, 0x00, 0x49, 0x00, 0x00, 0x01, 0x07, 0x00, 0x6A, 0x00, 0x3F, 0x00, 0x01, 0x00, 0x0D,
    0xB7, 0x02, 0x01, 0x41, 0x0B, 0x01, 0x01, 0xA3, 0x56, 0x00, 0x2B, 0x34, 0x34, 0x00, 0xFF, 0xFF,
    0xFF, 0xA8, 0x00, 0x00, 0x01, 0xA7, 0x05, 0xF1, 0x02, 0x26, 0x00, 0x8D, 0x00, 0x00, 0x01, 0x07,
    0x00, 0x44, 0xFF, 0x70, 0xFF, 0xF1, 0x00, 0x0B, 0xB6, 0x01, 0x06, 0x03, 0x01, 0x01, 0x9E, 0x56,
    0x00, 0x2B, 0x34, 0x00, 0xFF, 0xFF, 0x00, 0x86, 0x00, 0x00, 0x02, 0x8C, 0x05, 0xF1, 0x02, 0x26,
    0x00, 0x8D, 0x00, 0x00, 0x01, 0x06, 0x00, 0x75, 0x2A, 0xF1, 0x00, 0x0B, 0xB6, 0x01, 0x04, 0x03,
    0x01, 0x01, 0x9E, 0x56, 0x00, 0x2B, 0x34, 0x00, 0xFF, 0xFF, 0xFF, 0x9C, 0x00, 0x00, 0x02, 0x9A,
    0x05, 0xF1, 0x02, 0x26, 0x00, 0x8D, 0x00, 0x00, 0x01, 0x07, 0x00, 0x9E, 0xFF, 0x22, 0xFF, 0xF1,
    0x00, 0x0B, 0xB6, 0x01, 0x07, 0x03, 0x01, 0x01, 0xA9, 0x56, 0x00, 0x2B, 0x34, 0x00, 0xFF, 0xFF,
    0xFF, 0x98, 0x00, 0x00, 0x02, 0x96, 0x05, 0xC5, 0x02, 0x26, 0x00, 0x8D, 0x00, 0x00, 0x01, 0x07,
    0x00, 0x6A, 0xFF, 0x37, 0xFF, 0xF1, 0x00, 0x0D, 0xB7, 0x02, 0x01, 0x19, 0x03, 0x01, 0x01, 0xB5,
    0x56, 0x00, 0x2B, 0x34, 0x34, 0x00, 0xFF, 0xFF, 0x00, 0x6A, 0x00, 0x00, 0x04, 0x11, 0x05, 0xFB,
    0x02, 0x26, 0x00, 0x52, 0x00, 0x00, 0x01, 0x06, 0x00, 0xA5, 0x54, 0xFE, 0x00, 0x0B, 0xB6, 0x02,
    0x2A, 0x03, 0x01, 0x01, 0xAA, 0x56, 0x00, 0x2B, 0x34, 0x00, 0xFF, 0xFF, 0x00, 0x42, 0xFF, 0xEC,
    0x04, 0x43, 0x06, 0x00, 0x02, 0x26, 0x00, 0x53, 0x00, 0x00, 0x01, 0x07, 0x00, 0x44, 0x00, 0x98,
    0x00, 0x00, 0x00, 0x0B, 0xB6, 0x02, 0x2E, 0x06, 0x01, 0x01, 0x8C, 0x56, 0x00, 0x2B, 0x34, 0x00,
    0xFF, 0xFF, 0x00, 0x42, 0xFF, 0xEC, 0x04, 0x43, 0x06, 0x00, 0x02, 0x26, 0x00, 0x53, 0x00, 0x00,
    0x01, 0x07, 0x00, 0x75, 0x01, 0x52, 0x00, 0x00, 0x00, 0x0B, 0xB6, 0x02, 0x2C, 0x06, 0x01, 0x01,
    0x8C, 0x56, 0x00, 0x2B, 0x34, 0x00, 0xFF, 0xFF, 0x00, 0x42, 0xFF, 0xEC, 0x04, 0x43, 0x06, 0x00,
    0x02, 0x26, 0x00, 0x53, 0x00, 0x00, 0x01, 0x06, 0x00, 0x9E, 0x4A, 0x00, 0x00, 0x0B, 0xB6, 0x02,
    0x2F, 0x06, 0x01, 0x01, 0x97, 0x56, 0x00, 0x2B, 0x34, 0x00, 0xFF, 0xFF, 0x00, 0x42, 0xFF, 0xEC,
    0x04, 0x43, 0x05, 0xFB, 0x02, 0x26, 0x00, 0x53, 0x00, 0x00, 0x01, 0x06, 0x00, 0xA5, 0x53, 0xFE,
    0x00, 0x0B, 0xB6, 0x02, 0x3A, 0x06, 0x01, 0x01, 0x96, 0x56, 0x00, 0x2B, 0x34, 0x00, 0xFF, 0xFF,
    0x00, 0x42, 0xFF, 0xEC, 0x04, 0x43, 0x05, 0xD4, 0x02, 0x26, 0x00, 0x53, 0x00, 0x00, 0x01, 0x07,
    0x00, 0x6A, 0x00, 0x5F, 0x00, 0x00, 0x00, 0x0D, 0xB7, 0x03, 0x02, 0x41, 0x06, 0x01, 0x01, 0xA3,
    0x56, 0x00, 0x2B, 0x34, 0x34, 0x00, 0xFF, 0xFF, 0x00, 0x68, 0xFF, 0xEC, 0x04, 0x10, 0x06, 0x00,
    0x02, 0x26, 0x00, 0x59, 0x00, 0x00, 0x01, 0x07, 0x00, 0x44, 0x00, 0x95, 0x00, 0x00, 0x00, 0x0B,
    0xB6, 0x02, 0x1E, 0x11, 0x01, 0x01, 0xA0, 0x56, 0x00, 0x2B, 0x34, 0x00, 0xFF, 0xFF, 0x00, 0x68,
    0xFF, 0xEC, 0x04, 0x10, 0x06, 0x00, 0x02, 0x26, 0x00, 0x59, 0x00, 0x00, 0x01, 0x07, 0x00, 0x75,
    0x01, 0x4F, 0x00, 0x00, 0x00, 0x0B, 0xB6, 0x02, 0x1C, 0x11, 0x01, 0x01, 0xA0, 0x56, 0x00, 0x2B,
    0x34, 0x00, 0xFF, 0xFF, 0x00, 0x68, 0xFF, 0xEC, 0x04, 0x10, 0x06, 0x00, 0x02, 0x26, 0x00, 0x59,
    0x00, 0x00, 0x01, 0x06, 0x00, 0x9E, 0x48, 0x00, 0x00, 0x0B, 0xB6, 0x02, 0x1F, 0x11, 0x01, 0x01,
    0xAB, 0x56, 0x00, 0x2B, 0x34, 0x00, 0xFF, 0xFF, 0x00, 0x68, 0xFF, 0xEC, 0x04, 0x10, 0x05, 0xD4,
    0x02, 0x26, 0x00, 0x59, 0x00, 0x00, 0x01, 0x07, 0x00, 0x6A, 0x00, 0x5D, 0x00, 0x00, 0x00, 0x0D,
    0xB7, 0x03, 0x02, 0x31, 0x11, 0x01, 0x01, 0xB7, 0x56, 0x00, 0x2B, 0x34, 0x34, 0x00, 0xFF, 0xFF,
    0x00, 0x04, 0xFE, 0x4B, 0x04, 0x05, 0x06, 0x00, 0x02, 0x26, 0x00, 0x5D, 0x00, 0x00, 0x01, 0x07,
    0x00, 0x75, 0x01, 0x1C, 0x00, 0x00, 0x00, 0x0B, 0xB6, 0x02, 0x19, 0x01, 0x01, 0x01, 0xA0, 0x56,
    0x00, 0x2B, 0x34, 0x00, 0xFF, 0xFF, 0x00, 0x04, 0xFE, 0x4B, 0x04, 0x05, 0x05, 0xD4, 0x02, 0x26,
    0x00, 0x5D, 0x00, 0x00, 0x01, 0x06, 0x00, 0x6A, 0x29, 0x00, 0x00, 0x0D, 0xB7, 0x03, 0x02, 0x2E,
    0x01, 0x01, 0x01, 0xB7, 0x56, 0x00, 0x2B, 0x34, 0x34, 0x00, 0xFF, 0xFF, 0x00, 0x07, 0x00, 0x00,
    0x05, 0x5B, 0x06, 0xE3, 0x02, 0x26, 0x00, 0x25, 0x00, 0x00, 0x01, 0x07, 0x00, 0x70, 0x00, 0xB4,
    0x01, 0x35, 0x00, 0x0B, 0xB6, 0x03, 0x10, 0x03, 0x01, 0x01, 0xA6, 0x56, 0x00, 0x2B, 0x34, 0x00,
    0xFF, 0xFF, 0x00, 0x42, 0xFF, 0xEC, 0x04, 0x05, 0x05, 0xAC, 0x02, 0x26, 0x00, 0x45, 0x00, 0x00,
    0x01, 0x06, 0x00, 0x70, 0x28, 0xFF, 0x00, 0x0B, 0xB6, 0x02, 0x3D, 0x0F, 0x01, 0x01, 0xD1, 0x56,
    0x00, 0x2B, 0x34, 0x00, 0xFF, 0xFF, 0x00, 0x07, 0x00, 0x00, 0x05, 0x5B, 0x07, 0x2A, 0x02, 0x26,
    0x00, 0x25, 0x00, 0x00, 0x01, 0x07, 0x00, 0xA1, 0x00, 0xEE, 0x01, 0x36, 0x00, 0x0B, 0xB6, 0x03,
    0x13, 0x07, 0x01, 0x01, 0x53, 0x56, 0x00, 0x2B, 0x34, 0x00, 0xFF, 0xFF, 0x00, 0x42, 0xFF, 0xEC,
    0x04, 0x05, 0x05, 0xF4, 0x02, 0x26, 0x00, 0x45, 0x00, 0x00, 0x01, 0x07, 0x00, 0xA1, 0x00, 0x61,
    0x00, 0x00, 0x00, 0x0B, 0xB6, 0x02, 0x40, 0x0F, 0x01, 0x01, 0x7E, 0x56, 0x00, 0x2B, 0x34, 0x00,
    0x00, 0x04, 0x00, 0x07, 0xFE, 0x5A, 0x05, 0x5B, 0x05, 0xB0, 0x00, 0x04, 0x00, 0x09, 0x00, 0x0D,
    0x00, 0x23, 0x00, 0x2B, 0x40, 0x15, 0x0D, 0x0C, 0x0C, 0x03, 0x16, 0x1D, 0x06, 0x00, 0x02, 0x07,
    0x03, 0x02, 0x72, 0x0E, 0x0F, 0x0F, 0x05, 0x05, 0x02, 0x08, 0x72, 0x00, 0x2B, 0x32, 0x11, 0x33,
    0x11, 0x33, 0x2B, 0x32, 0x12, 0x39, 0x39, 0x2F, 0x33, 0x12, 0x39, 0x2F, 0x33, 0x30, 0x31, 0x01,
    0x01, 0x21, 0x01, 0x33, 0x01, 0x01, 0x27, 0x33, 0x01, 0x01, 0x15, 0x21, 0x35, 0x01, 0x17, 0x0E,
    0x02, 0x15, 0x14, 0x16, 0x33, 0x32, 0x36, 0x37, 0x17, 0x06, 0x06, 0x23, 0x22, 0x26, 0x35, 0x34,
    0x36, 0x36, 0x02, 0xD2, 0xFE, 0x74, 0xFE, 0xC1, 0x02, 0x1D, 0xCB, 0x01, 0x2C, 0xFE, 0x73, 0x20,
    0xCD, 0x02, 0x20, 0xFE, 0xAE, 0xFC, 0xFF, 0x03, 0x68, 0x96, 0x32, 0x45, 0x24, 0x1E, 0x24, 0x1D,
    0x25, 0x0D, 0x1F, 0x19, 0x4F, 0x3C, 0x5F, 0x84, 0x28, 0x60, 0x04, 0xB7, 0xFB, 0x49, 0x05, 0xB0,
    0xFA, 0x50, 0x04, 0xB7, 0xF9, 0xFA, 0x50, 0x02, 0x1E, 0xEB, 0xEB, 0xFE, 0x1D, 0x3B, 0x1D, 0x36,
    0x3D, 0x25, 0x1C, 0x25, 0x0E, 0x07, 0x99, 0x0F, 0x1D, 0x69, 0x65, 0x33, 0x61, 0x59, 0x00, 0x03,
    0x00, 0x42, 0xFE, 0x5A, 0x04, 0x05, 0x04, 0x4E, 0x00, 0x1B, 0x00, 0x3A, 0x00, 0x50, 0x00, 0x2B,
    0x40, 0x17, 0x1E, 0x3A, 0x3A, 0x0F, 0x43, 0x4A, 0x0F, 0x72, 0x27, 0x31, 0x0B, 0x72, 0x3B, 0x3C,
    0x3C, 0x19, 0x0A, 0x72, 0x09, 0x05, 0x0F, 0x07, 0x72, 0x00, 0x2B, 0x32, 0x32, 0x2B, 0x32, 0x11,
    0x33, 0x2B, 0x32, 0x2B, 0x32, 0x12, 0x39, 0x2F, 0x33, 0x30, 0x31, 0x25, 0x11, 0x34, 0x26, 0x26,
    0x23, 0x22, 0x06, 0x06, 0x15, 0x21, 0x34, 0x3E, 0x02, 0x33, 0x32, 0x16, 0x16, 0x15, 0x11, 0x14,
    0x16, 0x17, 0x15, 0x21, 0x26, 0x26, 0x13, 0x17, 0x23, 0x22, 0x0E, 0x02, 0x15, 0x14, 0x16, 0x16,
    0x33, 0x32, 0x36, 0x36, 0x37, 0x17, 0x0E, 0x03, 0x23, 0x22, 0x26, 0x26, 0x35, 0x34, 0x3E, 0x02,
    0x33, 0x01, 0x17, 0x0E, 0x02, 0x15, 0x14, 0x16, 0x33, 0x32, 0x36, 0x37, 0x17, 0x06, 0x06, 0x23,
    0x22, 0x26, 0x35, 0x34, 0x36, 0x36, 0x02, 0xB8, 0x22, 0x47, 0x38, 0x30, 0x46, 0x26, 0xFE, 0xE0,
    0x40, 0x7A, 0xA9, 0x69, 0x7E, 0xC4, 0x71, 0x16, 0x15, 0xFE, 0xDD, 0x15, 0x15, 0x26, 0x02, 0xA1,
    0x39, 0x54, 0x36, 0x19, 0x22, 0x40, 0x2B, 0x41, 0x60, 0x35, 0x01, 0x4C, 0x10, 0x37, 0x54, 0x76,
    0x51, 0x67, 0xA7, 0x61, 0x40, 0x7D, 0xBC, 0x7C, 0x01, 0x08, 0x96, 0x32, 0x45, 0x23, 0x1D, 0x25,
    0x1C, 0x25, 0x0E, 0x1F, 0x19, 0x50, 0x3C, 0x5E, 0x84, 0x28, 0x5F, 0xF4, 0x01, 0xE2, 0x34, 0x4B,
    0x2A, 0x21, 0x3D, 0x29, 0x45, 0x7C, 0x5F, 0x36, 0x54, 0xA8, 0x7E, 0xFE, 0x31, 0x59, 0x71, 0x2A,
    0x11, 0x2C, 0x85, 0x01, 0xE2, 0xA3, 0x1A, 0x2F, 0x3E, 0x25, 0x25, 0x3B, 0x21, 0x34, 0x4C, 0x22,
    0x7A, 0x29, 0x58, 0x4D, 0x31, 0x53, 0x93, 0x5E, 0x55, 0x84, 0x5B, 0x2F, 0xFD, 0xA8, 0x3B, 0x1D,
    0x36, 0x3D, 0x25, 0x1C, 0x25, 0x0E, 0x07, 0x99, 0x0F, 0x1D, 0x69, 0x65, 0x33, 0x61, 0x59, 0x00,
    0xFF, 0xFF, 0x00, 0x56, 0xFF, 0xEC, 0x04, 0xFB, 0x07, 0x41, 0x02, 0x26, 0x00, 0x27, 0x00, 0x00,
    0x01, 0x07, 0x00, 0x75, 0x01, 0xC2, 0x01, 0x41, 0x00, 0x0B, 0xB6, 0x01, 0x28, 0x10, 0x01, 0x01,
    0x6D, 0x56, 0x00, 0x2B, 0x34, 0x00, 0xFF, 0xFF, 0x00, 0x42, 0xFF, 0xEC, 0x03, 0xF5, 0x06, 0x00,
    0x02, 0x26, 0x00, 0x47, 0x00, 0x00, 0x01, 0x07, 0x00, 0x75, 0x01, 0x2A, 0x00, 0x00, 0x00, 0x0B,
    0xB6, 0x01, 0x28, 0x14, 0x01, 0x01, 0x8C, 0x56, 0x00, 0x2B, 0x34, 0x00, 0xFF, 0xFF, 0x00, 0x56,
    0xFF, 0xEC, 0x04, 0xFB, 0x07, 0x41, 0x02, 0x26, 0x00, 0x27, 0x00, 0x00, 0x01, 0x07, 0x00, 0x9E,
    0x00, 0xBB, 0x01, 0x41, 0x00, 0x0B, 0xB6, 0x01, 0x2B, 0x10, 0x01, 0x01, 0x78, 0x56, 0x00, 0x2B,
    0x34, 0x00, 0xFF, 0xFF, 0x00, 0x42, 0xFF, 0xEC, 0x03, 0xF5, 0x06, 0x00, 0x02, 0x26, 0x00, 0x47,
    0x00, 0x00, 0x01, 0x06, 0x00, 0x9E, 0x22, 0x00, 0x00, 0x0B, 0xB6, 0x01, 0x2B, 0x14, 0x01, 0x01,
    0x97, 0x56, 0x00, 0x2B, 0x34, 0x00, 0xFF, 0xFF, 0x00, 0x56, 0xFF, 0xEC, 0x04, 0xFB, 0x07, 0x35,
    0x02, 0x26, 0x00, 0x27, 0x00, 0x00, 0x01, 0x07, 0x00, 0xA2, 0x01, 0xA6, 0x01, 0x50, 0x00, 0x0B,
    0xB6, 0x01, 0x31, 0x10, 0x01, 0x01, 0x82, 0x56, 0x00, 0x2B, 0x34, 0x00, 0xFF, 0xFF, 0x00, 0x42,
    0xFF, 0xEC, 0x03, 0xF5, 0x05, 0xF4, 0x02, 0x26, 0x00, 0x47, 0x00, 0x00, 0x01, 0x07, 0x00, 0xA2,
    0x01, 0x0D, 0x00, 0x10, 0x00, 0x0B, 0xB6, 0x01, 0x31, 0x14, 0x01, 0x01, 0xA1, 0x56, 0x00, 0x2B,
    0x34, 0x00, 0xFF, 0xFF, 0x00, 0x56, 0xFF, 0xEC, 0x04, 0xFB, 0x07, 0x41, 0x02, 0x26, 0x00, 0x27,
    0x00, 0x00, 0x01, 0x07, 0x00, 0x9F, 0x00, 0xD2, 0x01, 0x41, 0x00, 0x0B, 0xB6, 0x01, 0x2E, 0x10,
    0x01, 0x01, 0x76, 0x56, 0x00, 0x2B, 0x34, 0x00, 0xFF, 0xFF, 0x00, 0x42, 0xFF, 0xEC, 0x03, 0xF5,
    0x06, 0x00, 0x02, 0x26, 0x00, 0x47, 0x00, 0x00, 0x01, 0x06, 0x00, 0x9F, 0x39, 0x00, 0x00, 0x0B,
    0xB6, 0x01, 0x2E, 0x14, 0x01, 0x01, 0x95, 0x56, 0x00, 0x2B, 0x34, 0x00, 0xFF, 0xFF, 0x00, 0x80,
    0x00, 0x00, 0x04, 0xDC, 0x07, 0x3A, 0x02, 0x26, 0x00, 0x28, 0x00, 0x00, 0x01, 0x07, 0x00, 0x9F,
    0x00, 0x2C, 0x01, 0x3A, 0x00, 0x0B, 0xB6, 0x02, 0x25, 0x1E, 0x01, 0x01, 0x75, 0x56, 0x00, 0x2B,
    0x34, 0x00, 0xFF, 0xFF, 0x00, 0x43, 0xFF, 0xEC, 0x05, 0x7E, 0x06, 0x01, 0x00, 0x26, 0x00, 0x48,
    0x00, 0x00, 0x01, 0x07, 0x01, 0xD5, 0x04, 0x2C, 0x04, 0xF3, 0x00, 0x0B, 0xB6, 0x03, 0x39, 0x01,
    0x01, 0x00, 0x00, 0x56, 0x00, 0x2B, 0x34, 0x00, 0xFF, 0xFF, 0x00, 0x82, 0x00, 0x00, 0x04, 0x53,
    0x06, 0xE6, 0x02, 0x26, 0x00, 0x29, 0x00, 0x00, 0x01, 0x07, 0x00, 0x70, 0x00, 0x7E, 0x01, 0x38,
    0x00, 0x0B, 0xB6, 0x04, 0x12, 0x07, 0x01, 0x01, 0xB1, 0x56, 0x00, 0x2B, 0x34, 0x00, 0xFF, 0xFF,
    0x00, 0x47, 0xFF, 0xEC, 0x04, 0x1E, 0x05, 0xAD, 0x02, 0x26, 0x00, 0x49, 0x00, 0x00, 0x01, 0x06,
    0x00, 0x70, 0x22, 0xFF, 0x00, 0x0B, 0xB6, 0x01, 0x2E, 0x0B, 0x01, 0x01, 0xD1, 0x56, 0x00, 0x2B,
    0x34, 0x00, 0xFF, 0xFF, 0x00, 0x82, 0x00, 0x00, 0x04, 0x53, 0x07, 0x2E, 0x02, 0x26, 0x00, 0x29,
    0x00, 0x00, 0x01, 0x07, 0x00, 0xA1, 0x00, 0xB7, 0x01, 0x3A, 0x00, 0x0B, 0xB6, 0x04, 0x15, 0x07,
    0x01, 0x01, 0x5E, 0x56, 0x00, 0x2B, 0x34, 0x00, 0xFF, 0xFF, 0x00, 0x47, 0xFF, 0xEC, 0x04, 0x1E,
    0x05, 0xF5, 0x02, 0x26, 0x00, 0x49, 0x00, 0x00, 0x01, 0x07, 0x00, 0xA1, 0x00, 0x5B, 0x00, 0x01,
    0x00, 0x0B, 0xB6, 0x01, 0x31, 0x0B, 0x01, 0x01, 0x7E, 0x56, 0x00, 0x2B, 0x34, 0x00, 0xFF, 0xFF,
    0x00, 0x82, 0x00, 0x00, 0x04, 0x53, 0x07, 0x2E, 0x02, 0x26, 0x00, 0x29, 0x00, 0x00, 0x01, 0x07,
    0x00, 0xA2, 0x01, 0x71, 0x01, 0x49, 0x00, 0x0B, 0xB6, 0x04, 0x19, 0x07, 0x01, 0x01, 0x81, 0x56,
    0x00, 0x2B, 0x34, 0x00, 0xFF, 0xFF, 0x00, 0x47, 0xFF, 0xEC, 0x04, 0x1E, 0x05, 0xF5, 0x02, 0x26,
    0x00, 0x49, 0x00, 0x00, 0x01, 0x07, 0x00, 0xA2, 0x01, 0x15, 0x00, 0x10, 0x00, 0x0B, 0xB6, 0x01,
    0x35, 0x0B, 0x01, 0x01, 0xA1, 0x56, 0x00, 0x2B, 0x34, 0x00, 0x00, 0x05, 0x00, 0x82, 0xFE, 0x5A,
    0x04, 0x53, 0x05, 0xB0, 0x00, 0x03, 0x00, 0x07, 0x00, 0x0B, 0x00, 0x0F, 0x00, 0x25, 0x00, 0x29,
    0x40, 0x14, 0x0A, 0x0B, 0x0B, 0x18, 0x1F, 0x0E, 0x0F, 0x0F, 0x07, 0x02, 0x72, 0x10, 0x11, 0x11,
    0x03, 0x02, 0x02, 0x06, 0x08, 0x72, 0x00, 0x2B, 0x32, 0x11, 0x33, 0x32, 0x11, 0x33, 0x2B, 0x32,
    0x11, 0x33, 0x2F, 0x33, 0x39, 0x2F, 0x33, 0x30, 0x31, 0x25, 0x15, 0x21, 0x35, 0x13, 0x11, 0x21,
    0x11, 0x01, 0x15, 0x21, 0x35, 0x01, 0x15, 0x21, 0x35, 0x01, 0x17, 0x0E, 0x02, 0x15, 0x14, 0x16,
    0x33, 0x32, 0x36, 0x37, 0x17, 0x06, 0x06, 0x23, 0x22, 0x26, 0x35, 0x34, 0x36, 0x36, 0x04, 0x53,
    0xFC, 0xF9, 0x62, 0xFE, 0xD4, 0x03, 0x6C, 0xFD, 0x5E, 0x03, 0x06, 0xFC, 0xFA, 0x01, 0xD6, 0x96,
    0x32, 0x45, 0x23, 0x1E, 0x24, 0x1C, 0x25, 0x0E, 0x1F, 0x19, 0x4F, 0x3D, 0x5E, 0x84, 0x28, 0x60,
    0xEA, 0xEA, 0xEA, 0x04, 0xC6, 0xFA, 0x50, 0x05, 0xB0, 0xFD, 0xAF, 0xE4, 0xE4, 0x02, 0x51, 0xEB,
    0xEB, 0xFA, 0x8B, 0x3B, 0x1D, 0x36, 0x3D, 0x25, 0x1C, 0x25, 0x0E, 0x07, 0x99, 0x0F, 0x1D, 0x69,
    0x65, 0x33, 0x61, 0x59, 0x00, 0x02, 0x00, 0x47, 0xFE, 0x7A, 0x04, 0x1E, 0x04, 0x4E, 0x00, 0x2B,
    0x00, 0x41, 0x00, 0x25, 0x40, 0x13, 0x12, 0x13, 0x13, 0x0B, 0x34, 0x3B, 0x0E, 0x72, 0x19, 0x0B,
    0x07, 0x72, 0x2C, 0x2D, 0x24, 0x24, 0x00, 0x0B, 0x72, 0x00, 0x2B, 0x32, 0x11, 0x39, 0x39, 0x2B,
    0x32, 0x2B, 0x32, 0x12, 0x39, 0x2F, 0x33, 0x30, 0x31, 0x05, 0x22, 0x2E, 0x02, 0x35, 0x35, 0x34,
    0x3E, 0x02, 0x33, 0x32, 0x1E, 0x02, 0x15, 0x15, 0x21, 0x35, 0x21, 0x35, 0x34, 0x26, 0x26, 0x23,
    0x22, 0x0E, 0x02, 0x15, 0x15, 0x14, 0x1E, 0x02, 0x33, 0x32, 0x36, 0x37, 0x17, 0x0E, 0x02, 0x27,
    0x17, 0x0E, 0x02, 0x15, 0x14, 0x16, 0x33, 0x32, 0x36, 0x37, 0x17, 0x06, 0x06, 0x23, 0x22, 0x26,
    0x35, 0x34, 0x36, 0x36, 0x02, 0x62, 0x7E, 0xC8, 0x8B, 0x4A, 0x46, 0x83, 0xBC, 0x76, 0x73, 0xB2,
    0x79, 0x3E, 0xFC, 0xA4, 0x02, 0x41, 0x2B, 0x56, 0x43, 0x39, 0x52, 0x33, 0x19, 0x25, 0x45, 0x63,
    0x3F, 0x4E, 0x87, 0x31, 0x8C, 0x22, 0x75, 0xA4, 0x06, 0x96, 0x32, 0x45, 0x23, 0x1D, 0x24, 0x1D,
    0x25, 0x0D, 0x1F, 0x19, 0x4F, 0x3C, 0x5F, 0x84, 0x29, 0x5F, 0x14, 0x51, 0x90, 0xBF, 0x6C, 0x28,
    0x7B, 0xCC, 0x96, 0x51, 0x4C, 0x8C, 0xC3, 0x77, 0x78, 0xC0, 0x16, 0x3C, 0x5F, 0x38, 0x32, 0x5A,
    0x79, 0x48, 0x28, 0x41, 0x6E, 0x50, 0x2C, 0x3D, 0x3E, 0x98, 0x31, 0x5A, 0x39, 0x6F, 0x3B, 0x1D,
    0x37, 0x3C, 0x25, 0x1C, 0x25, 0x0E, 0x07, 0x99, 0x0F, 0x1D, 0x69, 0x65, 0x33, 0x61, 0x59, 0x00,
    0xFF, 0xFF, 0x00, 0x82, 0x00, 0x00, 0x04, 0x53, 0x07, 0x3A, 0x02, 0x26, 0x00, 0x29, 0x00, 0x00,
    0x01, 0x07, 0x00, 0x9F, 0x00, 0x9D, 0x01, 0x3A, 0x00, 0x0B, 0xB6, 0x04, 0x16, 0x07, 0x01, 0x01,
    0x75, 0x56, 0x00, 0x2B, 0x34, 0x00, 0xFF, 0xFF, 0x00, 0x47, 0xFF, 0xEC, 0x04, 0x1E, 0x06, 0x01,
    0x02, 0x26, 0x00, 0x49, 0x00, 0x00, 0x01, 0x06, 0x00, 0x9F, 0x42, 0x01, 0x00, 0x0B, 0xB6, 0x01,
    0x32, 0x0B, 0x01, 0x01, 0x95, 0x56, 0x00, 0x2B, 0x34, 0x00, 0xFF, 0xFF, 0x00, 0x5F, 0xFF, 0xEC,
    0x05, 0x04, 0x07, 0x41, 0x02, 0x26, 0x00, 0x2B, 0x00, 0x00, 0x01, 0x07, 0x00, 0x9E, 0x00, 0xC4,
    0x01, 0x41, 0x00, 0x0B, 0xB6, 0x01, 0x2F, 0x10, 0x01, 0x01, 0x78, 0x56, 0x00, 0x2B, 0x34, 0x00,
    0xFF, 0xFF, 0x00, 0x45, 0xFE, 0x56, 0x04, 0x22, 0x06, 0x00, 0x02, 0x26, 0x00, 0x4B, 0x00, 0x00,
    0x01, 0x06, 0x00, 0x9E, 0x35, 0x00, 0x00, 0x0B, 0xB6, 0x03, 0x42, 0x1A, 0x01, 0x01, 0x97, 0x56,
    0x00, 0x2B, 0x34, 0x00, 0xFF, 0xFF, 0x00, 0x5F, 0xFF, 0xEC, 0x05, 0x04, 0x07, 0x35, 0x02, 0x26,
    0x00, 0x2B, 0x00, 0x00, 0x01, 0x07, 0x00, 0xA1, 0x00, 0xF5, 0x01, 0x41, 0x00, 0x0B, 0xB6, 0x01,
    0x31, 0x10, 0x01, 0x01, 0x5F, 0x56, 0x00, 0x2B, 0x34, 0x00, 0xFF, 0xFF, 0x00, 0x45, 0xFE, 0x56,
    0x04, 0x22, 0x05, 0xF4, 0x02, 0x26, 0x00, 0x4B, 0x00, 0x00, 0x01, 0x06, 0x00, 0xA1, 0x66, 0x00,
    0x00, 0x0B, 0xB6, 0x03, 0x44, 0x1A, 0x01, 0x01, 0x7E, 0x56, 0x00, 0x2B, 0x34, 0x00, 0xFF, 0xFF,
    0x00, 0x5F, 0xFF, 0xEC, 0x05, 0x04, 0x07, 0x35, 0x02, 0x26, 0x00, 0x2B, 0x00, 0x00, 0x01, 0x07,
    0x00, 0xA2, 0x01, 0xAF, 0x01, 0x50, 0x00, 0x0B, 0xB6, 0x01, 0x35, 0x10, 0x01, 0x01, 0x82, 0x56,
    0x00, 0x2B, 0x34, 0x00, 0xFF, 0xFF, 0x00, 0x45, 0xFE, 0x56, 0x04, 0x22, 0x05, 0xF4, 0x00, 0x26,
    0x00, 0x4B, 0x00, 0x00, 0x01, 0x07, 0x00, 0xA2, 0x01, 0x20, 0x00, 0x10, 0x00, 0x0B, 0xB6, 0x03,
    0x48, 0x1A, 0x01, 0x01, 0xA1, 0x56, 0x00, 0x2B, 0x34, 0x00, 0xFF, 0xFF, 0x00, 0x5F, 0xFD, 0xF9,
    0x05, 0x04, 0x05, 0xC5, 0x02, 0x26, 0x00, 0x2B, 0x00, 0x00, 0x01, 0x07, 0x01, 0xD5, 0x01, 0xF0,
    0xFE, 0x90, 0x00, 0x0E, 0xB4, 0x01, 0x35, 0x05, 0x01, 0x01, 0xB8, 0xFF, 0x98, 0xB0, 0x56, 0x00,
    0x2B, 0x34, 0xFF, 0xFF, 0x00, 0x45, 0xFE, 0x56, 0x04, 0x22, 0x06, 0xB3, 0x00, 0x26, 0x00, 0x4B,
    0x00, 0x00, 0x01, 0x07, 0x01, 0xEA, 0x01, 0x34, 0x00, 0x9B, 0x00, 0x0B, 0xB6, 0x03, 0x3F, 0x1A,
    0x01, 0x01, 0x98, 0x56, 0x00, 0x2B, 0x34, 0x00, 0xFF, 0xFF, 0x00, 0x82, 0x00, 0x00, 0x05, 0x23,
    0x07, 0x3A, 0x02, 0x26, 0x00, 0x2C, 0x00, 0x00, 0x01, 0x07, 0x00, 0x9E, 0x00, 0xDD, 0x01, 0x3A,
    0x00, 0x0B, 0xB6, 0x03, 0x0F, 0x0B, 0x01, 0x01, 0x77, 0x56, 0x00, 0x2B, 0x34, 0x00, 0xFF, 0xFF,
    0x00, 0x69, 0x00, 0x00, 0x04, 0x11, 0x07, 0x79, 0x02, 0x26, 0x00, 0x4C, 0x00, 0x00, 0x01, 0x07,
    0x00, 0x9E, 0x00, 0x17, 0x01, 0x79, 0x00, 0x0B, 0xB6, 0x02, 0x1E, 0x03, 0x01, 0x01, 0x26, 0x56,
    0x00, 0x2B, 0x34, 0x00, 0xFF, 0xFF, 0xFF, 0xB2, 0x00, 0x00, 0x02, 0xA3, 0x07, 0x35, 0x02, 0x26,
    0x00, 0x2D, 0x00, 0x00, 0x01, 0x07, 0x00, 0xA5, 0xFF, 0x3E, 0x01, 0x38, 0x00, 0x0B, 0xB6, 0x01,
    0x12, 0x03, 0x01, 0x01, 0x76, 0x56, 0x00, 0x2B, 0x34, 0x00, 0xFF, 0xFF, 0xFF, 0x9F, 0x00, 0x00,
    0x02, 0x90, 0x05, 0xEC, 0x02, 0x26, 0x00, 0x8D, 0x00, 0x00, 0x01, 0x07, 0x00, 0xA5, 0xFF, 0x2C,
    0xFF, 0xEF, 0x00, 0x0B, 0xB6, 0x01, 0x12, 0x03, 0x01, 0x01, 0xA8, 0x56, 0x00, 0x2B, 0x34, 0x00,
    0xFF, 0xFF, 0xFF, 0xD5, 0x00, 0x00, 0x02, 0x84, 0x06, 0xE6, 0x02, 0x26, 0x00, 0x2D, 0x00, 0x00,
    0x01, 0x07, 0x00, 0x70, 0xFF, 0x2C, 0x01, 0x38, 0x00, 0x0B, 0xB6, 0x01, 0x06, 0x03, 0x01, 0x01,
    0xB1, 0x56, 0x00, 0x2B, 0x34, 0x00, 0xFF, 0xFF, 0xFF, 0xC2, 0x00, 0x00, 0x02, 0x71, 0x05, 0x9D,
    0x02, 0x26, 0x00, 0x8D, 0x00, 0x00, 0x01, 0x07, 0x00, 0x70, 0xFF, 0x1A, 0xFF, 0xF0, 0x00, 0x0B,
    0xB6, 0x01, 0x06, 0x03, 0x01, 0x01, 0xE3, 0x56, 0x00, 0x2B, 0x34, 0x00, 0xFF, 0xFF, 0xFF, 0xD0,
    0x00, 0x00, 0x02, 0x86, 0x07, 0x2E, 0x02, 0x26, 0x00, 0x2D, 0x00, 0x00, 0x01, 0x07, 0x00, 0xA1,
    0xFF, 0x66, 0x01, 0x3A, 0x00, 0x0B, 0xB6, 0x01, 0x09, 0x03, 0x01, 0x01, 0x5E, 0x56, 0x00, 0x2B,
    0x34, 0x00, 0xFF, 0xFF, 0xFF, 0xBD, 0x00, 0x00, 0x02, 0x74, 0x05, 0xE5, 0x02, 0x26, 0x00, 0x8D,
    0x00, 0x00, 0x01, 0x07, 0x00, 0xA1, 0xFF, 0x53, 0xFF, 0xF1, 0x00, 0x0B, 0xB6, 0x01, 0x09, 0x03,
    0x01, 0x01, 0x90, 0x56, 0x00, 0x2B, 0x34, 0x00, 0xFF, 0xFF, 0x00, 0x18, 0xFE, 0x5C, 0x01, 0xC1,
    0x05, 0xB0, 0x02, 0x26, 0x00, 0x2D, 0x00, 0x00, 0x01, 0x06, 0x00, 0xA4, 0xF7, 0x03, 0x00, 0x0B,
    0xB6, 0x01, 0x05, 0x02, 0x00, 0x00, 0x00, 0x56, 0x00, 0x2B, 0x34, 0x00, 0xFF, 0xFF, 0x00, 0x03,
    0xFE, 0x5A, 0x01, 0xB1, 0x05, 0xE5, 0x02, 0x26, 0x00, 0x4D, 0x00, 0x00, 0x01, 0x06, 0x00, 0xA4,
    0xE2, 0x00, 0x00, 0x0B, 0xB6, 0x02, 0x11, 0x02, 0x00, 0x00, 0x00, 0x56, 0x00, 0x2B, 0x34, 0x00,
    0xFF, 0xFF, 0x00, 0x96, 0x00, 0x00, 0x01, 0xC1, 0x07, 0x2E, 0x02, 0x26, 0x00, 0x2D, 0x00, 0x00,
    0x01, 0x07, 0x00, 0xA2, 0x00, 0x20, 0x01, 0x49, 0x00, 0x0B, 0xB6, 0x01, 0x0D, 0x03, 0x01, 0x01,
    0x81, 0x56, 0x00, 0x2B, 0x34, 0x00, 0xFF, 0xFF, 0x00, 0x96, 0xFF, 0xEC, 0x06, 0x51, 0x05, 0xB0,
    0x00, 0x26, 0x00, 0x2D, 0x00, 0x00, 0x00, 0x07, 0x00, 0x2E, 0x02, 0x57, 0x00, 0x00, 0xFF, 0xFF,
    0x00, 0x6D, 0xFE, 0x4B, 0x03, 0xCB, 0x05, 0xE5, 0x00, 0x26, 0x00, 0x4D, 0x00, 0x00, 0x00, 0x07,
    0x00, 0x4E, 0x02, 0x1E, 0x00, 0x00, 0xFF, 0xFF, 0x00, 0x2A, 0xFF, 0xEC, 0x04, 0xDB, 0x07, 0x36,
    0x02, 0x26, 0x00, 0x2E, 0x00, 0x00, 0x01, 0x07, 0x00, 0x9E, 0x01, 0x64, 0x01, 0x36, 0x00, 0x0B,
    0xB6, 0x01, 0x17, 0x01, 0x01, 0x01, 0x6A, 0x56, 0x00, 0x2B, 0x34, 0x00, 0xFF, 0xFF, 0xFF, 0x94,
    0xFE, 0x4B, 0x02, 0x92, 0x05, 0xE5, 0x02, 0x26, 0x00, 0x9C, 0x00, 0x00, 0x01, 0x07, 0x00, 0x9E,
    0xFF, 0x1B, 0xFF, 0xE5, 0x00, 0x0B, 0xB6, 0x01, 0x15, 0x00, 0x01, 0x01, 0x82, 0x56, 0x00, 0x2B,
    0x34, 0x00, 0xFF, 0xFF, 0x00, 0x82, 0xFE, 0x3D, 0x05, 0x24, 0x05, 0xB0, 0x00, 0x26, 0x00, 0x2F,
    0x00, 0x00, 0x01, 0x07, 0x01, 0xD5, 0x01, 0xA3, 0xFE, 0xD4, 0x00, 0x0E, 0xB4, 0x03, 0x17, 0x02,
    0x01, 0x00, 0xB8, 0xFF, 0xE7, 0xB0, 0x56, 0x00, 0x2B, 0x34, 0xFF, 0xFF, 0x00, 0x70, 0xFE, 0x28,
    0x04, 0x5B, 0x06, 0x01, 0x02, 0x26, 0x00, 0x4F, 0x00, 0x00, 0x01, 0x07, 0x01, 0xD5, 0x01, 0x4D,
    0xFE, 0xBF, 0x00, 0x0E, 0xB4, 0x03, 0x17, 0x02, 0x01, 0x01, 0xB8, 0xFF, 0xD4, 0xB0, 0x56, 0x00,
    0x2B, 0x34, 0xFF, 0xFF, 0x00, 0x82, 0x00, 0x00, 0x04, 0x2A, 0x07, 0x35, 0x02, 0x26, 0x00, 0x30,
    0x00, 0x00, 0x01, 0x07, 0x00, 0x75, 0x00, 0x30, 0x01, 0x35, 0x00, 0x0B, 0xB6, 0x02, 0x08, 0x07,
    0x01, 0x01, 0x5C, 0x56, 0x00, 0x2B, 0x34, 0x00, 0xFF, 0xFF, 0x00, 0x7F, 0x00, 0x00, 0x02, 0x83,
    0x07, 0x89, 0x02, 0x26, 0x00, 0x50, 0x00, 0x00, 0x01, 0x07, 0x00, 0x75, 0x00, 0x21, 0x01, 0x89,
    0x00, 0x0B, 0xB6, 0x01, 0x04, 0x03, 0x01, 0x01, 0x71, 0x56, 0x00, 0x2B, 0x34, 0x00, 0xFF, 0xFF,
    0x00, 0x82, 0xFE, 0x06, 0x04, 0x2A, 0x05, 0xB0, 0x00, 0x26, 0x00, 0x30, 0x00, 0x00, 0x01, 0x07,
    0x01, 0xD5, 0x01, 0x71, 0xFE, 0x9D, 0x00, 0x0E, 0xB4, 0x02, 0x11, 0x02, 0x01, 0x01, 0xB8, 0xFF,
    0x97, 0xB0, 0x56, 0x00, 0x2B, 0x34, 0xFF, 0xFF, 0x00, 0x5C, 0xFE, 0x06, 0x01, 0xA0, 0x06, 0x00,
    0x00, 0x26, 0x00, 0x50, 0x00, 0x00, 0x01, 0x07, 0x01, 0xD5, 0x00, 0x27, 0xFE, 0x9D, 0x00, 0x0E,
    0xB4, 0x01, 0x0D, 0x02, 0x01, 0x01, 0xB8, 0xFF, 0x97, 0xB0, 0x56, 0x00, 0x2B, 0x34, 0xFF, 0xFF,
    0x00, 0x82, 0x00, 0x00, 0x04, 0x2A, 0x05, 0xB1, 0x02, 0x26, 0x00, 0x30, 0x00, 0x00, 0x01, 0x07,
    0x01, 0xD5, 0x02, 0x38, 0x04, 0xA3, 0x00, 0x0B, 0xB6, 0x02, 0x11, 0x07, 0x00, 0x00, 0x01, 0x56,
    0x00, 0x2B, 0x34, 0x00, 0xFF, 0xFF, 0x00, 0x7F, 0x00, 0x00, 0x03, 0x0C, 0x06, 0x01, 0x00, 0x26,
    0x00, 0x50, 0x00, 0x00, 0x01, 0x07, 0x01, 0xD5, 0x01, 0xBA, 0x04, 0xF3, 0x00, 0x0B, 0xB6, 0x01,
    0x0D, 0x03, 0x00, 0x00, 0x02, 0x56, 0x00, 0x2B, 0x34, 0x00, 0xFF, 0xFF, 0x00, 0x82, 0x00, 0x00,
    0x04, 0x2A, 0x05, 0xB0, 0x02, 0x26, 0x00, 0x30, 0x00, 0x00, 0x00, 0x07, 0x00, 0xA2, 0x01, 0xDB,
    0xFD, 0xDA, 0xFF, 0xFF, 0x00, 0x7F, 0x00, 0x00, 0x03, 0x29, 0x06, 0x00, 0x00, 0x26, 0x00, 0x50,
    0x00, 0x00, 0x00, 0x07, 0x00, 0xA2, 0x01, 0x8B, 0xFD, 0xA7, 0xFF, 0xFF, 0x00, 0x82, 0x00, 0x00,
    0x05, 0x23, 0x07, 0x36, 0x02, 0x26, 0x00, 0x32, 0x00, 0x00, 0x01, 0x07, 0x00, 0x75, 0x01, 0xE8,
    0x01, 0x36, 0x00, 0x0B, 0xB6, 0x01, 0x0A, 0x06, 0x01, 0x01, 0x61, 0x56, 0x00, 0x2B, 0x34, 0x00,
    0xFF, 0xFF, 0x00, 0x6A, 0x00, 0x00, 0x04, 0x11, 0x06, 0x00, 0x02, 0x26, 0x00, 0x52, 0x00, 0x00,
    0x01, 0x07, 0x00, 0x75, 0x01, 0x53, 0x00, 0x00, 0x00, 0x0B, 0xB6, 0x02, 0x1C, 0x03, 0x01, 0x01,
    0xA0, 0x56, 0x00, 0x2B, 0x34, 0x00, 0xFF, 0xFF, 0x00, 0x82, 0xFD, 0xFF, 0x05, 0x23, 0x05, 0xB0,
    0x00, 0x26, 0x00, 0x32, 0x00, 0x00, 0x01, 0x07, 0x01, 0xD5, 0x01, 0xED, 0xFE, 0x96, 0x00, 0x0E,
    0xB4, 0x01, 0x13, 0x05, 0x01, 0x01, 0xB8, 0xFF, 0x97, 0xB0, 0x56, 0x00, 0x2B, 0x34, 0xFF, 0xFF,
    0x00, 0x6A, 0xFE, 0x06, 0x04, 0x11, 0x04, 0x4E, 0x00, 0x26, 0x00, 0x52, 0x00, 0x00, 0x01, 0x07,
    0x01, 0xD5, 0x01, 0x56, 0xFE, 0x9D, 0x00, 0x0E, 0xB4, 0x02, 0x25, 0x02, 0x01, 0x01, 0xB8, 0xFF,
    0x97, 0xB0, 0x56, 0x00, 0x2B, 0x34, 0xFF, 0xFF, 0x00, 0x82, 0x00, 0x00, 0x05, 0x23, 0x07, 0x37,
    0x02, 0x26, 0x00, 0x32, 0x00, 0x00, 0x01, 0x07, 0x00, 0x9F, 0x00, 0xF8, 0x01, 0x36, 0x00, 0x0B,
    0xB6, 0x01, 0x10, 0x09, 0x01, 0x01, 0x6A, 0x56, 0x00, 0x2B, 0x34, 0x00, 0xFF, 0xFF, 0x00, 0x6A,
    0x00, 0x00, 0x04, 0x11, 0x06, 0x00, 0x02, 0x26, 0x00, 0x52, 0x00, 0x00, 0x01, 0x06, 0x00, 0x9F,
    0x62, 0x00, 0x00, 0x0B, 0xB6, 0x02, 0x22, 0x03, 0x01, 0x01, 0xA9, 0x56, 0x00, 0x2B, 0x34, 0x00,
    0xFF, 0xFF, 0xFF, 0x90, 0x00, 0x00, 0x04, 0x11, 0x06, 0x01, 0x02, 0x26, 0x00, 0x52, 0x00, 0x00,
    0x01, 0x07, 0x01, 0xD5, 0xFF, 0x5B, 0x04, 0xF3, 0x00, 0x0B, 0xB6, 0x02, 0x20, 0x03, 0x01, 0x01,
    0x3A, 0x56, 0x00, 0x2B, 0x34, 0x00, 0xFF, 0xFF, 0x00, 0x56, 0xFF, 0xEC, 0x05, 0x2E, 0x06, 0xE3,
    0x02, 0x26, 0x00, 0x33, 0x00, 0x00, 0x01, 0x07, 0x00, 0x70, 0x00, 0xC3, 0x01, 0x35, 0x00, 0x0B,
    0xB6, 0x02, 0x2E, 0x11, 0x01, 0x01, 0x94, 0x56, 0x00, 0x2B, 0x34, 0x00, 0xFF, 0xFF, 0x00, 0x42,
    0xFF, 0xEC, 0x04, 0x43, 0x05, 0xAC, 0x02, 0x26, 0x00, 0x53, 0x00, 0x00, 0x01, 0x06, 0x00, 0x70,
    0x41, 0xFF, 0x00, 0x0B, 0xB6, 0x02, 0x2E, 0x06, 0x01, 0x01, 0xD1, 0x56, 0x00, 0x2B, 0x34, 0x00,
    0xFF, 0xFF, 0x00, 0x56, 0xFF, 0xEC, 0x05, 0x2E, 0x07, 0x2B, 0x02, 0x26, 0x00, 0x33, 0x00, 0x00,
    0x01, 0x07, 0x00, 0xA1, 0x00, 0xFC, 0x01, 0x37, 0x00, 0x0B, 0xB6, 0x02, 0x31, 0x11, 0x01, 0x01,
    0x41, 0x56, 0x00, 0x2B, 0x34, 0x00, 0xFF, 0xFF, 0x00, 0x42, 0xFF, 0xEC, 0x04, 0x43, 0x05, 0xF4,
    0x02, 0x26, 0x00, 0x53, 0x00, 0x00, 0x01, 0x07, 0x00, 0xA1, 0x00, 0x7B, 0x00, 0x00, 0x00, 0x0B,
    0xB6, 0x02, 0x31, 0x06, 0x01, 0x01, 0x7E, 0x56, 0x00, 0x2B, 0x34, 0x00, 0xFF, 0xFF, 0x00, 0x56,
    0xFF, 0xEC, 0x05, 0x2E, 0x07, 0x36, 0x02, 0x26, 0x00, 0x33, 0x00, 0x00, 0x01, 0x07, 0x00, 0xA6,
    0x01, 0x56, 0x01, 0x37, 0x00, 0x0D, 0xB7, 0x03, 0x02, 0x2C, 0x11, 0x01, 0x01, 0x45, 0x56, 0x00,
    0x2B, 0x34, 0x34, 0x00, 0xFF, 0xFF, 0x00, 0x42, 0xFF, 0xEC, 0x04, 0x53, 0x05, 0xFF, 0x02, 0x26,
    0x00, 0x53, 0x00, 0x00, 0x01, 0x07, 0x00, 0xA6, 0x00, 0xD5, 0x00, 0x00, 0x00, 0x0D, 0xB7, 0x03,
    0x02, 0x2C, 0x06, 0x01, 0x01, 0x82, 0x56, 0x00, 0x2B, 0x34, 0x34, 0x00, 0xFF, 0xFF, 0x00, 0x82,
    0x00, 0x00, 0x04, 0xF1, 0x07, 0x36, 0x02, 0x26, 0x00, 0x36, 0x00, 0x00, 0x01, 0x07, 0x00, 0x75,
    0x01, 0x68, 0x01, 0x36, 0x00, 0x0B, 0xB6, 0x02, 0x1E, 0x00, 0x01, 0x01, 0x61, 0x56, 0x00, 0x2B,
    0x34, 0x00, 0xFF, 0xFF, 0x00, 0x70, 0x00, 0x00, 0x03, 0x10, 0x06, 0x00, 0x02, 0x26, 0x00, 0x56,
    0x00, 0x00, 0x01, 0x07, 0x00, 0x75, 0x00, 0xAE, 0x00, 0x00, 0x00, 0x0B, 0xB6, 0x02, 0x17, 0x03,
    0x01, 0x01, 0xA0, 0x56, 0x00, 0x2B, 0x34, 0x00, 0xFF, 0xFF, 0x00, 0x82, 0xFE, 0x06, 0x04, 0xF1,
    0x05, 0xB0, 0x00, 0x26, 0x00, 0x36, 0x00, 0x00, 0x01, 0x07, 0x01, 0xD5, 0x01, 0x7D, 0xFE, 0x9D,
    0x00, 0x0E, 0xB4, 0x02, 0x27, 0x18, 0x01, 0x01, 0xB8, 0xFF, 0x97, 0xB0, 0x56, 0x00, 0x2B, 0x34,
    0xFF, 0xFF, 0x00, 0x51, 0xFE, 0x06, 0x02, 0xD6, 0x04, 0x4E, 0x00, 0x26, 0x00, 0x56, 0x00, 0x00,
    0x01, 0x07, 0x01, 0xD5, 0x00, 0x1C, 0xFE, 0x9D, 0x00, 0x0E, 0xB4, 0x02, 0x20, 0x02, 0x01, 0x01,
    0xB8, 0xFF, 0x98, 0xB0, 0x56, 0x00, 0x2B, 0x34, 0xFF, 0xFF, 0x00, 0x82, 0x00, 0x00, 0x04, 0xF1,
    0x07, 0x37, 0x02, 0x26, 0x00, 0x36, 0x00, 0x00, 0x01, 0x07, 0x00, 0x9F, 0x00, 0x77, 0x01, 0x36,
    0x00, 0x0B, 0xB6, 0x02, 0x24, 0x00, 0x01, 0x01, 0x6A, 0x56, 0x00, 0x2B, 0x34, 0x00, 0xFF, 0xFF,
    0x00, 0x11, 0x00, 0x00, 0x03, 0x25, 0x06, 0x00, 0x02, 0x26, 0x00, 0x56, 0x00, 0x00, 0x01, 0x06,
    0x00, 0x9F, 0xBD, 0x00, 0x00, 0x0B, 0xB6, 0x02, 0x1D, 0x03, 0x01, 0x01, 0xA9, 0x56, 0x00, 0x2B,
    0x34, 0x00, 0xFF, 0xFF, 0x00, 0x45, 0xFF, 0xEC, 0x04, 0xA4, 0x07, 0x37, 0x02, 0x26, 0x00, 0x37,
    0x00, 0x00, 0x01, 0x07, 0x00, 0x75, 0x01, 0x9C, 0x01, 0x37, 0x00, 0x0B, 0xB6, 0x01, 0x3A, 0x0F,
    0x01, 0x01, 0x4F, 0x56, 0x00, 0x2B, 0x34, 0x00, 0xFF, 0xFF, 0x00, 0x37, 0xFF, 0xEC, 0x03, 0xD1,
    0x06, 0x00, 0x02, 0x26, 0x00, 0x57, 0x00, 0x00, 0x01, 0x07, 0x00, 0x75, 0x01, 0x20, 0x00, 0x00,
    0x00, 0x0B, 0xB6, 0x01, 0x36, 0x0E, 0x01, 0x01, 0x8C, 0x56, 0x00, 0x2B, 0x34, 0x00, 0xFF, 0xFF,
    0x00, 0x45, 0xFF, 0xEC, 0x04, 0xA4, 0x07, 0x37, 0x02, 0x26, 0x00, 0x37, 0x00, 0x00, 0x01, 0x07,
    0x00, 0x9E, 0x00, 0x94, 0x01, 0x37, 0x00, 0x0B, 0xB6, 0x01, 0x3D, 0x0F, 0x01, 0x01, 0x5A, 0x56,
    0x00, 0x2B, 0x34, 0x00, 0xFF, 0xFF, 0x00, 0x37, 0xFF, 0xEC, 0x03, 0xD1, 0x06, 0x00, 0x02, 0x26,
    0x00, 0x57, 0x00, 0x00, 0x01, 0x06, 0x00, 0x9E, 0x18, 0x00, 0x00, 0x0B, 0xB6, 0x01, 0x39, 0x0E,
    0x01, 0x01, 0x97, 0x56, 0x00, 0x2B, 0x34, 0x00, 0xFF, 0xFF, 0x00, 0x45, 0xFE, 0x34, 0x04, 0xA4,
    0x05, 0xC4, 0x02, 0x26, 0x00, 0x37, 0x00, 0x00, 0x01, 0x07, 0x00, 0x79, 0x01, 0xA2, 0x00, 0x00,
    0x00, 0x0B, 0xB6, 0x01, 0x3A, 0x2B, 0x00, 0x00, 0x13, 0x56, 0x00, 0x2B, 0x34, 0x00, 0xFF, 0xFF,
    0x00, 0x37, 0xFE, 0x2A, 0x03, 0xD1, 0x04, 0x4E, 0x02, 0x26, 0x00, 0x57, 0x00, 0x00, 0x01, 0x07,
    0x00, 0x79, 0x01, 0x24, 0xFF, 0xF6, 0x00, 0x0B, 0xB6, 0x01, 0x36, 0x29, 0x00, 0x00, 0x0A, 0x56,
    0x00, 0x2B, 0x34, 0x00, 0xFF, 0xFF, 0x00, 0x45, 0xFD, 0xFC, 0x04, 0xA4, 0x05, 0xC4, 0x02, 0x26,
    0x00, 0x37, 0x00, 0x00, 0x01, 0x07, 0x01, 0xD5, 0x01, 0xA3, 0xFE, 0x93, 0x00, 0x0E, 0xB4, 0x01,
    0x43, 0x2B, 0x01, 0x01, 0xB8, 0xFF, 0xA0, 0xB0, 0x56, 0x00, 0x2B, 0x34, 0xFF, 0xFF, 0x00, 0x37,
    0xFD, 0xF2, 0x03, 0xD1, 0x04, 0x4E, 0x02, 0x26, 0x00, 0x57, 0x00, 0x00, 0x01, 0x07, 0x01, 0xD5,
    0x01, 0x26, 0xFE, 0x89, 0x00, 0x0E, 0xB4, 0x01, 0x3F, 0x29, 0x01, 0x01, 0xB8, 0xFF, 0x97, 0xB0,
    0x56, 0x00, 0x2B, 0x34, 0xFF, 0xFF, 0x00, 0x45, 0xFF, 0xEC, 0x04, 0xA4, 0x07, 0x37, 0x02, 0x26,
    0x00, 0x37, 0x00, 0x00, 0x01, 0x07, 0x00, 0x9F, 0x00, 0xAB, 0x01, 0x37, 0x00, 0x0B, 0xB6, 0x01,
    0x40, 0x0F, 0x01, 0x01, 0x58, 0x56, 0x00, 0x2B, 0x34, 0x00, 0xFF, 0xFF, 0x00, 0x37, 0xFF, 0xEC,
    0x03, 0xD1, 0x06, 0x00, 0x02, 0x26, 0x00, 0x57, 0x00, 0x00, 0x01, 0x06, 0x00, 0x9F, 0x2F, 0x00,
    0x00, 0x0B, 0xB6, 0x01, 0x3C, 0x0E, 0x01, 0x01, 0x95, 0x56, 0x00, 0x2B, 0x34, 0x00, 0xFF, 0xFF,
    0x00, 0x29, 0xFE, 0x03, 0x04, 0xCD, 0x05, 0xB0, 0x02, 0x26, 0x00, 0x38, 0x00, 0x00, 0x01, 0x07,
    0x01, 0xD5, 0x01, 0x8E, 0xFE, 0x9A, 0x00, 0x0E, 0xB4, 0x02, 0x11, 0x02, 0x01, 0x01, 0xB8, 0xFF,
    0x8D, 0xB0, 0x56, 0x00, 0x2B, 0x34, 0xFF, 0xFF, 0x00, 0x0C, 0xFD, 0xFC, 0x02, 0x8F, 0x05, 0x45,
    0x02, 0x26, 0x00, 0x58, 0x00, 0x00, 0x01, 0x07, 0x01, 0xD5, 0x00, 0xC8, 0xFE, 0x93, 0x00, 0x0E,
    0xB4, 0x02, 0x1F, 0x11, 0x01, 0x01, 0xB8, 0xFF, 0xA1, 0xB0, 0x56, 0x00, 0x2B, 0x34, 0xFF, 0xFF,
    0x00, 0x29, 0xFE, 0x3B, 0x04, 0xCD, 0x05, 0xB0, 0x02, 0x26, 0x00, 0x38, 0x00, 0x00, 0x01, 0x07,
    0x00, 0x79, 0x01, 0x8C, 0x00, 0x07, 0x00, 0x0B, 0xB6, 0x02, 0x08, 0x02, 0x01, 0x00, 0x00, 0x56,
    0x00, 0x2B, 0x34, 0x00, 0xFF, 0xFF, 0x00, 0x0C, 0xFE, 0x34, 0x02, 0xAB, 0x05, 0x45, 0x02, 0x26,
    0x00, 0x58, 0x00, 0x00, 0x01, 0x07, 0x00, 0x79, 0x00, 0xC6, 0x00, 0x00, 0x00, 0x0B, 0xB6, 0x02,
    0x16, 0x11, 0x00, 0x00, 0x14, 0x56, 0x00, 0x2B, 0x34, 0x00, 0xFF, 0xFF, 0x00, 0x29, 0x00, 0x00,
    0x04, 0xCD, 0x07, 0x36, 0x02, 0x26, 0x00, 0x38, 0x00, 0x00, 0x01, 0x07, 0x00, 0x9F, 0x00, 0x96,
    0x01, 0x36, 0x00, 0x0B, 0xB6, 0x02, 0x0E, 0x03, 0x01, 0x01, 0x69, 0x56, 0x00, 0x2B, 0x34, 0x00,
    0xFF, 0xFF, 0x00, 0x0C, 0xFF, 0xEC, 0x03, 0x4F, 0x06, 0x81, 0x00, 0x26, 0x00, 0x58, 0x00, 0x00,
    0x01, 0x07, 0x01, 0xD5, 0x01, 0xFD, 0x05, 0x73, 0x00, 0x0E, 0xB4, 0x02, 0x1A, 0x04, 0x01, 0x00,
    0xB8, 0xFF, 0xA8, 0xB0, 0x56, 0x00, 0x2B, 0x34, 0xFF, 0xFF, 0x00, 0x75, 0xFF, 0xEC, 0x04, 0xD1,
    0x07, 0x31, 0x02, 0x26, 0x00, 0x39, 0x00, 0x00, 0x01, 0x07, 0x00, 0xA5, 0x00, 0xB3, 0x01, 0x34,
    0x00, 0x0B, 0xB6, 0x01, 0x24, 0x0B, 0x01, 0x01, 0x6B, 0x56, 0x00, 0x2B, 0x34, 0x00, 0xFF, 0xFF,
    0x00, 0x68, 0xFF, 0xEC, 0x04, 0x10, 0x05, 0xFB, 0x02, 0x26, 0x00, 0x59, 0x00, 0x00, 0x01, 0x06,
    0x00, 0xA5, 0x51, 0xFE, 0x00, 0x0B, 0xB6, 0x02, 0x2A, 0x11, 0x01, 0x01, 0xAA, 0x56, 0x00, 0x2B,
    0x34, 0x00, 0xFF, 0xFF, 0x00, 0x75, 0xFF, 0xEC, 0x04, 0xD1, 0x06, 0xE3, 0x02, 0x26, 0x00, 0x39,
    0x00, 0x00, 0x01, 0x07, 0x00, 0x70, 0x00, 0xA1, 0x01, 0x35, 0x00, 0x0B, 0xB6, 0x01, 0x18, 0x0B,
    0x01, 0x01, 0xA6, 0x56, 0x00, 0x2B, 0x34, 0x00, 0xFF, 0xFF, 0x00, 0x68, 0xFF, 0xEC, 0x04, 0x10,
    0x05, 0xAC, 0x02, 0x26, 0x00, 0x59, 0x00, 0x00, 0x01, 0x06, 0x00, 0x70, 0x3F, 0xFF, 0x00, 0x0B,
    0xB6, 0x02, 0x1E, 0x11, 0x01, 0x01, 0xE5, 0x56, 0x00, 0x2B, 0x34, 0x00, 0xFF, 0xFF, 0x00, 0x75,
    0xFF, 0xEC, 0x04, 0xD1, 0x07, 0x2A, 0x02, 0x26, 0x00, 0x39, 0x00, 0x00, 0x01, 0x07, 0x00, 0xA1,
    0x00, 0xDB, 0x01, 0x36, 0x00, 0x0B, 0xB6, 0x01, 0x1B, 0x00, 0x01, 0x01, 0x53, 0x56, 0x00, 0x2B,
    0x34, 0x00, 0xFF, 0xFF, 0x00, 0x68, 0xFF, 0xEC, 0x04, 0x10, 0x05, 0xF4, 0x02, 0x26, 0x00, 0x59,
    0x00, 0x00, 0x01, 0x07, 0x00, 0xA1, 0x00, 0x78, 0x00, 0x00, 0x00, 0x0B, 0xB6, 0x02, 0x21, 0x11,
    0x01, 0x01, 0x92, 0x56, 0x00, 0x2B, 0x34, 0x00, 0xFF, 0xFF, 0x00, 0x75, 0xFF, 0xEC, 0x04, 0xD1,
    0x07, 0x8E, 0x02, 0x26, 0x00, 0x39, 0x00, 0x00, 0x01, 0x07, 0x00, 0xA3, 0x01, 0x4C, 0x01, 0x8F,
    0x00, 0x0D, 0xB7, 0x02, 0x01, 0x21, 0x00, 0x01, 0x01, 0x47, 0x56, 0x00, 0x2B, 0x34, 0x34, 0x00,
    0xFF, 0xFF, 0x00, 0x68, 0xFF, 0xEC, 0x04, 0x10, 0x06, 0x58, 0x02, 0x26, 0x00, 0x59, 0x00, 0x00,
    0x01, 0x07, 0x00, 0xA3, 0x00, 0xEA, 0x00, 0x58, 0x00, 0x0D, 0xB7, 0x03, 0x02, 0x27, 0x11, 0x01,
    0x01, 0x86, 0x56, 0x00, 0x2B, 0x34, 0x34, 0x00, 0xFF, 0xFF, 0x00, 0x75, 0xFF, 0xEC, 0x04, 0xD1,
    0x07, 0x35, 0x02, 0x26, 0x00, 0x39, 0x00, 0x00, 0x01, 0x07, 0x00, 0xA6, 0x01, 0x35, 0x01, 0x36,
    0x00, 0x0D, 0xB7, 0x02, 0x01, 0x16, 0x00, 0x01, 0x01, 0x57, 0x56, 0x00, 0x2B, 0x34, 0x34, 0x00,
    0xFF, 0xFF, 0x00, 0x68, 0xFF, 0xEC, 0x04, 0x50, 0x05, 0xFF, 0x02, 0x26, 0x00, 0x59, 0x00, 0x00,
    0x01, 0x07, 0x00, 0xA6, 0x00, 0xD2, 0x00, 0x00, 0x00, 0x0D, 0xB7, 0x03, 0x02, 0x1C, 0x11, 0x01,
    0x01, 0x96, 0x56, 0x00, 0x2B, 0x34, 0x34, 0x00, 0x00, 0x02, 0x00, 0x75, 0xFE, 0x9B, 0x04, 0xD1,
    0x05, 0xB0, 0x00, 0x15, 0x00, 0x2B, 0x00, 0x1B, 0x40, 0x0D, 0x1E, 0x25, 0x01, 0x0B, 0x02, 0x72,
    0x17, 0x16, 0x11, 0x11, 0x06, 0x09, 0x72, 0x00, 0x2B, 0x32, 0x12, 0x39, 0x39, 0x2B, 0x32, 0x2F,
    0x33, 0x30, 0x31, 0x01, 0x21, 0x11, 0x14, 0x06, 0x06, 0x23, 0x22, 0x26, 0x26, 0x35, 0x11, 0x21,
    0x11, 0x14, 0x16, 0x16, 0x33, 0x32, 0x36, 0x36, 0x35, 0x03, 0x17, 0x0E, 0x02, 0x15, 0x14, 0x16,
    0x33, 0x32, 0x36, 0x37, 0x17, 0x06, 0x06, 0x23, 0x22, 0x26, 0x35, 0x34, 0x36, 0x36, 0x03, 0xA6,
    0x01, 0x2B, 0x8F, 0xFB, 0xA3, 0xA3, 0xFD, 0x8F, 0x01, 0x2C, 0x3E, 0x75, 0x50, 0x52, 0x73, 0x3D,
    0x44, 0x96, 0x32, 0x45, 0x24, 0x1E, 0x24, 0x1D, 0x25, 0x0D, 0x1F, 0x19, 0x4F, 0x3C, 0x5F, 0x84,
    0x28, 0x60, 0x05, 0xB0, 0xFC, 0x3E, 0xA8, 0xE6, 0x74, 0x74, 0xE6, 0xA8, 0x03, 0xC2, 0xFC, 0x3E,
    0x62, 0x7C, 0x3A, 0x3A, 0x7C, 0x62, 0xFE, 0x8F, 0x3B, 0x1D, 0x37, 0x3C, 0x25, 0x1C, 0x26, 0x0F,
    0x06, 0x99, 0x0F, 0x1D, 0x69, 0x66, 0x32, 0x62, 0x59, 0x00, 0x00, 0x03, 0x00, 0x68, 0xFE, 0x5A,
    0x04, 0x10, 0x04, 0x3A, 0x00, 0x04, 0x00, 0x1B, 0x00, 0x31, 0x00, 0x21, 0x40, 0x11, 0x24, 0x2B,
    0x0F, 0x72, 0x01, 0x11, 0x06, 0x72, 0x1C, 0x1D, 0x1D, 0x04, 0x04, 0x18, 0x0B, 0x0B, 0x72, 0x00,
    0x2B, 0x32, 0x32, 0x11, 0x33, 0x11, 0x33, 0x2B, 0x32, 0x2B, 0x32, 0x30, 0x31, 0x01, 0x11, 0x21,
    0x11, 0x21, 0x13, 0x37, 0x14, 0x0E, 0x02, 0x23, 0x22, 0x2E, 0x02, 0x35, 0x11, 0x21, 0x11, 0x14,
    0x1E, 0x02, 0x33, 0x32, 0x36, 0x36, 0x13, 0x17, 0x0E, 0x02, 0x15, 0x14, 0x16, 0x33, 0x32, 0x36,
    0x37, 0x17, 0x06, 0x06, 0x23, 0x22, 0x26, 0x35, 0x34, 0x36, 0x36, 0x02, 0xF0, 0x01, 0x20, 0xFE,
    0xF1, 0x0F, 0x55, 0x32, 0x64, 0x98, 0x67, 0x4F, 0x85, 0x5F, 0x35, 0x01, 0x20, 0x17, 0x2A, 0x39,
    0x23, 0x59, 0x67, 0x2B, 0x4B, 0x96, 0x32, 0x45, 0x23, 0x1D, 0x25, 0x1C, 0x25, 0x0E, 0x1E, 0x19,
    0x4F, 0x3C, 0x5E, 0x84, 0x28, 0x5F, 0x01, 0x03, 0x03, 0x37, 0xFB, 0xC6, 0x01, 0xE1, 0x02, 0x6C,
    0xB9, 0x87, 0x4B, 0x2D, 0x61, 0x99, 0x6C, 0x02, 0xBB, 0xFD, 0x43, 0x30, 0x42, 0x2A, 0x12, 0x48,
    0x7D, 0xFE, 0xA7, 0x3B, 0x1D, 0x36, 0x3D, 0x25, 0x1C, 0x25, 0x0E, 0x07, 0x99, 0x0F, 0x1D, 0x69,
    0x65, 0x33, 0x61, 0x59, 0xFF, 0xFF, 0x00, 0x23, 0x00, 0x00, 0x06, 0xDF, 0x07, 0x36, 0x02, 0x26,
    0x00, 0x3B, 0x00, 0x00, 0x01, 0x07, 0x00, 0x9E, 0x01, 0x92, 0x01, 0x36, 0x00, 0x0B, 0xB6, 0x04,
    0x19, 0x15, 0x01, 0x01, 0x6C, 0x56, 0x00, 0x2B, 0x34, 0x00, 0xFF, 0xFF, 0x00, 0x1D, 0x00, 0x00,
    0x05, 0xBF, 0x06, 0x00, 0x02, 0x26, 0x00, 0x5B, 0x00, 0x00, 0x01, 0x07, 0x00, 0x9E, 0x00, 0xF8,
    0x00, 0x00, 0x00, 0x0B, 0xB6, 0x04, 0x19, 0x15, 0x01, 0x01, 0xAB, 0x56, 0x00, 0x2B, 0x34, 0x00,
    0xFF, 0xFF, 0x00, 0x02, 0x00, 0x00, 0x04, 0xF1, 0x07, 0x36, 0x02, 0x26, 0x00, 0x3D, 0x00, 0x00,
    0x01, 0x07, 0x00, 0x9E, 0x00, 0x86, 0x01, 0x36, 0x00, 0x0B, 0xB6, 0x01, 0x0C, 0x02, 0x01, 0x01,
    0x6B, 0x56, 0x00, 0x2B, 0x34, 0x00, 0xFF, 0xFF, 0x00, 0x04, 0xFE, 0x4B, 0x04, 0x05, 0x06, 0x00,
    0x02, 0x26, 0x00, 0x5D, 0x00, 0x00, 0x01, 0x06, 0x00, 0x9E, 0x14, 0x00, 0x00, 0x0B, 0xB6, 0x02,
    0x1C, 0x01, 0x01, 0x01, 0xAB, 0x56, 0x00, 0x2B, 0x34, 0x00, 0xFF, 0xFF, 0x00, 0x02, 0x00, 0x00,
    0x04, 0xF1, 0x07, 0x0A, 0x02, 0x26, 0x00, 0x3D, 0x00, 0x00, 0x01, 0x07, 0x00, 0x6A, 0x00, 0x9B,
    0x01, 0x36, 0x00, 0x0D, 0xB7, 0x02, 0x01, 0x1E, 0x02, 0x01, 0x01, 0x77, 0x56, 0x00, 0x2B, 0x34,
    0x34, 0x00, 0xFF, 0xFF, 0x00, 0x49, 0x00, 0x00, 0x04, 0x9F, 0x07, 0x36, 0x02, 0x26, 0x00, 0x3E,
    0x00, 0x00, 0x01, 0x07, 0x00, 0x75, 0x01, 0x88, 0x01, 0x36, 0x00, 0x0B, 0xB6, 0x03, 0x0E, 0x0D,
    0x01, 0x01, 0x61, 0x56, 0x00, 0x2B, 0x34, 0x00, 0xFF, 0xFF, 0x00, 0x4A, 0x00, 0x00, 0x03, 0xCD,
    0x06, 0x00, 0x02, 0x26, 0x00, 0x5E, 0x00, 0x00, 0x01, 0x07, 0x00, 0x75, 0x01, 0x1D, 0x00, 0x00,
    0x00, 0x0B, 0xB6, 0x03, 0x0E, 0x0D, 0x01, 0x01, 0xA0, 0x56, 0x00, 0x2B, 0x34, 0x00, 0xFF, 0xFF,
    0x00, 0x49, 0x00, 0x00, 0x04, 0x9F, 0x07, 0x2A, 0x02, 0x26, 0x00, 0x3E, 0x00, 0x00, 0x01, 0x07,
    0x00, 0xA2, 0x01, 0x6B, 0x01, 0x46, 0x00, 0x0B, 0xB6, 0x03, 0x17, 0x08, 0x01, 0x01, 0x76, 0x56,
    0x00, 0x2B, 0x34, 0x00, 0xFF, 0xFF, 0x00, 0x4A, 0x00, 0x00, 0x03, 0xCD, 0x05, 0xF4, 0x02, 0x26,
    0x00, 0x5E, 0x00, 0x00, 0x01, 0x07, 0x00, 0xA2, 0x01, 0x00, 0x00, 0x10, 0x00, 0x0B, 0xB6, 0x03,
    0x17, 0x08, 0x01, 0x01, 0xB5, 0x56, 0x00, 0x2B, 0x34, 0x00, 0xFF, 0xFF, 0x00, 0x49, 0x00, 0x00,
    0x04, 0x9F, 0x07, 0x37, 0x02, 0x26, 0x00, 0x3E, 0x00, 0x00, 0x01, 0x07, 0x00, 0x9F, 0x00, 0x97,
    0x01, 0x36, 0x00, 0x0B, 0xB6, 0x03, 0x14, 0x08, 0x01, 0x01, 0x6A, 0x56, 0x00, 0x2B, 0x34, 0x00,
    0xFF, 0xFF, 0x00, 0x4A, 0x00, 0x00, 0x03, 0xCD, 0x06, 0x00, 0x02, 0x26, 0x00, 0x5E, 0x00, 0x00,
    0x01, 0x06, 0x00, 0x9F, 0x2C, 0x00, 0x00, 0x0B, 0xB6, 0x03, 0x14, 0x08, 0x01, 0x01, 0xA9, 0x56,
    0x00, 0x2B, 0x34, 0x00, 0xFF, 0xFF, 0x00, 0x06, 0x00, 0x00, 0x07, 0x45, 0x07, 0x42, 0x02, 0x26,
    0x00, 0x81, 0x00, 0x00, 0x01, 0x07, 0x00, 0x75, 0x02, 0xBA, 0x01, 0x42, 0x00, 0x0B, 0xB6, 0x06,
    0x19, 0x03, 0x01, 0x01, 0x6C, 0x56, 0x00, 0x2B, 0x34, 0x00, 0xFF, 0xFF, 0x00, 0x43, 0xFF, 0xEC,
    0x06, 0x8E, 0x06, 0x01, 0x02, 0x26, 0x00, 0x86, 0x00, 0x00, 0x01, 0x07, 0x00, 0x75, 0x02, 0x71,
    0x00, 0x01, 0x00, 0x0B, 0xB6, 0x03, 0x5F, 0x0F, 0x01, 0x01, 0x8D, 0x56, 0x00, 0x2B, 0x34, 0x00,
    0xFF, 0xFF, 0x00, 0x5D, 0xFF, 0xA2, 0x05, 0x36, 0x07, 0x80, 0x02, 0x26, 0x00, 0x83, 0x00, 0x00,
    0x01, 0x07, 0x00, 0x75, 0x01, 0xDE, 0x01, 0x80, 0x00, 0x0B, 0xB6, 0x03, 0x34, 0x16, 0x01, 0x01,
    0x96, 0x56, 0x00, 0x2B, 0x34, 0x00, 0xFF, 0xFF, 0x00, 0x42, 0xFF, 0x72, 0x04, 0x42, 0x05, 0xFC,
    0x02, 0x26, 0x00, 0x89, 0x00, 0x00, 0x01, 0x07, 0x00, 0x75, 0x01, 0x2C, 0xFF, 0xFC, 0x00, 0x0B,
    0xB6, 0x03, 0x30, 0x0A, 0x01, 0x01, 0x8B, 0x56, 0x00, 0x2B, 0x34, 0x00, 0xFF, 0xFF, 0x00, 0x07,
    0x00, 0x00, 0x05, 0x5B, 0x06, 0x40, 0x02, 0x26, 0x00, 0x25, 0x00, 0x00, 0x01, 0x07, 0x00, 0xAE,
    0xFF, 0x64, 0xFF, 0xFF, 0x00, 0x0E, 0xB4, 0x03, 0x0E, 0x03, 0x00, 0x00, 0xB8, 0xFF, 0x3E, 0xB0,
    0x56, 0x00, 0x2B, 0x34, 0xFF, 0xFF, 0xFF, 0x03, 0x00, 0x00, 0x04, 0xB7, 0x06, 0x42, 0x00, 0x26,
    0x00, 0x29, 0x64, 0x00, 0x01, 0x07, 0x00, 0xAE, 0xFE, 0x25, 0x00, 0x01, 0x00, 0x0E, 0xB4, 0x04,
    0x10, 0x07, 0x00, 0x00, 0xB8, 0xFF, 0x3F, 0xB0, 0x56, 0x00, 0x2B, 0x34, 0xFF, 0xFF, 0xFF, 0x07,
    0x00, 0x00, 0x05, 0x87, 0x06, 0x3F, 0x00, 0x26, 0x00, 0x2C, 0x64, 0x00, 0x00, 0x07, 0x00, 0xAE,
    0xFE, 0x29, 0xFF, 0xFE, 0xFF, 0xFF, 0xFF, 0x08, 0x00, 0x00, 0x02, 0x25, 0x06, 0x43, 0x00, 0x26,
    0x00, 0x2D, 0x64, 0x00, 0x01, 0x07, 0x00, 0xAE, 0xFE, 0x2A, 0x00, 0x02, 0x00, 0x0E, 0xB4, 0x01,
    0x04, 0x03, 0x00, 0x00, 0xB8, 0xFF, 0x41, 0xB0, 0x56, 0x00, 0x2B, 0x34, 0xFF, 0xFF, 0xFF, 0x79,
    0xFF, 0xEC, 0x05, 0x42, 0x06, 0x40, 0x00, 0x26, 0x00, 0x33, 0x14, 0x00, 0x01, 0x07, 0x00, 0xAE,
    0xFE, 0x9B, 0xFF, 0xFF, 0x00, 0x0E, 0xB4, 0x02, 0x2C, 0x11, 0x00, 0x00, 0xB8, 0xFF, 0x2A, 0xB0,
    0x56, 0x00, 0x2B, 0x34, 0xFF, 0xFF, 0xFF, 0x14, 0x00, 0x00, 0x05, 0x55, 0x06, 0x40, 0x00, 0x26,
    0x00, 0x3D, 0x64, 0x00, 0x01, 0x07, 0x00, 0xAE, 0xFE, 0x36, 0xFF, 0xFF, 0x00, 0x0B, 0xB6, 0x01,
    0x0A, 0x08, 0x00, 0x00, 0x8E, 0x56, 0x00, 0x2B, 0x34, 0x00, 0xFF, 0xFF, 0xFF, 0x91, 0x00, 0x00,
    0x04, 0xFC, 0x06, 0x40, 0x00, 0x26, 0x00, 0xBA, 0x14, 0x00, 0x01, 0x07, 0x00, 0xAE, 0xFE, 0xB3,
    0xFF, 0xFF, 0x00, 0x0E, 0xB4, 0x03, 0x36, 0x1D, 0x00, 0x00, 0xB8, 0xFF, 0x2A, 0xB0, 0x56, 0x00,
    0x2B, 0x34, 0xFF, 0xFF, 0xFF, 0x72, 0xFF, 0xF4, 0x02, 0xEA, 0x06, 0xBC, 0x02, 0x26, 0x00, 0xC3,
    0x00, 0x00, 0x01, 0x07, 0x00, 0xAF, 0xFF, 0x08, 0xFF, 0xEA, 0x00, 0x10, 0x40, 0x09, 0x03, 0x02,
    0x01, 0x2B, 0x00, 0x01, 0x01, 0xA2, 0x56, 0x00, 0x2B, 0x34, 0x34, 0x34, 0xFF, 0xFF, 0x00, 0x07,
    0x00, 0x00, 0x05, 0x5B, 0x05, 0xB0, 0x02, 0x06, 0x00, 0x25, 0x00, 0x00, 0xFF, 0xFF, 0x00, 0x82,
    0x00, 0x00, 0x04, 0xBD, 0x05, 0xB0, 0x02, 0x06, 0x00, 0x26, 0x00, 0x00, 0xFF, 0xFF, 0x00, 0x82,
    0x00, 0x00, 0x04, 0x53, 0x05, 0xB0, 0x02, 0x06, 0x00, 0x29, 0x00, 0x00, 0xFF, 0xFF, 0x00, 0x49,
    0x00, 0x00, 0x04, 0x9F, 0x05, 0xB0, 0x02, 0x06, 0x00, 0x3E, 0x00, 0x00, 0xFF, 0xFF, 0x00, 0x82,
    0x00, 0x00, 0x05, 0x23, 0x05, 0xB0, 0x02, 0x06, 0x00, 0x2C, 0x00, 0x00, 0xFF, 0xFF, 0x00, 0x96,
    0x00, 0x00, 0x01, 0xC1, 0x05, 0xB0, 0x02, 0x06, 0x00, 0x2D, 0x00, 0x00, 0xFF, 0xFF, 0x00, 0x82,
    0x00, 0x00, 0x05, 0x24, 0x05, 0xB0, 0x02, 0x06, 0x00, 0x2F, 0x00, 0x00, 0xFF, 0xFF, 0x00, 0x82,
    0x00, 0x00, 0x06, 0x7D, 0x05, 0xB0, 0x02, 0x06, 0x00, 0x31, 0x00, 0x00, 0xFF, 0xFF, 0x00, 0x82,
    0x00, 0x00, 0x05, 0x23, 0x05, 0xB0, 0x02, 0x06, 0x00, 0x32, 0x00, 0x00, 0xFF, 0xFF, 0x00, 0x56,
    0xFF, 0xEC, 0x05, 0x2E, 0x05, 0xC4, 0x02, 0x06, 0x00, 0x33, 0x00, 0x00, 0xFF, 0xFF, 0x00, 0x82,
    0x00, 0x00, 0x04, 0xDB, 0x05, 0xB0, 0x02, 0x06, 0x00, 0x34, 0x00, 0x00, 0xFF, 0xFF, 0x00, 0x29,
    0x00, 0x00, 0x04, 0xCD, 0x05, 0xB0, 0x02, 0x06, 0x00, 0x38, 0x00, 0x00, 0xFF, 0xFF, 0x00, 0x02,
    0x00, 0x00, 0x04, 0xF1, 0x05, 0xB0, 0x02, 0x06, 0x00, 0x3D, 0x00, 0x00, 0xFF, 0xFF, 0x00, 0x15,
    0x00, 0x00, 0x04, 0xFF, 0x05, 0xB0, 0x02, 0x06, 0x00, 0x3C, 0x00, 0x00, 0xFF, 0xFF, 0xFF, 0xAB,
    0x00, 0x00, 0x02, 0xA9, 0x07, 0x0D, 0x02, 0x26, 0x00, 0x2D, 0x00, 0x00, 0x01, 0x07, 0x00, 0x6A,
    0xFF, 0x4A, 0x01, 0x3A, 0x00, 0x0D, 0xB7, 0x02, 0x01, 0x19, 0x03, 0x01, 0x01, 0x83, 0x56, 0x00,
    0x2B, 0x34, 0x34, 0x00, 0xFF, 0xFF, 0x00, 0x02, 0x00, 0x00, 0x04, 0xF1, 0x07, 0x0A, 0x02, 0x26,
    0x00, 0x3D, 0x00, 0x00, 0x01, 0x07, 0x00, 0x6A, 0x00, 0x9B, 0x01, 0x36, 0x00, 0x0D, 0xB7, 0x02,
    0x01, 0x1E, 0x02, 0x01, 0x01, 0x77, 0x56, 0x00, 0x2B, 0x34, 0x34, 0x00, 0xFF, 0xFF, 0x00, 0x4A,
    0xFF, 0xEB, 0x04, 0x7D, 0x06, 0x3F, 0x02, 0x26, 0x00, 0xBB, 0x00, 0x00, 0x01, 0x07, 0x00, 0xAE,
    0x01, 0x24, 0xFF, 0xFE, 0x00, 0x0B, 0xB6, 0x03, 0x42, 0x06, 0x01, 0x01, 0x9A, 0x56, 0x00, 0x2B,
    0x34, 0x00, 0xFF, 0xFF, 0x00, 0x60, 0xFF, 0xEC, 0x04, 0x32, 0x06, 0x3E, 0x02, 0x26, 0x00, 0xBF,
    0x00, 0x00, 0x01, 0x07, 0x00, 0xAE, 0x01, 0x03, 0xFF, 0xFD, 0x00, 0x0B, 0xB6, 0x02, 0x40, 0x2B,
    0x01, 0x01, 0x9A, 0x56, 0x00, 0x2B, 0x34, 0x00, 0xFF, 0xFF, 0x00, 0x6C, 0xFE, 0x60, 0x04, 0x17,
    0x06, 0x3F, 0x02, 0x26, 0x00, 0xC1, 0x00, 0x00, 0x01, 0x07, 0x00, 0xAE, 0x00, 0xFA, 0xFF, 0xFE,
    0x00, 0x0B, 0xB6, 0x02, 0x1D, 0x03, 0x01, 0x01, 0xAE, 0x56, 0x00, 0x2B, 0x34, 0x00, 0xFF, 0xFF,
    0x00, 0x87, 0xFF, 0xF4, 0x02, 0x6E, 0x06, 0x29, 0x02, 0x26, 0x00, 0xC3, 0x00, 0x00, 0x01, 0x06,
    0x00, 0xAE, 0xDF, 0xE8, 0x00, 0x0B, 0xB6, 0x01, 0x12, 0x00, 0x01, 0x01, 0x99, 0x56, 0x00, 0x2B,
    0x34, 0x00, 0xFF, 0xFF, 0x00, 0x72, 0xFF, 0xEB, 0x04, 0x0F, 0x06, 0xCB, 0x02, 0x26, 0x00, 0xCB,
    0x00, 0x00, 0x01, 0x06, 0x00, 0xAF, 0x16, 0xF9, 0x00, 0x10, 0x40, 0x09, 0x03, 0x02, 0x01, 0x38,
    0x0F, 0x01, 0x01, 0xA2, 0x56, 0x00, 0x2B, 0x34, 0x34, 0x34, 0xFF, 0xFF, 0x00, 0x82, 0x00, 0x00,
    0x04, 0x93, 0x04, 0x3A, 0x02, 0x06, 0x00, 0x8E, 0x00, 0x00, 0xFF, 0xFF, 0x00, 0x42, 0xFF, 0xEC,
    0x04, 0x43, 0x04, 0x4E, 0x02, 0x06, 0x00, 0x53, 0x00, 0x00, 0xFF, 0xFF, 0x00, 0x8C, 0xFE, 0x60,
    0x04, 0x51, 0x04, 0x3A, 0x02, 0x06, 0x00, 0x76, 0x00, 0x00, 0xFF, 0xFF, 0x00, 0x0D, 0x00, 0x00,
    0x03, 0xFD, 0x04, 0x3A, 0x02, 0x06, 0x00, 0x5A, 0x00, 0x00, 0xFF, 0xFF, 0x00, 0x14, 0xFE, 0x4E,
    0x04, 0x45, 0x04, 0x4A, 0x02, 0x06, 0x02, 0x05, 0x00, 0x00, 0xFF, 0xFF, 0xFF, 0xA6, 0xFF, 0xF4,
    0x02, 0xA4, 0x05, 0xBE, 0x02, 0x26, 0x00, 0xC3, 0x00, 0x00, 0x01, 0x07, 0x00, 0x6A, 0xFF, 0x45,
    0xFF, 0xEA, 0x00, 0x0D, 0xB7, 0x02, 0x01, 0x27, 0x00, 0x01, 0x01, 0xA2, 0x56, 0x00, 0x2B, 0x34,
    0x34, 0x00, 0xFF, 0xFF, 0x00, 0x72, 0xFF, 0xEB, 0x04, 0x0F, 0x05, 0xCD, 0x02, 0x26, 0x00, 0xCB,
    0x00, 0x00, 0x01, 0x06, 0x00, 0x6A, 0x54, 0xF9, 0x00, 0x0D, 0xB7, 0x02, 0x01, 0x34, 0x0F, 0x01,
    0x01, 0xA2, 0x56, 0x00, 0x2B, 0x34, 0x34, 0x00, 0xFF, 0xFF, 0x00, 0x42, 0xFF, 0xEC, 0x04, 0x43,
    0x06, 0x3F, 0x02, 0x26, 0x00, 0x53, 0x00, 0x00, 0x01, 0x07, 0x00, 0xAE, 0x00, 0xF8, 0xFF, 0xFE,
    0x00, 0x0B, 0xB6, 0x02, 0x2C, 0x06, 0x01, 0x01, 0x9A, 0x56, 0x00, 0x2B, 0x34, 0x00, 0xFF, 0xFF,
    0x00, 0x72, 0xFF, 0xEB, 0x04, 0x0F, 0x06, 0x38, 0x02, 0x26, 0x00, 0xCB, 0x00, 0x00, 0x01, 0x07,
    0x00, 0xAE, 0x00, 0xED, 0xFF, 0xF7, 0x00, 0x0B, 0xB6, 0x01, 0x1F, 0x0F, 0x01, 0x01, 0x99, 0x56,
    0x00, 0x2B, 0x34, 0x00, 0xFF, 0xFF, 0x00, 0x53, 0xFF, 0xEC, 0x06, 0x42, 0x06, 0x37, 0x02, 0x26,
    0x00, 0xCE, 0x00, 0x00, 0x01, 0x07, 0x00, 0xAE, 0x02, 0x01, 0xFF, 0xF6, 0x00, 0x0B, 0xB6, 0x02,
    0x40, 0x1F, 0x01, 0x01, 0x96, 0x56, 0x00, 0x2B, 0x34, 0x00, 0xFF, 0xFF, 0x00, 0x82, 0x00, 0x00,
    0x04, 0x53, 0x07, 0x0D, 0x02, 0x26, 0x00, 0x29, 0x00, 0x00, 0x01, 0x07, 0x00, 0x6A, 0x00, 0x9B,
    0x01, 0x3A, 0x00, 0x0D, 0xB7, 0x05, 0x04, 0x25, 0x07, 0x01, 0x01, 0x83, 0x56, 0x00, 0x2B, 0x34,
    0x34, 0x00, 0xFF, 0xFF, 0x00, 0x83, 0x00, 0x00, 0x04, 0x3E, 0x07, 0x3A, 0x02, 0x26, 0x00, 0xB1,
    0x00, 0x00, 0x01, 0x07, 0x00, 0x75, 0x01, 0x79, 0x01, 0x3A, 0x00, 0x0B, 0xB6, 0x01, 0x06, 0x05,
    0x01, 0x01, 0x6C, 0x56, 0x00, 0x2B, 0x34, 0x00, 0x00, 0x01, 0x00, 0x45, 0xFF, 0xEC, 0x04, 0xA4,
    0x05, 0xC4, 0x00, 0x39, 0x00, 0x1B, 0x40, 0x0D, 0x0A, 0x26, 0x0F, 0x36, 0x31, 0x2B, 0x09, 0x72,
    0x18, 0x14, 0x0F, 0x03, 0x72, 0x00, 0x2B, 0xCC, 0x33, 0x2B, 0xCC, 0x33, 0x12, 0x39, 0x39, 0x30,
    0x31, 0x01, 0x34, 0x2E, 0x02, 0x27, 0x2E, 0x03, 0x35, 0x34, 0x3E, 0x02, 0x33, 0x32, 0x16, 0x16,
    0x15, 0x21, 0x34, 0x26, 0x26, 0x23, 0x22, 0x06, 0x06, 0x15, 0x14, 0x1E, 0x02, 0x17, 0x1E, 0x03,
    0x15, 0x14, 0x0E, 0x02, 0x23, 0x22, 0x2E, 0x02, 0x35, 0x21, 0x14, 0x1E, 0x02, 0x33, 0x32, 0x36,
    0x36, 0x03, 0x78, 0x17, 0x3E, 0x70, 0x59, 0x63, 0xB1, 0x87, 0x4D, 0x50, 0x90, 0xC5, 0x76, 0xA1,
    0xF0, 0x85, 0xFE, 0xD6, 0x35, 0x6B, 0x51, 0x4E, 0x68, 0x34, 0x25, 0x4A, 0x6C, 0x47, 0x77, 0xB5,
    0x7A, 0x3E, 0x4A, 0x8C, 0xC2, 0x78, 0x6C, 0xD2, 0xAB, 0x66, 0x01, 0x2D, 0x2A, 0x4D, 0x6B, 0x40,
    0x4E, 0x65, 0x31, 0x01, 0x7D, 0x27, 0x3F, 0x35, 0x34, 0x1C, 0x20, 0x50, 0x6B, 0x8E, 0x5E, 0x5B,
    0x95, 0x6B, 0x3A, 0x74, 0xCA, 0x82, 0x40, 0x61, 0x38, 0x2F, 0x4F, 0x31, 0x25, 0x3C, 0x34, 0x2E,
    0x16, 0x24, 0x5A, 0x70, 0x8E, 0x5A, 0x5F, 0x96, 0x68, 0x36, 0x39, 0x74, 0xB4, 0x7B, 0x44, 0x5E,
    0x3A, 0x1A, 0x2C, 0x4E, 0xFF, 0xFF, 0x00, 0x96, 0x00, 0x00, 0x01, 0xC1, 0x05, 0xB0, 0x02, 0x06,
    0x00, 0x2D, 0x00, 0x00, 0xFF, 0xFF, 0xFF, 0xAB, 0x00, 0x00, 0x02, 0xA9, 0x07, 0x0D, 0x02, 0x26,
    0x00, 0x2D, 0x00, 0x00, 0x01, 0x07, 0x00, 0x6A, 0xFF, 0x4A, 0x01, 0x3A, 0x00, 0x0D, 0xB7, 0x02,
    0x01, 0x19, 0x03, 0x01, 0x01, 0x83, 0x56, 0x00, 0x2B, 0x34, 0x34, 0x00, 0xFF, 0xFF, 0x00, 0x2A,
    0xFF, 0xEC, 0x03, 0xFA, 0x05, 0xB0, 0x02, 0x06, 0x00, 0x2E, 0x00, 0x00, 0xFF, 0xFF, 0x00, 0x83,
    0x00, 0x00, 0x05, 0x38, 0x05, 0xB0, 0x02, 0x06, 0x01, 0xE9, 0x00, 0x00, 0xFF, 0xFF, 0x00, 0x82,
    0x00, 0x00, 0x05, 0x24, 0x07, 0x34, 0x02, 0x26, 0x00, 0x2F, 0x00, 0x00, 0x01, 0x07, 0x00, 0x75,
    0x01, 0x67, 0x01, 0x34, 0x00, 0x0B, 0xB6, 0x03, 0x0E, 0x03, 0x01, 0x01, 0x5B, 0x56, 0x00, 0x2B,
    0x34, 0x00, 0xFF, 0xFF, 0x00, 0x1C, 0xFF, 0xEB, 0x04, 0xF4, 0x07, 0x2E, 0x02, 0x26, 0x00, 0xDE,
    0x00, 0x00, 0x01, 0x07, 0x00, 0xA1, 0x00, 0xD9, 0x01, 0x3A, 0x00, 0x0B, 0xB6, 0x02, 0x1E, 0x01,
    0x01, 0x01, 0x5E, 0x56, 0x00, 0x2B, 0x34, 0x00, 0xFF, 0xFF, 0x00, 0x07, 0x00, 0x00, 0x05, 0x5B,
    0x05, 0xB0, 0x02, 0x06, 0x00, 0x25, 0x00, 0x00, 0xFF, 0xFF, 0x00, 0x82, 0x00, 0x00, 0x04, 0xBD,
    0x05, 0xB0, 0x02, 0x06, 0x00, 0x26, 0x00, 0x00, 0xFF, 0xFF, 0x00, 0x83, 0x00, 0x00, 0x04, 0x3E,
    0x05, 0xB0, 0x02, 0x06, 0x00, 0xB1, 0x00, 0x00, 0xFF, 0xFF, 0x00, 0x82, 0x00, 0x00, 0x04, 0x53,
    0x05, 0xB0, 0x02, 0x06, 0x00, 0x29, 0x00, 0x00, 0xFF, 0xFF, 0x00, 0x77, 0x00, 0x00, 0x05, 0x18,
    0x07, 0x2E, 0x02, 0x26, 0x00, 0xDC, 0x00, 0x00, 0x01, 0x07, 0x00, 0xA1, 0x01, 0x05, 0x01, 0x3A,
    0x00, 0x0B, 0xB6, 0x01, 0x0F, 0x01, 0x01, 0x01, 0x5E, 0x56, 0x00, 0x2B, 0x34, 0x00, 0xFF, 0xFF,
    0x00, 0x82, 0x00, 0x00, 0x06, 0x7D, 0x05, 0xB0, 0x02, 0x06, 0x00, 0x31, 0x00, 0x00, 0xFF, 0xFF,
    0x00, 0x82, 0x00, 0x00, 0x05, 0x23, 0x05, 0xB0, 0x02, 0x06, 0x00, 0x2C, 0x00, 0x00, 0xFF, 0xFF,
    0x00, 0x56, 0xFF, 0xEC, 0x05, 0x2E, 0x05, 0xC4, 0x02, 0x06, 0x00, 0x33, 0x00, 0x00, 0xFF, 0xFF,
    0x00, 0x83, 0x00, 0x00, 0x05, 0x24, 0x05, 0xB0, 0x02, 0x06, 0x00, 0xB6, 0x00, 0x00, 0xFF, 0xFF,
    0x00, 0x82, 0x00, 0x00, 0x04, 0xDB, 0x05, 0xB0, 0x02, 0x06, 0x00, 0x34, 0x00, 0x00, 0xFF, 0xFF,
    0x00, 0x56, 0xFF, 0xEC, 0x04, 0xFB, 0x05, 0xC5, 0x02, 0x06, 0x00, 0x27, 0x00, 0x00, 0xFF, 0xFF,
    0x00, 0x29, 0x00, 0x00, 0x04, 0xCD, 0x05, 0xB0, 0x02, 0x06, 0x00, 0x38, 0x00, 0x00, 0xFF, 0xFF,
    0x00, 0x15, 0x00, 0x00, 0x04, 0xFF, 0x05, 0xB0, 0x02, 0x06, 0x00, 0x3C, 0x00, 0x00, 0xFF, 0xFF,
    0x00, 0x42, 0xFF, 0xEC, 0x04, 0x05, 0x04, 0x4E, 0x02, 0x06, 0x00, 0x45, 0x00, 0x00, 0xFF, 0xFF,
    0x00, 0x47, 0xFF, 0xEC, 0x04, 0x1E, 0x04, 0x4E, 0x02, 0x06, 0x00, 0x49, 0x00, 0x00, 0xFF, 0xFF,
    0x00, 0x6F, 0x00, 0x00, 0x04, 0x1A, 0x05, 0xED, 0x02, 0x26, 0x00, 0xF0, 0x00, 0x00, 0x01, 0x07,
    0x00, 0xA1, 0x00, 0x85, 0xFF, 0xF9, 0x00, 0x0B, 0xB6, 0x01, 0x0F, 0x01, 0x01, 0x01, 0x7D, 0x56,
    0x00, 0x2B, 0x34, 0x00, 0xFF, 0xFF, 0x00, 0x42, 0xFF, 0xEC, 0x04, 0x43, 0x04, 0x4E, 0x02, 0x06,
    0x00, 0x53, 0x00, 0x00, 0xFF, 0xFF, 0x00, 0x70, 0xFE, 0x60, 0x04, 0x3D, 0x04, 0x4E, 0x02, 0x06,
    0x00, 0x54, 0x00, 0x00, 0x00, 0x01, 0x00, 0x42, 0xFF, 0xEC, 0x03, 0xF5, 0x04, 0x4E, 0x00, 0x27,
    0x00, 0x13, 0x40, 0x09, 0x00, 0x09, 0x1D, 0x14, 0x07, 0x72, 0x09, 0x0B, 0x72, 0x00, 0x2B, 0x2B,
    0x32, 0x11, 0x33, 0x30, 0x31, 0x25, 0x32, 0x36, 0x36, 0x37, 0x21, 0x0E, 0x02, 0x23, 0x22, 0x2E,
    0x02, 0x35, 0x35, 0x34, 0x3E, 0x02, 0x33, 0x32, 0x16, 0x16, 0x17, 0x21, 0x2E, 0x02, 0x23, 0x22,
    0x0E, 0x02, 0x15, 0x15, 0x14, 0x1E, 0x02, 0x02, 0x2F, 0x35, 0x52, 0x2F, 0x01, 0x01, 0x0F, 0x01,
    0x78, 0xCA, 0x7D, 0x7E, 0xBB, 0x7C, 0x3E, 0x3E, 0x7C, 0xBA, 0x7D, 0x85, 0xC9, 0x73, 0x01, 0xFE,
    0xF1, 0x01, 0x2B, 0x51, 0x3B, 0x3F, 0x50, 0x2C, 0x11, 0x10, 0x2D, 0x50, 0xCD, 0x29, 0x4B, 0x33,
    0x72, 0xB1, 0x65, 0x54, 0x95, 0xC7, 0x72, 0x1D, 0x73, 0xC7, 0x95, 0x54, 0x66, 0xBD, 0x81, 0x36,
    0x58, 0x35, 0x35, 0x5B, 0x73, 0x3F, 0x1D, 0x3F, 0x74, 0x5A, 0x34, 0x00, 0xFF, 0xFF, 0x00, 0x04,
    0xFE, 0x4B, 0x04, 0x05, 0x04, 0x3A, 0x02, 0x06, 0x00, 0x5D, 0x00, 0x00, 0xFF, 0xFF, 0x00, 0x16,
    0x00, 0x00, 0x04, 0x04, 0x04, 0x3A, 0x02, 0x06, 0x00, 0x5C, 0x00, 0x00, 0xFF, 0xFF, 0x00, 0x47,
    0xFF, 0xEC, 0x04, 0x1E, 0x05, 0xD4, 0x02, 0x26, 0x00, 0x49, 0x00, 0x00, 0x01, 0x07, 0x00, 0x6A,
    0x00, 0x3F, 0x00, 0x01, 0x00, 0x0D, 0xB7, 0x02, 0x01, 0x41, 0x0B, 0x01, 0x01, 0xA3, 0x56, 0x00,
    0x2B, 0x34, 0x34, 0x00, 0xFF, 0xFF, 0x00, 0x6E, 0x00, 0x00, 0x03, 0x50, 0x05, 0xF9, 0x02, 0x26,
    0x00, 0xEC, 0x00, 0x00, 0x01, 0x07, 0x00, 0x75, 0x00, 0xBC, 0xFF, 0xF9, 0x00, 0x0B, 0xB6, 0x01,
    0x06, 0x05, 0x01, 0x01, 0x8B, 0x56, 0x00, 0x2B, 0x34, 0x00, 0xFF, 0xFF, 0x00, 0x37, 0xFF, 0xEC,
    0x03, 0xD1, 0x04, 0x4E, 0x02, 0x06, 0x00, 0x57, 0x00, 0x00, 0xFF, 0xFF, 0x00, 0x6D, 0x00, 0x00,
    0x01, 0xB1, 0x05, 0xE5, 0x02, 0x06, 0x00, 0x4D, 0x00, 0x00, 0xFF, 0xFF, 0xFF, 0x98, 0x00, 0x00,
    0x02, 0x96, 0x05, 0xC5, 0x02, 0x26, 0x00, 0x8D, 0x00, 0x00, 0x01, 0x07, 0x00, 0x6A, 0xFF, 0x37,
    0xFF, 0xF1, 0x00, 0x0D, 0xB7, 0x02, 0x01, 0x19, 0x03, 0x01, 0x01, 0xB5, 0x56, 0x00, 0x2B, 0x34,
    0x34, 0x00, 0xFF, 0xFF, 0xFF, 0x9B, 0xFE, 0x4B, 0x01, 0xAD, 0x05, 0xE5, 0x02, 0x06, 0x00, 0x4E,
    0x00, 0x00, 0xFF, 0xFF, 0x00, 0x83, 0x00, 0x00, 0x04, 0x84, 0x05, 0xF9, 0x02, 0x26, 0x00, 0xF1,
    0x00, 0x00, 0x01, 0x07, 0x00, 0x75, 0x01, 0x58, 0xFF, 0xF9, 0x00, 0x0B, 0xB6, 0x03, 0x0E, 0x03,
    0x01, 0x01, 0x8A, 0x56, 0x00, 0x2B, 0x34, 0x00, 0xFF, 0xFF, 0x00, 0x04, 0xFE, 0x4B, 0x04, 0x05,
    0x05, 0xF4, 0x02, 0x26, 0x00, 0x5D, 0x00, 0x00, 0x01, 0x06, 0x00, 0xA1, 0x45, 0x00, 0x00, 0x0B,
    0xB6, 0x02, 0x1E, 0x01, 0x01, 0x01, 0x92, 0x56, 0x00, 0x2B, 0x34, 0x00, 0xFF, 0xFF, 0x00, 0x23,
    0x00, 0x00, 0x06, 0xDF, 0x07, 0x36, 0x02, 0x26, 0x00, 0x3B, 0x00, 0x00, 0x01, 0x07, 0x00, 0x44,
    0x01, 0xDF, 0x01, 0x36, 0x00, 0x0B, 0xB6, 0x04, 0x18, 0x15, 0x01, 0x01, 0x61, 0x56, 0x00, 0x2B,
    0x34, 0x00, 0xFF, 0xFF, 0x00, 0x1D, 0x00, 0x00, 0x05, 0xBF, 0x06, 0x00, 0x02, 0x26, 0x00, 0x5B,
    0x00, 0x00, 0x01, 0x07, 0x00, 0x44, 0x01, 0x46, 0x00, 0x00, 0x00, 0x0B, 0xB6, 0x04, 0x18, 0x15,
    0x01, 0x01, 0xA0, 0x56, 0x00, 0x2B, 0x34, 0x00, 0xFF, 0xFF, 0x00, 0x23, 0x00, 0x00, 0x06, 0xDF,
    0x07, 0x36, 0x02, 0x26, 0x00, 0x3B, 0x00, 0x00, 0x01, 0x07, 0x00, 0x75, 0x02, 0x99, 0x01, 0x36,
    0x00, 0x0B, 0xB6, 0x04, 0x16, 0x01, 0x01, 0x01, 0x61, 0x56, 0x00, 0x2B, 0x34, 0x00, 0xFF, 0xFF,
    0x00, 0x1D, 0x00, 0x00, 0x05, 0xBF, 0x06, 0x00, 0x02, 0x26, 0x00, 0x5B, 0x00, 0x00, 0x01, 0x07,
    0x00, 0x75, 0x02, 0x00, 0x00, 0x00, 0x00, 0x0B, 0xB6, 0x04, 0x16, 0x01, 0x01, 0x01, 0xA0, 0x56,
    0x00, 0x2B, 0x34, 0x00, 0xFF, 0xFF, 0x00, 0x23, 0x00, 0x00, 0x06, 0xDF, 0x07, 0x0A, 0x02, 0x26,
    0x00, 0x3B, 0x00, 0x00, 0x01, 0x07, 0x00, 0x6A, 0x01, 0xA6, 0x01, 0x36, 0x00, 0x0D, 0xB7, 0x05,
    0x04, 0x2B, 0x15, 0x01, 0x01, 0x78, 0x56, 0x00, 0x2B, 0x34, 0x34, 0x00, 0xFF, 0xFF, 0x00, 0x1D,
    0x00, 0x00, 0x05, 0xBF, 0x05, 0xD4, 0x02, 0x26, 0x00, 0x5B, 0x00, 0x00, 0x01, 0x07, 0x00, 0x6A,
    0x01, 0x0D, 0x00, 0x00, 0x00, 0x0D, 0xB7, 0x05, 0x04, 0x2B, 0x15, 0x01, 0x01, 0xB7, 0x56, 0x00,
    0x2B, 0x34, 0x34, 0x00, 0xFF, 0xFF, 0x00, 0x02, 0x00, 0x00, 0x04, 0xF1, 0x07, 0x36, 0x02, 0x26,
    0x00, 0x3D, 0x00, 0x00, 0x01, 0x07, 0x00, 0x44, 0x00, 0xD4, 0x01, 0x36, 0x00, 0x0B, 0xB6, 0x01,
    0x0B, 0x02, 0x01, 0x01, 0x60, 0x56, 0x00, 0x2B, 0x34, 0x00, 0xFF, 0xFF, 0x00, 0x04, 0xFE, 0x4B,
    0x04, 0x05, 0x06, 0x00, 0x02, 0x26, 0x00, 0x5D, 0x00, 0x00, 0x01, 0x07, 0x00, 0x44, 0x00, 0x62,
    0x00, 0x00, 0x00, 0x0B, 0xB6, 0x02, 0x1B, 0x01, 0x01, 0x01, 0xA0, 0x56, 0x00, 0x2B, 0x34, 0x00,
    0xFF, 0xFF, 0x00, 0x3F, 0x03, 0xE0, 0x01, 0x12, 0x06, 0x00, 0x02, 0x06, 0x00, 0x0B, 0x00, 0x00,
    0xFF, 0xFF, 0x00, 0x3E, 0x03, 0xE1, 0x02, 0x4C, 0x06, 0x01, 0x02, 0x06, 0x00, 0x06, 0x00, 0x00,
    0xFF, 0xFF, 0x00, 0x7A, 0xFF, 0xF0, 0x03, 0xE7, 0x05, 0xB0, 0x00, 0x26, 0x00, 0x05, 0x00, 0x00,
    0x00, 0x07, 0x00, 0x05, 0x02, 0x2A, 0x00, 0x00, 0xFF, 0xFF, 0xFF, 0x85, 0xFE, 0x4B, 0x02, 0x9A,
    0x05, 0xE5, 0x02, 0x26, 0x00, 0x9C, 0x00, 0x00, 0x01, 0x07, 0x00, 0x9F, 0xFF, 0x32, 0xFF, 0xE5,
    0x00, 0x0B, 0xB6, 0x01, 0x18, 0x00, 0x01, 0x01, 0x80, 0x56, 0x00, 0x2B, 0x34, 0x00, 0xFF, 0xFF,
    0x00, 0x3C, 0x03, 0xF7, 0x01, 0x77, 0x06, 0x00, 0x02, 0x06, 0x01, 0x86, 0x00, 0x00, 0xFF, 0xFF,
    0x00, 0x82, 0x00, 0x00, 0x06, 0x7D, 0x07, 0x36, 0x02, 0x26, 0x00, 0x31, 0x00, 0x00, 0x01, 0x07,
    0x00, 0x75, 0x02, 0x8E, 0x01, 0x36, 0x00, 0x0B, 0xB6, 0x03, 0x11, 0x00, 0x01, 0x01, 0x61, 0x56,
    0x00, 0x2B, 0x34, 0x00, 0xFF, 0xFF, 0x00, 0x6F, 0x00, 0x00, 0x06, 0x7F, 0x06, 0x00, 0x02, 0x26,
    0x00, 0x51, 0x00, 0x00, 0x01, 0x07, 0x00, 0x75, 0x02, 0x9C, 0x00, 0x00, 0x00, 0x0B, 0xB6, 0x03,
    0x33, 0x03, 0x01, 0x01, 0xA0, 0x56, 0x00, 0x2B, 0x34, 0x00, 0xFF, 0xFF, 0x00, 0x07, 0xFE, 0x78,
    0x05, 0x5B, 0x05, 0xB0, 0x02, 0x26, 0x00, 0x25, 0x00, 0x00, 0x01, 0x07, 0x00, 0xA7, 0x01, 0x69,
    0x00, 0x06, 0x00, 0x10, 0xB5, 0x04, 0x03, 0x11, 0x05, 0x01, 0x01, 0xB8, 0xFF, 0xB5, 0xB0, 0x56,
    0x00, 0x2B, 0x34, 0x34, 0xFF, 0xFF, 0x00, 0x42, 0xFE, 0x81, 0x04, 0x05, 0x04, 0x4E, 0x02, 0x26,
    0x00, 0x45, 0x00, 0x00, 0x01, 0x07, 0x00, 0xA7, 0x00, 0x8C, 0x00, 0x0F, 0x00, 0x10, 0xB5, 0x03,
    0x02, 0x3E, 0x31, 0x01, 0x01, 0xB8, 0xFF, 0xC9, 0xB0, 0x56, 0x00, 0x2B, 0x34, 0x34, 0xFF, 0xFF,
    0x00, 0x82, 0x00, 0x00, 0x04, 0x53, 0x07, 0x3A, 0x02, 0x26, 0x00, 0x29, 0x00, 0x00, 0x01, 0x07,
    0x00, 0x44, 0x00, 0xD4, 0x01, 0x3A, 0x00, 0x0B, 0xB6, 0x04, 0x12, 0x07, 0x01, 0x01, 0x6C, 0x56,
    0x00, 0x2B, 0x34, 0x00, 0xFF, 0xFF, 0x00, 0x77, 0x00, 0x00, 0x05, 0x18, 0x07, 0x3A, 0x02, 0x26,
    0x00, 0xDC, 0x00, 0x00, 0x01, 0x07, 0x00, 0x44, 0x01, 0x22, 0x01, 0x3A, 0x00, 0x0B, 0xB6, 0x01,
    0x0C, 0x01, 0x01, 0x01, 0x6C, 0x56, 0x00, 0x2B, 0x34, 0x00, 0xFF, 0xFF, 0x00, 0x47, 0xFF, 0xEC,
    0x04, 0x1E, 0x06, 0x01, 0x02, 0x26, 0x00, 0x49, 0x00, 0x00, 0x01, 0x07, 0x00, 0x44, 0x00, 0x78,
    0x00, 0x01, 0x00, 0x0B, 0xB6, 0x01, 0x2E, 0x0B, 0x01, 0x01, 0x8C, 0x56, 0x00, 0x2B, 0x34, 0x00,
    0xFF, 0xFF, 0x00, 0x6F, 0x00, 0x00, 0x04, 0x1A, 0x05, 0xF9, 0x02, 0x26, 0x00, 0xF0, 0x00, 0x00,
    0x01, 0x07, 0x00, 0x44, 0x00, 0xA1, 0xFF, 0xF9, 0x00, 0x0B, 0xB6, 0x01, 0x0C, 0x01, 0x01, 0x01,
    0x8B, 0x56, 0x00, 0x2B, 0x34, 0x00, 0xFF, 0xFF, 0x00, 0x35, 0x00, 0x00, 0x05, 0x9D, 0x05, 0xB0,
    0x02, 0x06, 0x00, 0xB9, 0x00, 0x00, 0xFF, 0xFF, 0x00, 0x46, 0xFE, 0x24, 0x05, 0xB2, 0x04, 0x3A,
    0x02, 0x06, 0x00, 0xCD, 0x00, 0x00, 0xFF, 0xFF, 0x00, 0x0B, 0x00, 0x00, 0x05, 0x0A, 0x07, 0x10,
    0x02, 0x26, 0x01, 0x19, 0x00, 0x00, 0x01, 0x07, 0x00, 0xAC, 0x04, 0x5F, 0x01, 0x22, 0x00, 0x0D,
    0xB7, 0x03, 0x02, 0x15, 0x13, 0x01, 0x01, 0x2D, 0x56, 0x00, 0x2B, 0x34, 0x34, 0x00, 0xFF, 0xFF,
    0xFF, 0xEB, 0x00, 0x00, 0x04, 0x25, 0x05, 0xDF, 0x02, 0x26, 0x01, 0x1A, 0x00, 0x00, 0x01, 0x07,
    0x00, 0xAC, 0x03, 0xFD, 0xFF, 0xF1, 0x00, 0x0D, 0xB7, 0x03, 0x02, 0x19, 0x17, 0x01, 0x01, 0x7B,
    0x56, 0x00, 0x2B, 0x34, 0x34, 0x00, 0xFF, 0xFF, 0x00, 0x42, 0xFE, 0x4B, 0x08, 0x89, 0x04, 0x4E,
    0x00, 0x26, 0x00, 0x53, 0x00, 0x00, 0x00, 0x07, 0x00, 0x5D, 0x04, 0x84, 0x00, 0x00, 0xFF, 0xFF,
    0x00, 0x56, 0xFE, 0x4B, 0x09, 0x89, 0x05, 0xC4, 0x00, 0x26, 0x00, 0x33, 0x00, 0x00, 0x00, 0x07,
    0x00, 0x5D, 0x05, 0x84, 0x00, 0x00, 0xFF, 0xFF, 0x00, 0x44, 0xFE, 0x22, 0x04, 0x96, 0x05, 0xC3,
    0x02, 0x26, 0x00, 0xDB, 0x00, 0x00, 0x01, 0x07, 0x01, 0xFB, 0x01, 0x87, 0xFF, 0x87, 0x00, 0x0B,
    0xB6, 0x02, 0x42, 0x2A, 0x00, 0x00, 0x64, 0x56, 0x00, 0x2B, 0x34, 0x00, 0xFF, 0xFF, 0x00, 0x45,
    0xFE, 0x23, 0x03, 0xDD, 0x04, 0x4D, 0x02, 0x26, 0x00, 0xEF, 0x00, 0x00, 0x01, 0x07, 0x01, 0xFB,
    0x01, 0x28, 0xFF, 0x88, 0x00, 0x0B, 0xB6, 0x02, 0x3F, 0x29, 0x00, 0x00, 0x65, 0x56, 0x00, 0x2B,
    0x34, 0x00, 0xFF, 0xFF, 0x00, 0x56, 0xFE, 0x29, 0x04, 0xFB, 0x05, 0xC5, 0x02, 0x26, 0x00, 0x27,
    0x00, 0x00, 0x01, 0x07, 0x01, 0xFB, 0x01, 0xC0, 0xFF, 0x8E, 0x00, 0x0B, 0xB6, 0x01, 0x2B, 0x05,
    0x00, 0x00, 0x64, 0x56, 0x00, 0x2B, 0x34, 0x00, 0xFF, 0xFF, 0x00, 0x42, 0xFE, 0x29, 0x03, 0xF5,
    0x04, 0x4E, 0x02, 0x26, 0x00, 0x47, 0x00, 0x00, 0x01, 0x07, 0x01, 0xFB, 0x01, 0x3F, 0xFF, 0x8E,
    0x00, 0x0B, 0xB6, 0x01, 0x2B, 0x09, 0x00, 0x00, 0x64, 0x56, 0x00, 0x2B, 0x34, 0x00, 0xFF, 0xFF,
    0x00, 0x02, 0x00, 0x00, 0x04, 0xF1, 0x05, 0xB0, 0x02, 0x06, 0x00, 0x3D, 0x00, 0x00, 0xFF, 0xFF,
    0x00, 0x10, 0xFE, 0x5F, 0x04, 0x06, 0x04, 0x3A, 0x02, 0x06, 0x00, 0xBD, 0x00, 0x00, 0xFF, 0xFF,
    0x00, 0x96, 0x00, 0x00, 0x01, 0xC1, 0x05, 0xB0, 0x02, 0x06, 0x00, 0x2D, 0x00, 0x00, 0xFF, 0xFF,
    0x00, 0x10, 0x00, 0x00, 0x07, 0xFE, 0x07, 0x2E, 0x02, 0x26, 0x00, 0xDA, 0x00, 0x00, 0x01, 0x07,
    0x00, 0xA1, 0x02, 0x3E, 0x01, 0x3A, 0x00, 0x0B, 0xB6, 0x05, 0x1D, 0x0D, 0x01, 0x01, 0x5E, 0x56,
    0x00, 0x2B, 0x34, 0x00, 0xFF, 0xFF, 0x00, 0x29, 0x00, 0x00, 0x06, 0xC2, 0x05, 0xED, 0x02, 0x26,
    0x00, 0xEE, 0x00, 0x00, 0x01, 0x07, 0x00, 0xA1, 0x01, 0xB5, 0xFF, 0xF9, 0x00, 0x0B, 0xB6, 0x05,
    0x1D, 0x0D, 0x01, 0x01, 0x7D, 0x56, 0x00, 0x2B, 0x34, 0x00, 0xFF, 0xFF, 0x00, 0x96, 0x00, 0x00,
    0x01, 0xC1, 0x05, 0xB0, 0x02, 0x06, 0x00, 0x2D, 0x00, 0x00, 0xFF, 0xFF, 0x00, 0x07, 0x00, 0x00,
    0x05, 0x5B, 0x07, 0x2A, 0x02, 0x26, 0x00, 0x25, 0x00, 0x00, 0x01, 0x07, 0x00, 0xA1, 0x00, 0xEE,
    0x01, 0x36, 0x00, 0x0B, 0xB6, 0x03, 0x13, 0x07, 0x01, 0x01, 0x53, 0x56, 0x00, 0x2B, 0x34, 0x00,
    0xFF, 0xFF, 0x00, 0x42, 0xFF, 0xEC, 0x04, 0x05, 0x05, 0xF4, 0x02, 0x26, 0x00, 0x45, 0x00, 0x00,
    0x01, 0x07, 0x00, 0xA1, 0x00, 0x61, 0x00, 0x00, 0x00, 0x0B, 0xB6, 0x02, 0x40, 0x0F, 0x01, 0x01,
    0x7E, 0x56, 0x00, 0x2B, 0x34, 0x00, 0xFF, 0xFF, 0x00, 0x07, 0x00, 0x00, 0x05, 0x5B, 0x07, 0x0A,
    0x02, 0x26, 0x00, 0x25, 0x00, 0x00, 0x01, 0x07, 0x00, 0x6A, 0x00, 0xD2, 0x01, 0x36, 0x00, 0x0D,
    0xB7, 0x04, 0x03, 0x23, 0x07, 0x01, 0x01, 0x78, 0x56, 0x00, 0x2B, 0x34, 0x34, 0x00, 0xFF, 0xFF,
    0x00, 0x42, 0xFF, 0xEC, 0x04, 0x05, 0x05, 0xD4, 0x02, 0x26, 0x00, 0x45, 0x00, 0x00, 0x01, 0x07,
    0x00, 0x6A, 0x00, 0x46, 0x00, 0x00, 0x00, 0x0D, 0xB7, 0x03, 0x02, 0x50, 0x0F, 0x01, 0x01, 0xA3,
    0x56, 0x00, 0x2B, 0x34, 0x34, 0x00, 0xFF, 0xFF, 0x00, 0x06, 0x00, 0x00, 0x07, 0x45, 0x05, 0xB0,
    0x02, 0x06, 0x00, 0x81, 0x00, 0x00, 0xFF, 0xFF, 0x00, 0x43, 0xFF, 0xEC, 0x06, 0x8E, 0x04, 0x4F,
    0x02, 0x06, 0x00, 0x86, 0x00, 0x00, 0xFF, 0xFF, 0x00, 0x82, 0x00, 0x00, 0x04, 0x53, 0x07, 0x2E,
    0x02, 0x26, 0x00, 0x29, 0x00, 0x00, 0x01, 0x07, 0x00, 0xA1, 0x00, 0xB7, 0x01, 0x3A, 0x00, 0x0B,
    0xB6, 0x04, 0x15, 0x07, 0x01, 0x01, 0x5E, 0x56, 0x00, 0x2B, 0x34, 0x00, 0xFF, 0xFF, 0x00, 0x47,
    0xFF, 0xEC, 0x04, 0x1E, 0x05, 0xF5, 0x02, 0x26, 0x00, 0x49, 0x00, 0x00, 0x01, 0x07, 0x00, 0xA1,
    0x00, 0x5B, 0x00, 0x01, 0x00, 0x0B, 0xB6, 0x01, 0x31, 0x0B, 0x01, 0x01, 0x7E, 0x56, 0x00, 0x2B,
    0x34, 0x00, 0xFF, 0xFF, 0x00, 0x4D, 0xFF, 0xEA, 0x05, 0x30, 0x06, 0xDF, 0x02, 0x26, 0x01, 0x58,
    0x00, 0x00, 0x01, 0x07, 0x00, 0x6A, 0x00, 0xB3, 0x01, 0x0B, 0x00, 0x0D, 0xB7, 0x02, 0x01, 0x42,
    0x00, 0x01, 0x01, 0x41, 0x56, 0x00, 0x2B, 0x34, 0x34, 0x00, 0xFF, 0xFF, 0x00, 0x4D, 0xFF, 0xEC,
    0x04, 0x01, 0x04, 0x4F, 0x02, 0x06, 0x00, 0x9D, 0x00, 0x00, 0xFF, 0xFF, 0x00, 0x4D, 0xFF, 0xEC,
    0x04, 0x01, 0x05, 0xD5, 0x02, 0x26, 0x00, 0x9D, 0x00, 0x00, 0x01, 0x07, 0x00, 0x6A, 0x00, 0x42,
    0x00, 0x01, 0x00, 0x0D, 0xB7, 0x02, 0x01, 0x40, 0x00, 0x01, 0x01, 0xA2, 0x56, 0x00, 0x2B, 0x34,
    0x34, 0x00, 0xFF, 0xFF, 0x00, 0x10, 0x00, 0x00, 0x07, 0xFE, 0x07, 0x0D, 0x02, 0x26, 0x00, 0xDA,
    0x00, 0x00, 0x01, 0x07, 0x00, 0x6A, 0x02, 0x22, 0x01, 0x3A, 0x00, 0x0D, 0xB7, 0x06, 0x05, 0x2D,
    0x0D, 0x01, 0x01, 0x83, 0x56, 0x00, 0x2B, 0x34, 0x34, 0x00, 0xFF, 0xFF, 0x00, 0x29, 0x00, 0x00,
    0x06, 0xC2, 0x05, 0xCD, 0x02, 0x26, 0x00, 0xEE, 0x00, 0x00, 0x01, 0x07, 0x00, 0x6A, 0x01, 0x99,
    0xFF, 0xF9, 0x00, 0x0D, 0xB7, 0x06, 0x05, 0x2D, 0x0D, 0x01, 0x01, 0xA2, 0x56, 0x00, 0x2B, 0x34,
    0x34, 0x00, 0xFF, 0xFF, 0x00, 0x44, 0xFF, 0xED, 0x04, 0x96, 0x07, 0x14, 0x02, 0x26, 0x00, 0xDB,
    0x00, 0x00, 0x01, 0x07, 0x00, 0x6A, 0x00, 0x8C, 0x01, 0x41, 0x00, 0x0D, 0xB7, 0x03, 0x02, 0x54,
    0x15, 0x01, 0x01, 0x84, 0x56, 0x00, 0x2B, 0x34, 0x34, 0x00, 0xFF, 0xFF, 0x00, 0x45, 0xFF, 0xEC,
    0x03, 0xDD, 0x05, 0xD3, 0x02, 0x26, 0x00, 0xEF, 0x00, 0x00, 0x01, 0x06, 0x00, 0x6A, 0x34, 0xFF,
    0x00, 0x0D, 0xB7, 0x03, 0x02, 0x51, 0x14, 0x01, 0x01, 0xA3, 0x56, 0x00, 0x2B, 0x34, 0x34, 0x00,
    0xFF, 0xFF, 0x00, 0x77, 0x00, 0x00, 0x05, 0x18, 0x06, 0xE6, 0x02, 0x26, 0x00, 0xDC, 0x00, 0x00,
    0x01, 0x07, 0x00, 0x70, 0x00, 0xCC, 0x01, 0x38, 0x00, 0x0B, 0xB6, 0x01, 0x0C, 0x08, 0x01, 0x01,
    0xB1, 0x56, 0x00, 0x2B, 0x34, 0x00, 0xFF, 0xFF, 0x00, 0x6F, 0x00, 0x00, 0x04, 0x1A, 0x05, 0xA6,
    0x02, 0x26, 0x00, 0xF0, 0x00, 0x00, 0x01, 0x06, 0x00, 0x70, 0x4B, 0xF8, 0x00, 0x0B, 0xB6, 0x01,
    0x0C, 0x08, 0x01, 0x01, 0xD0, 0x56, 0x00, 0x2B, 0x34, 0x00, 0xFF, 0xFF, 0x00, 0x77, 0x00, 0x00,
    0x05, 0x18, 0x07, 0x0D, 0x02, 0x26, 0x00, 0xDC, 0x00, 0x00, 0x01, 0x07, 0x00, 0x6A, 0x00, 0xE9,
    0x01, 0x3A, 0x00, 0x0D, 0xB7, 0x02, 0x01, 0x1F, 0x01, 0x01, 0x01, 0x83, 0x56, 0x00, 0x2B, 0x34,
    0x34, 0x00, 0xFF, 0xFF, 0x00, 0x6F, 0x00, 0x00, 0x04, 0x1A, 0x05, 0xCD, 0x02, 0x26, 0x00, 0xF0,
    0x00, 0x00, 0x01, 0x07, 0x00, 0x6A, 0x00, 0x69, 0xFF, 0xF9, 0x00, 0x0D, 0xB7, 0x02, 0x01, 0x1F,
    0x01, 0x01, 0x01, 0xA2, 0x56, 0x00, 0x2B, 0x34, 0x34, 0x00, 0xFF, 0xFF, 0x00, 0x56, 0xFF, 0xEC,
    0x05, 0x2E, 0x07, 0x0B, 0x02, 0x26, 0x00, 0x33, 0x00, 0x00, 0x01, 0x07, 0x00, 0x6A, 0x00, 0xE0,
    0x01, 0x37, 0x00, 0x0D, 0xB7, 0x03, 0x02, 0x41, 0x11, 0x01, 0x01, 0x66, 0x56, 0x00, 0x2B, 0x34,
    0x34, 0x00, 0xFF, 0xFF, 0x00, 0x42, 0xFF, 0xEC, 0x04, 0x43, 0x05, 0xD4, 0x02, 0x26, 0x00, 0x53,
    0x00, 0x00, 0x01, 0x07, 0x00, 0x6A, 0x00, 0x5F, 0x00, 0x00, 0x00, 0x0D, 0xB7, 0x03, 0x02, 0x41,
    0x06, 0x01, 0x01, 0xA3, 0x56, 0x00, 0x2B, 0x34, 0x34, 0x00, 0xFF, 0xFF, 0x00, 0x5B, 0xFF, 0xEC,
    0x05, 0x34, 0x05, 0xC4, 0x02, 0x06, 0x01, 0x17, 0x00, 0x00, 0xFF, 0xFF, 0x00, 0x40, 0xFF, 0xEC,
    0x04, 0x41, 0x04, 0x4E, 0x02, 0x06, 0x01, 0x18, 0x00, 0x00, 0xFF, 0xFF, 0x00, 0x5B, 0xFF, 0xEC,
    0x05, 0x34, 0x07, 0x0C, 0x02, 0x26, 0x01, 0x17, 0x00, 0x00, 0x01, 0x07, 0x00, 0x6A, 0x00, 0xF4,
    0x01, 0x38, 0x00, 0x0D, 0xB7, 0x04, 0x03, 0x4F, 0x00, 0x01, 0x01, 0x6A, 0x56, 0x00, 0x2B, 0x34,
    0x34, 0x00, 0xFF, 0xFF, 0x00, 0x40, 0xFF, 0xEC, 0x04, 0x41, 0x05, 0xD4, 0x02, 0x26, 0x01, 0x18,
    0x00, 0x00, 0x01, 0x07, 0x00, 0x6A, 0x00, 0x57, 0x00, 0x01, 0x00, 0x0D, 0xB7, 0x04, 0x03, 0x41,
    0x00, 0x01, 0x01, 0xA5, 0x56, 0x00, 0x2B, 0x34, 0x34, 0x00, 0xFF, 0xFF, 0x00, 0x3A, 0xFF, 0xEB,
    0x04, 0xDE, 0x07, 0x15, 0x02, 0x26, 0x00, 0xE7, 0x00, 0x00, 0x01, 0x07, 0x00, 0x6A, 0x00, 0xAD,
    0x01, 0x41, 0x00, 0x0D, 0xB7, 0x03, 0x02, 0x42, 0x1E, 0x01, 0x01, 0x85, 0x56, 0x00, 0x2B, 0x34,
    0x34, 0x00, 0xFF, 0xFF, 0x00, 0x3F, 0xFF, 0xEC, 0x03, 0xEE, 0x05, 0xD4, 0x02, 0x26, 0x00, 0xFF,
    0x00, 0x00, 0x01, 0x06, 0x00, 0x6A, 0x2B, 0x00, 0x00, 0x0D, 0xB7, 0x03, 0x02, 0x41, 0x09, 0x01,
    0x01, 0xA3, 0x56, 0x00, 0x2B, 0x34, 0x34, 0x00, 0xFF, 0xFF, 0x00, 0x1C, 0xFF, 0xEB, 0x04, 0xF4,
    0x06, 0xE6, 0x02, 0x26, 0x00, 0xDE, 0x00, 0x00, 0x01, 0x07, 0x00, 0x70, 0x00, 0x9F, 0x01, 0x38,
    0x00, 0x0B, 0xB6, 0x02, 0x1B, 0x18, 0x01, 0x01, 0xB1, 0x56, 0x00, 0x2B, 0x34, 0x00, 0xFF, 0xFF,
    0x00, 0x04, 0xFE, 0x4B, 0x04, 0x05, 0x05, 0xAC, 0x02, 0x26, 0x00, 0x5D, 0x00, 0x00, 0x01, 0x06,
    0x00, 0x70, 0x0B, 0xFF, 0x00, 0x0B, 0xB6, 0x02, 0x1B, 0x18, 0x01, 0x01, 0xE5, 0x56, 0x00, 0x2B,
    0x34, 0x00, 0xFF, 0xFF, 0x00, 0x1C, 0xFF, 0xEB, 0x04, 0xF4, 0x07, 0x0D, 0x02, 0x26, 0x00, 0xDE,
    0x00, 0x00, 0x01, 0x07, 0x00, 0x6A, 0x00, 0xBD, 0x01, 0x3A, 0x00, 0x0D, 0xB7, 0x03, 0x02, 0x2E,
    0x01, 0x01, 0x01, 0x83, 0x56, 0x00, 0x2B, 0x34, 0x34, 0x00, 0xFF, 0xFF, 0x00, 0x04, 0xFE, 0x4B,
    0x04, 0x05, 0x05, 0xD4, 0x02, 0x26, 0x00, 0x5D, 0x00, 0x00, 0x01, 0x06, 0x00, 0x6A, 0x29, 0x00,
    0x00, 0x0D, 0xB7, 0x03, 0x02, 0x2E, 0x01, 0x01, 0x01, 0xB7, 0x56, 0x00, 0x2B, 0x34, 0x34, 0x00,
    0xFF, 0xFF, 0x00, 0x1C, 0xFF, 0xEB, 0x04, 0xF4, 0x07, 0x39, 0x02, 0x26, 0x00, 0xDE, 0x00, 0x00,
    0x01, 0x07, 0x00, 0xA6, 0x01, 0x33, 0x01, 0x3A, 0x00, 0x0D, 0xB7, 0x03, 0x02, 0x19, 0x01, 0x01,
    0x01, 0x62, 0x56, 0x00, 0x2B, 0x34, 0x34, 0x00, 0xFF, 0xFF, 0x00, 0x04, 0xFE, 0x4B, 0x04, 0x1D,
    0x05, 0xFF, 0x02, 0x26, 0x00, 0x5D, 0x00, 0x00, 0x01, 0x07, 0x00, 0xA6, 0x00, 0x9F, 0x00, 0x00,
    0x00, 0x0D, 0xB7, 0x03, 0x02, 0x19, 0x01, 0x01, 0x01, 0x96, 0x56, 0x00, 0x2B, 0x34, 0x34, 0x00,
    0xFF, 0xFF, 0x00, 0x8B, 0x00, 0x00, 0x05, 0x0C, 0x07, 0x0D, 0x02, 0x26, 0x00, 0xE1, 0x00, 0x00,
    0x01, 0x07, 0x00, 0x6A, 0x01, 0x12, 0x01, 0x3A, 0x00, 0x0D, 0xB7, 0x03, 0x02, 0x2F, 0x16, 0x01,
    0x01, 0x83, 0x56, 0x00, 0x2B, 0x34, 0x34, 0x00, 0xFF, 0xFF, 0x00, 0x58, 0x00, 0x00, 0x04, 0x00,
    0x05, 0xCD, 0x02, 0x26, 0x00, 0xF9, 0x00, 0x00, 0x01, 0x06, 0x00, 0x6A, 0x60, 0xF9, 0x00, 0x0D,
    0xB7, 0x03, 0x02, 0x2D, 0x03, 0x01, 0x01, 0xA2, 0x56, 0x00, 0x2B, 0x34, 0x34, 0x00, 0xFF, 0xFF,
    0x00, 0x84, 0x00, 0x00, 0x06, 0x71, 0x07, 0x0D, 0x02, 0x26, 0x00, 0xE5, 0x00, 0x00, 0x01, 0x07,
    0x00, 0x6A, 0x01, 0xA5, 0x01, 0x3A, 0x00, 0x0D, 0xB7, 0x03, 0x02, 0x32, 0x1C, 0x01, 0x01, 0x83,
    0x56, 0x00, 0x2B, 0x34, 0x34, 0x00, 0xFF, 0xFF, 0x00, 0x83, 0x00, 0x00, 0x06, 0x13, 0x05, 0xCD,
    0x02, 0x26, 0x00, 0xFD, 0x00, 0x00, 0x01, 0x07, 0x00, 0x6A, 0x01, 0x79, 0xFF, 0xF9, 0x00, 0x0D,
    0xB7, 0x03, 0x02, 0x32, 0x1C, 0x01, 0x01, 0xA2, 0x56, 0x00, 0x2B, 0x34, 0x34, 0x00, 0xFF, 0xFF,
    0x00, 0x43, 0xFF, 0xEC, 0x04, 0x11, 0x06, 0x00, 0x02, 0x06, 0x00, 0x48, 0x00, 0x00, 0xFF, 0xFF,
    0x00, 0x07, 0xFE, 0x94, 0x05, 0x5B, 0x05, 0xB0, 0x02, 0x26, 0x00, 0x25, 0x00, 0x00, 0x01, 0x07,
    0x00, 0xAD, 0x05, 0x0F, 0x00, 0x06, 0x00, 0x0E, 0xB4, 0x03, 0x11, 0x05, 0x01, 0x01, 0xB8, 0xFF,
    0x75, 0xB0, 0x56, 0x00, 0x2B, 0x34, 0xFF, 0xFF, 0x00, 0x42, 0xFE, 0x9D, 0x04, 0x05, 0x04, 0x4E,
    0x02, 0x26, 0x00, 0x45, 0x00, 0x00, 0x01, 0x07, 0x00, 0xAD, 0x04, 0x32, 0x00, 0x0F, 0x00, 0x0E,
    0xB4, 0x02, 0x3E, 0x31, 0x01, 0x01, 0xB8, 0xFF, 0x89, 0xB0, 0x56, 0x00, 0x2B, 0x34, 0xFF, 0xFF,
    0x00, 0x07, 0x00, 0x00, 0x05, 0x5B, 0x07, 0xBA, 0x02, 0x26, 0x00, 0x25, 0x00, 0x00, 0x01, 0x07,
    0x00, 0xAB, 0x05, 0x14, 0x01, 0x35, 0x00, 0x0B, 0xB6, 0x03, 0x0F, 0x07, 0x01, 0x01, 0x71, 0x56,
    0x00, 0x2B, 0x34, 0x00, 0xFF, 0xFF, 0x00, 0x42, 0xFF, 0xEC, 0x04, 0x05, 0x06, 0x83, 0x02, 0x26,
    0x00, 0x45, 0x00, 0x00, 0x01, 0x07, 0x00, 0xAB, 0x04, 0x88, 0xFF, 0xFF, 0x00, 0x0B, 0xB6, 0x02,
    0x3C, 0x0F, 0x01, 0x01, 0x9C, 0x56, 0x00, 0x2B, 0x34, 0x00, 0xFF, 0xFF, 0x00, 0x07, 0x00, 0x00,
    0x05, 0x5B, 0x07, 0x97, 0x02, 0x26, 0x00, 0x25, 0x00, 0x00, 0x01, 0x07, 0x01, 0xED, 0x00, 0xC2,
    0x01, 0x15, 0x00, 0x0D, 0xB7, 0x04, 0x03, 0x12, 0x07, 0x01, 0x01, 0x61, 0x56, 0x00, 0x2B, 0x34,
    0x34, 0x00, 0xFF, 0xFF, 0x00, 0x42, 0xFF, 0xEC, 0x04, 0xCE, 0x06, 0x60, 0x02, 0x26, 0x00, 0x45,
    0x00, 0x00, 0x01, 0x06, 0x01, 0xED, 0x36, 0xDF, 0x00, 0x0D, 0xB7, 0x03, 0x02, 0x41, 0x0F, 0x01,
    0x01, 0x8C, 0x56, 0x00, 0x2B, 0x34, 0x34, 0x00, 0xFF, 0xFF, 0x00, 0x07, 0x00, 0x00, 0x05, 0x5B,
    0x07, 0x95, 0x02, 0x26, 0x00, 0x25, 0x00, 0x00, 0x01, 0x07, 0x01, 0xEE, 0x00, 0xC1, 0x01, 0x1A,
    0x00, 0x0D, 0xB7, 0x04, 0x03, 0x10, 0x07, 0x01, 0x01, 0x5C, 0x56, 0x00, 0x2B, 0x34, 0x34, 0x00,
    0xFF, 0xFF, 0xFF, 0x7C, 0xFF, 0xEC, 0x04, 0x05, 0x06, 0x5F, 0x02, 0x26, 0x00, 0x45, 0x00, 0x00,
    0x01, 0x06, 0x01, 0xEE, 0x34, 0xE3, 0x00, 0x0D, 0xB7, 0x03, 0x02, 0x3D, 0x0F, 0x01, 0x01, 0x87,
    0x56, 0x00, 0x2B, 0x34, 0x34, 0x00, 0xFF, 0xFF, 0x00, 0x07, 0x00, 0x00, 0x05, 0x5B, 0x07, 0xD0,
    0x02, 0x26, 0x00, 0x25, 0x00, 0x00, 0x01, 0x07, 0x01, 0xEF, 0x00, 0xBE, 0x01, 0x0F, 0x00, 0x0D,
    0xB7, 0x04, 0x03, 0x13, 0x03, 0x01, 0x01, 0x50, 0x56, 0x00, 0x2B, 0x34, 0x34, 0x00, 0xFF, 0xFF,
    0x00, 0x42, 0xFF, 0xEC, 0x04, 0x4C, 0x06, 0x99, 0x02, 0x26, 0x00, 0x45, 0x00, 0x00, 0x01, 0x06,
    0x01, 0xEF, 0x32, 0xD9, 0x00, 0x0D, 0xB7, 0x03, 0x02, 0x40, 0x0F, 0x01, 0x01, 0x7B, 0x56, 0x00,
    0x2B, 0x34, 0x34, 0x00, 0xFF, 0xFF, 0x00, 0x07, 0x00, 0x00, 0x05, 0x5B, 0x07, 0xCE, 0x02, 0x26,
    0x00, 0x25, 0x00, 0x00, 0x01, 0x07, 0x01, 0xF0, 0x00, 0xC1, 0x01, 0x08, 0x00, 0x0D, 0xB7, 0x04,
    0x03, 0x10, 0x07, 0x01, 0x01, 0x3A, 0x56, 0x00, 0x2B, 0x34, 0x34, 0x00, 0xFF, 0xFF, 0x00, 0x42,
    0xFF, 0xEC, 0x04, 0x05, 0x06, 0x98, 0x02, 0x26, 0x00, 0x45, 0x00, 0x00, 0x01, 0x06, 0x01, 0xF0,
    0x35, 0xD2, 0x00, 0x0D, 0xB7, 0x03, 0x02, 0x3D, 0x0F, 0x01, 0x01, 0x65, 0x56, 0x00, 0x2B, 0x34,
    0x34, 0x00, 0xFF, 0xFF, 0x00, 0x07, 0xFE, 0x94, 0x05, 0x5B, 0x07, 0x36, 0x02, 0x26, 0x00, 0x25,
    0x00, 0x00, 0x00, 0x27, 0x00, 0x9E, 0x00, 0xBD, 0x01, 0x36, 0x01, 0x07, 0x00, 0xAD, 0x05, 0x0F,
    0x00, 0x06, 0x00, 0x17, 0xB4, 0x04, 0x1A, 0x05, 0x01, 0x01, 0xB8, 0xFF, 0x75, 0xB7, 0x56, 0x03,
    0x11, 0x07, 0x01, 0x01, 0x6C, 0x56, 0x00, 0x2B, 0x34, 0x2B, 0x34, 0x00, 0xFF, 0xFF, 0x00, 0x42,
    0xFE, 0x9D, 0x04, 0x05, 0x06, 0x00, 0x02, 0x26, 0x00, 0x45, 0x00, 0x00, 0x00, 0x26, 0x00, 0x9E,
    0x31, 0x00, 0x01, 0x07, 0x00, 0xAD, 0x04, 0x32, 0x00, 0x0F, 0x00, 0x17, 0xB4, 0x03, 0x47, 0x31,
    0x01, 0x01, 0xB8, 0xFF, 0x89, 0xB7, 0x56, 0x02, 0x3E, 0x0F, 0x01, 0x01, 0x97, 0x56, 0x00, 0x2B,
    0x34, 0x2B, 0x34, 0x00, 0xFF, 0xFF, 0x00, 0x07, 0x00, 0x00, 0x05, 0x5B, 0x07, 0xA6, 0x02, 0x26,
    0x00, 0x25, 0x00, 0x00, 0x01, 0x07, 0x01, 0xF1, 0x00, 0xEA, 0x01, 0x36, 0x00, 0x0D, 0xB7, 0x04,
    0x03, 0x13, 0x07, 0x01, 0x01, 0x5C, 0x56, 0x00, 0x2B, 0x34, 0x34, 0x00, 0xFF, 0xFF, 0x00, 0x42,
    0xFF, 0xEC, 0x04, 0x05, 0x06, 0x70, 0x02, 0x26, 0x00, 0x45, 0x00, 0x00, 0x01, 0x07, 0x01, 0xF1,
    0x00, 0x5E, 0x00, 0x00, 0x00, 0x0D, 0xB7, 0x03, 0x02, 0x40, 0x0F, 0x01, 0x01, 0x87, 0x56, 0x00,
    0x2B, 0x34, 0x34, 0x00, 0xFF, 0xFF, 0x00, 0x07, 0x00, 0x00, 0x05, 0x5B, 0x07, 0xA6, 0x02, 0x26,
    0x00, 0x25, 0x00, 0x00, 0x01, 0x07, 0x01, 0xEB, 0x00, 0xEA, 0x01, 0x36, 0x00, 0x0D, 0xB7, 0x04,
    0x03, 0x13, 0x07, 0x01, 0x01, 0x5C, 0x56, 0x00, 0x2B, 0x34, 0x34, 0x00, 0xFF, 0xFF, 0x00, 0x42,
    0xFF, 0xEC, 0x04, 0x05, 0x06, 0x70, 0x02, 0x26, 0x00, 0x45, 0x00, 0x00, 0x01, 0x07, 0x01, 0xEB,
    0x00, 0x5E, 0x00, 0x00, 0x00, 0x0D, 0xB7, 0x03, 0x02, 0x40, 0x0F, 0x01, 0x01, 0x87, 0x56, 0x00,
    0x2B, 0x34, 0x34, 0x00, 0xFF, 0xFF, 0x00, 0x07, 0x00, 0x00, 0x05, 0x5B, 0x08, 0x39, 0x02, 0x26,
    0x00, 0x25, 0x00, 0x00, 0x01, 0x07, 0x01, 0xF2, 0x00, 0xE3, 0x01, 0x2F, 0x00, 0x0D, 0xB7, 0x04,
    0x03, 0x13, 0x07, 0x01, 0x01, 0x6E, 0x56, 0x00, 0x2B, 0x34, 0x34, 0x00, 0xFF, 0xFF, 0x00, 0x42,
    0xFF, 0xEC, 0x04, 0x05, 0x07, 0x02, 0x02, 0x26, 0x00, 0x45, 0x00, 0x00, 0x01, 0x07, 0x01, 0xF2,
    0x00, 0x57, 0xFF, 0xF9, 0x00, 0x0D, 0xB7, 0x03, 0x02, 0x40, 0x0F, 0x01, 0x01, 0x99, 0x56, 0x00,
    0x2B, 0x34, 0x34, 0x00, 0xFF, 0xFF, 0x00, 0x07, 0x00, 0x00, 0x05, 0x5B, 0x08, 0x15, 0x02, 0x26,
    0x00, 0x25, 0x00, 0x00, 0x01, 0x07, 0x01, 0xFA, 0x00, 0xE9, 0x01, 0x34, 0x00, 0x0D, 0xB7, 0x04,
    0x03, 0x13, 0x07, 0x01, 0x01, 0x6F, 0x56, 0x00, 0x2B, 0x34, 0x34, 0x00, 0xFF, 0xFF, 0x00, 0x42,
    0xFF, 0xEC, 0x04, 0x05, 0x06, 0xDF, 0x02, 0x26, 0x00, 0x45, 0x00, 0x00, 0x01, 0x07, 0x01, 0xFA,
    0x00, 0x5D, 0xFF, 0xFD, 0x00, 0x0D, 0xB7, 0x03, 0x02, 0x40, 0x0F, 0x01, 0x01, 0x9A, 0x56, 0x00,
    0x2B, 0x34, 0x34, 0x00, 0xFF, 0xFF, 0x00, 0x07, 0xFE, 0x94, 0x05, 0x5B, 0x07, 0x2A, 0x02, 0x26,
    0x00, 0x25, 0x00, 0x00, 0x00, 0x27, 0x00, 0xA1, 0x00, 0xEE, 0x01, 0x36, 0x01, 0x07, 0x00, 0xAD,
    0x05, 0x0F, 0x00, 0x06, 0x00, 0x17, 0xB4, 0x04, 0x20, 0x05, 0x01, 0x01, 0xB8, 0xFF, 0x75, 0xB7,
    0x56, 0x03, 0x13, 0x07, 0x01, 0x01, 0x53, 0x56, 0x00, 0x2B, 0x34, 0x2B, 0x34, 0x00, 0xFF, 0xFF,
    0x00, 0x42, 0xFE, 0x9D, 0x04, 0x05, 0x05, 0xF4, 0x02, 0x26, 0x00, 0x45, 0x00, 0x00, 0x00, 0x27,
    0x00, 0xA1, 0x00, 0x61, 0x00, 0x00, 0x01, 0x07, 0x00, 0xAD, 0x04, 0x32, 0x00, 0x0F, 0x00, 0x17,
    0xB4, 0x03, 0x4D, 0x31, 0x01, 0x01, 0xB8, 0xFF, 0x89, 0xB7, 0x56, 0x02, 0x40, 0x0F, 0x01, 0x01,
    0x7E, 0x56, 0x00, 0x2B, 0x34, 0x2B, 0x34, 0x00, 0xFF, 0xFF, 0x00, 0x82, 0xFE, 0x98, 0x04, 0x53,
    0x05, 0xB0, 0x02, 0x26, 0x00, 0x29, 0x00, 0x00, 0x01, 0x07, 0x00, 0xAD, 0x04, 0xD5, 0x00, 0x0A,
    0x00, 0x0E, 0xB4, 0x04, 0x13, 0x02, 0x01, 0x01, 0xB8, 0xFF, 0x7F, 0xB0, 0x56, 0x00, 0x2B, 0x34,
    0xFF, 0xFF, 0x00, 0x47, 0xFE, 0x8E, 0x04, 0x1E, 0x04, 0x4E, 0x02, 0x26, 0x00, 0x49, 0x00, 0x00,
    0x01, 0x07, 0x00, 0xAD, 0x04, 0x90, 0x00, 0x00, 0x00, 0x0E, 0xB4, 0x01, 0x2F, 0x00, 0x01, 0x01,
    0xB8, 0xFF, 0x89, 0xB0, 0x56, 0x00, 0x2B, 0x34, 0xFF, 0xFF, 0x00, 0x82, 0x00, 0x00, 0x04, 0x53,
    0x07, 0xBD, 0x02, 0x26, 0x00, 0x29, 0x00, 0x00, 0x01, 0x07, 0x00, 0xAB, 0x04, 0xDE, 0x01, 0x39,
    0x00, 0x0B, 0xB6, 0x04, 0x11, 0x07, 0x01, 0x01, 0x7C, 0x56, 0x00, 0x2B, 0x34, 0x00, 0xFF, 0xFF,
    0x00, 0x47, 0xFF, 0xEC, 0x04, 0x1E, 0x06, 0x84, 0x02, 0x26, 0x00, 0x49, 0x00, 0x00, 0x01, 0x07,
    0x00, 0xAB, 0x04, 0x82, 0x00, 0x00, 0x00, 0x0B, 0xB6, 0x01, 0x2D, 0x0B, 0x01, 0x01, 0x9C, 0x56,
    0x00, 0x2B, 0x34, 0x00, 0xFF, 0xFF, 0x00, 0x82, 0x00, 0x00, 0x04, 0x53, 0x07, 0x35, 0x02, 0x26,
    0x00, 0x29, 0x00, 0x00, 0x01, 0x07, 0x00, 0xA5, 0x00, 0x90, 0x01, 0x38, 0x00, 0x0B, 0xB6, 0x04,
    0x1E, 0x07, 0x01, 0x01, 0x76, 0x56, 0x00, 0x2B, 0x34, 0x00, 0xFF, 0xFF, 0x00, 0x47, 0xFF, 0xEC,
    0x04, 0x1E, 0x05, 0xFC, 0x02, 0x26, 0x00, 0x49, 0x00, 0x00, 0x01, 0x06, 0x00, 0xA5, 0x34, 0xFF,
    0x00, 0x0B, 0xB6, 0x01, 0x3A, 0x0B, 0x01, 0x01, 0x96, 0x56, 0x00, 0x2B, 0x34, 0x00, 0xFF, 0xFF,
    0x00, 0x82, 0x00, 0x00, 0x05, 0x24, 0x07, 0x9A, 0x02, 0x26, 0x00, 0x29, 0x00, 0x00, 0x01, 0x07,
    0x01, 0xED, 0x00, 0x8C, 0x01, 0x19, 0x00, 0x0D, 0xB7, 0x05, 0x04, 0x14, 0x07, 0x01, 0x01, 0x6C,
    0x56, 0x00, 0x2B, 0x34, 0x34, 0x00, 0xFF, 0xFF, 0x00, 0x47, 0xFF, 0xEC, 0x04, 0xC8, 0x06, 0x61,
    0x02, 0x26, 0x00, 0x49, 0x00, 0x00, 0x01, 0x06, 0x01, 0xED, 0x30, 0xE0, 0x00, 0x0D, 0xB7, 0x02,
    0x01, 0x30, 0x0B, 0x01, 0x01, 0x8C, 0x56, 0x00, 0x2B, 0x34, 0x34, 0x00, 0xFF, 0xFF, 0xFF, 0xD2,
    0x00, 0x00, 0x04, 0x53, 0x07, 0x99, 0x02, 0x26, 0x00, 0x29, 0x00, 0x00, 0x01, 0x07, 0x01, 0xEE,
    0x00, 0x8A, 0x01, 0x1D, 0x00, 0x0D, 0xB7, 0x05, 0x04, 0x12, 0x07, 0x01, 0x01, 0x67, 0x56, 0x00,
    0x2B, 0x34, 0x34, 0x00, 0xFF, 0xFF, 0xFF, 0x76, 0xFF, 0xEC, 0x04, 0x1E, 0x06, 0x60, 0x02, 0x26,
    0x00, 0x49, 0x00, 0x00, 0x01, 0x06, 0x01, 0xEE, 0x2E, 0xE4, 0x00, 0x0D, 0xB7, 0x02, 0x01, 0x2E,
    0x0B, 0x01, 0x01, 0x87, 0x56, 0x00, 0x2B, 0x34, 0x34, 0x00, 0xFF, 0xFF, 0x00, 0x82, 0x00, 0x00,
    0x04, 0xA2, 0x07, 0xD3, 0x02, 0x26, 0x00, 0x29, 0x00, 0x00, 0x01, 0x07, 0x01, 0xEF, 0x00, 0x88,
    0x01, 0x13, 0x00, 0x0D, 0xB7, 0x05, 0x04, 0x15, 0x07, 0x01, 0x01, 0x5B, 0x56, 0x00, 0x2B, 0x34,
    0x34, 0x00, 0xFF, 0xFF, 0x00, 0x47, 0xFF, 0xEC, 0x04, 0x46, 0x06, 0x9A, 0x02, 0x26, 0x00, 0x49,
    0x00, 0x00, 0x01, 0x06, 0x01, 0xEF, 0x2C, 0xD9, 0x00, 0x0D, 0xB7, 0x02, 0x01, 0x31, 0x0B, 0x01,
    0x01, 0x7B, 0x56, 0x00, 0x2B, 0x34, 0x34, 0x00, 0xFF, 0xFF, 0x00, 0x82, 0x00, 0x00, 0x04, 0x53,
    0x07, 0xD2, 0x02, 0x26, 0x00, 0x29, 0x00, 0x00, 0x01, 0x07, 0x01, 0xF0, 0x00, 0x8B, 0x01, 0x0C,
    0x00, 0x0D, 0xB7, 0x05, 0x04, 0x12, 0x07, 0x01, 0x01, 0x45, 0x56, 0x00, 0x2B, 0x34, 0x34, 0x00,
    0xFF, 0xFF, 0x00, 0x47, 0xFF, 0xEC, 0x04, 0x1E, 0x06, 0x99, 0x02, 0x26, 0x00, 0x49, 0x00, 0x00,
    0x01, 0x06, 0x01, 0xF0, 0x2F, 0xD2, 0x00, 0x0D, 0xB7, 0x02, 0x01, 0x2E, 0x0B, 0x01, 0x01, 0x65,
    0x56, 0x00, 0x2B, 0x34, 0x34, 0x00, 0xFF, 0xFF, 0x00, 0x82, 0xFE, 0x98, 0x04, 0x53, 0x07, 0x3A,
    0x02, 0x26, 0x00, 0x29, 0x00, 0x00, 0x00, 0x27, 0x00, 0x9E, 0x00, 0x86, 0x01, 0x3A, 0x01, 0x07,
    0x00, 0xAD, 0x04, 0xD5, 0x00, 0x0A, 0x00, 0x17, 0xB4, 0x05, 0x1C, 0x02, 0x01, 0x01, 0xB8, 0xFF,
    0x7F, 0xB7, 0x56, 0x04, 0x13, 0x07, 0x01, 0x01, 0x77, 0x56, 0x00, 0x2B, 0x34, 0x2B, 0x34, 0x00,
    0xFF, 0xFF, 0x00, 0x47, 0xFE, 0x8E, 0x04, 0x1E, 0x06, 0x01, 0x02, 0x26, 0x00, 0x49, 0x00, 0x00,
    0x00, 0x26, 0x00, 0x9E, 0x2B, 0x01, 0x01, 0x07, 0x00, 0xAD, 0x04, 0x90, 0x00, 0x00, 0x00, 0x17,
    0xB4, 0x02, 0x38, 0x00, 0x01, 0x01, 0xB8, 0xFF, 0x89, 0xB7, 0x56, 0x01, 0x2F, 0x0B, 0x01, 0x01,
    0x97, 0x56, 0x00, 0x2B, 0x34, 0x2B, 0x34, 0x00, 0xFF, 0xFF, 0x00, 0x96, 0x00, 0x00, 0x02, 0x2E,
    0x07, 0xBD, 0x02, 0x26, 0x00, 0x2D, 0x00, 0x00, 0x01, 0x07, 0x00, 0xAB, 0x03, 0x8C, 0x01, 0x39,
    0x00, 0x0B, 0xB6, 0x01, 0x05, 0x03, 0x01, 0x01, 0x7C, 0x56, 0x00, 0x2B, 0x34, 0x00, 0xFF, 0xFF,
    0x00, 0x86, 0x00, 0x00, 0x02, 0x1B, 0x06, 0x74, 0x02, 0x26, 0x00, 0x8D, 0x00, 0x00, 0x01, 0x07,
    0x00, 0xAB, 0x03, 0x79, 0xFF, 0xF0, 0x00, 0x0B, 0xB6, 0x01, 0x05, 0x03, 0x01, 0x01, 0xAE, 0x56,
    0x00, 0x2B, 0x34, 0x00, 0xFF, 0xFF, 0x00, 0x89, 0xFE, 0x91, 0x01, 0xCD, 0x05, 0xB0, 0x02, 0x26,
    0x00, 0x2D, 0x00, 0x00, 0x01, 0x07, 0x00, 0xAD, 0x03, 0x82, 0x00, 0x03, 0x00, 0x0E, 0xB4, 0x01,
    0x07, 0x02, 0x01, 0x01, 0xB8, 0xFF, 0x7E, 0xB0, 0x56, 0x00, 0x2B, 0x34, 0xFF, 0xFF, 0x00, 0x6C,
    0xFE, 0x98, 0x01, 0xB1, 0x05, 0xE5, 0x02, 0x26, 0x00, 0x4D, 0x00, 0x00, 0x01, 0x07, 0x00, 0xAD,
    0x03, 0x65, 0x00, 0x0A, 0x00, 0x0E, 0xB4, 0x02, 0x13, 0x02, 0x01, 0x01, 0xB8, 0xFF, 0x7F, 0xB0,
    0x56, 0x00, 0x2B, 0x34, 0xFF, 0xFF, 0x00, 0x56, 0xFE, 0x8E, 0x05, 0x2E, 0x05, 0xC4, 0x02, 0x26,
    0x00, 0x33, 0x00, 0x00, 0x01, 0x07, 0x00, 0xAD, 0x05, 0x1D, 0x00, 0x00, 0x00, 0x0E, 0xB4, 0x02,
    0x2F, 0x06, 0x01, 0x01, 0xB8, 0xFF, 0x89, 0xB0, 0x56, 0x00, 0x2B, 0x34, 0xFF, 0xFF, 0x00, 0x42,
    0xFE, 0x87, 0x04, 0x43, 0x04, 0x4E, 0x02, 0x26, 0x00, 0x53, 0x00, 0x00, 0x01, 0x07, 0x00, 0xAD,
    0x04, 0x98, 0xFF, 0xF9, 0x00, 0x0E, 0xB4, 0x02, 0x2F, 0x11, 0x01, 0x01, 0xB8, 0xFF, 0x88, 0xB0,
    0x56, 0x00, 0x2B, 0x34, 0xFF, 0xFF, 0x00, 0x56, 0xFF, 0xEC, 0x05, 0x2E, 0x07, 0xBA, 0x02, 0x26,
    0x00, 0x33, 0x00, 0x00, 0x01, 0x07, 0x00, 0xAB, 0x05, 0x23, 0x01, 0x36, 0x00, 0x0B, 0xB6, 0x02,
    0x2D, 0x11, 0x01, 0x01, 0x5F, 0x56, 0x00, 0x2B, 0x34, 0x00, 0xFF, 0xFF, 0x00, 0x42, 0xFF, 0xEC,
    0x04, 0x43, 0x06, 0x83, 0x02, 0x26, 0x00, 0x53, 0x00, 0x00, 0x01, 0x07, 0x00, 0xAB, 0x04, 0xA1,
    0xFF, 0xFF, 0x00, 0x0B, 0xB6, 0x02, 0x2D, 0x06, 0x01, 0x01, 0x9C, 0x56, 0x00, 0x2B, 0x34, 0x00,
    0xFF, 0xFF, 0x00, 0x56, 0xFF, 0xEC, 0x05, 0x69, 0x07, 0x97, 0x02, 0x26, 0x00, 0x33, 0x00, 0x00,
    0x01, 0x07, 0x01, 0xED, 0x00, 0xD1, 0x01, 0x16, 0x00, 0x0D, 0xB7, 0x03, 0x02, 0x30, 0x11, 0x01,
    0x01, 0x4F, 0x56, 0x00, 0x2B, 0x34, 0x34, 0x00, 0xFF, 0xFF, 0x00, 0x42, 0xFF, 0xEC, 0x04, 0xE8,
    0x06, 0x60, 0x02, 0x26, 0x00, 0x53, 0x00, 0x00, 0x01, 0x06, 0x01, 0xED, 0x4F, 0xDF, 0x00, 0x0D,
    0xB7, 0x03, 0x02, 0x30, 0x06, 0x01, 0x01, 0x8C, 0x56, 0x00, 0x2B, 0x34, 0x34, 0x00, 0xFF, 0xFF,
    0x00, 0x17, 0xFF, 0xEC, 0x05, 0x2E, 0x07, 0x96, 0x02, 0x26, 0x00, 0x33, 0x00, 0x00, 0x01, 0x07,
    0x01, 0xEE, 0x00, 0xCF, 0x01, 0x1A, 0x00, 0x0D, 0xB7, 0x03, 0x02, 0x2E, 0x11, 0x01, 0x01, 0x4A,
    0x56, 0x00, 0x2B, 0x34, 0x34, 0x00, 0xFF, 0xFF, 0xFF, 0x95, 0xFF, 0xEC, 0x04, 0x43, 0x06, 0x5F,
    0x02, 0x26, 0x00, 0x53, 0x00, 0x00, 0x01, 0x06, 0x01, 0xEE, 0x4E, 0xE3, 0x00, 0x0D, 0xB7, 0x03,
    0x02, 0x2E, 0x06, 0x01, 0x01, 0x87, 0x56, 0x00, 0x2B, 0x34, 0x34, 0x00, 0xFF, 0xFF, 0x00, 0x56,
    0xFF, 0xEC, 0x05, 0x2E, 0x07, 0xD0, 0x02, 0x26, 0x00, 0x33, 0x00, 0x00, 0x01, 0x07, 0x01, 0xEF,
    0x00, 0xCD, 0x01, 0x10, 0x00, 0x0D, 0xB7, 0x03, 0x02, 0x31, 0x11, 0x01, 0x01, 0x3E, 0x56, 0x00,
    0x2B, 0x34, 0x34, 0x00, 0xFF, 0xFF, 0x00, 0x42, 0xFF, 0xEC, 0x04, 0x66, 0x06, 0x99, 0x02, 0x26,
    0x00, 0x53, 0x00, 0x00, 0x01, 0x06, 0x01, 0xEF, 0x4C, 0xD9, 0x00, 0x0D, 0xB7, 0x03, 0x02, 0x31,
    0x06, 0x01, 0x01, 0x7B, 0x56, 0x00, 0x2B, 0x34, 0x34, 0x00, 0xFF, 0xFF, 0x00, 0x56, 0xFF, 0xEC,
    0x05, 0x2E, 0x07, 0xCF, 0x02, 0x26, 0x00, 0x33, 0x00, 0x00, 0x01, 0x07, 0x01, 0xF0, 0x00, 0xD0,
    0x01, 0x09, 0x00, 0x0D, 0xB7, 0x03, 0x02, 0x2E, 0x11, 0x01, 0x01, 0x28, 0x56, 0x00, 0x2B, 0x34,
    0x34, 0x00, 0xFF, 0xFF, 0x00, 0x42, 0xFF, 0xEC, 0x04, 0x43, 0x06, 0x98, 0x02, 0x26, 0x00, 0x53,
    0x00, 0x00, 0x01, 0x06, 0x01, 0xF0, 0x4E, 0xD2, 0x00, 0x0D, 0xB7, 0x03, 0x02, 0x2E, 0x06, 0x01,
    0x01, 0x65, 0x56, 0x00, 0x2B, 0x34, 0x34, 0x00, 0xFF, 0xFF, 0x00, 0x56, 0xFE, 0x8E, 0x05, 0x2E,
    0x07, 0x37, 0x02, 0x26, 0x00, 0x33, 0x00, 0x00, 0x00, 0x27, 0x00, 0x9E, 0x00, 0xCB, 0x01, 0x37,
    0x01, 0x07, 0x00, 0xAD, 0x05, 0x1D, 0x00, 0x00, 0x00, 0x17, 0xB4, 0x03, 0x38, 0x06, 0x01, 0x01,
    0xB8, 0xFF, 0x89, 0xB7, 0x56, 0x02, 0x2F, 0x11, 0x01, 0x01, 0x5A, 0x56, 0x00, 0x2B, 0x34, 0x2B,
    0x34, 0x00, 0xFF, 0xFF, 0x00, 0x42, 0xFE, 0x87, 0x04, 0x43, 0x06, 0x00, 0x02, 0x26, 0x00, 0x53,
    0x00, 0x00, 0x00, 0x26, 0x00, 0x9E, 0x4A, 0x00, 0x01, 0x07, 0x00, 0xAD, 0x04, 0x98, 0xFF, 0xF9,
    0x00, 0x17, 0xB4, 0x03, 0x38, 0x11, 0x01, 0x01, 0xB8, 0xFF, 0x88, 0xB7, 0x56, 0x02, 0x2F, 0x06,
    0x01, 0x01, 0x97, 0x56, 0x00, 0x2B, 0x34, 0x2B, 0x34, 0x00, 0xFF, 0xFF, 0x00, 0x52, 0xFF, 0xEC,
    0x05, 0xBE, 0x07, 0x39, 0x02, 0x26, 0x00, 0x98, 0x00, 0x00, 0x01, 0x07, 0x00, 0x75, 0x01, 0xD5,
    0x01, 0x39, 0x00, 0x0B, 0xB6, 0x03, 0x3A, 0x1C, 0x01, 0x01, 0x47, 0x56, 0x00, 0x2B, 0x34, 0x00,
    0xFF, 0xFF, 0x00, 0x40, 0xFF, 0xEC, 0x04, 0xB5, 0x06, 0x00, 0x02, 0x26, 0x00, 0x99, 0x00, 0x00,
    0x01, 0x07, 0x00, 0x75, 0x01, 0x53, 0x00, 0x00, 0x00, 0x0B, 0xB6, 0x03, 0x36, 0x10, 0x01, 0x01,
    0x8C, 0x56, 0x00, 0x2B, 0x34, 0x00, 0xFF, 0xFF, 0x00, 0x52, 0xFF, 0xEC, 0x05, 0xBE, 0x07, 0x39,
    0x02, 0x26, 0x00, 0x98, 0x00, 0x00, 0x01, 0x07, 0x00, 0x44, 0x01, 0x1B, 0x01, 0x39, 0x00, 0x0B,
    0xB6, 0x03, 0x3C, 0x1C, 0x01, 0x01, 0x47, 0x56, 0x00, 0x2B, 0x34, 0x00, 0xFF, 0xFF, 0x00, 0x40,
    0xFF, 0xEC, 0x04, 0xB5, 0x06, 0x00, 0x02, 0x26, 0x00, 0x99, 0x00, 0x00, 0x01, 0x07, 0x00, 0x44,
    0x00, 0x99, 0x00, 0x00, 0x00, 0x0B, 0xB6, 0x03, 0x38, 0x10, 0x01, 0x01, 0x8C, 0x56, 0x00, 0x2B,
    0x34, 0x00, 0xFF, 0xFF, 0x00, 0x52, 0xFF, 0xEC, 0x05, 0xBE, 0x07, 0xBC, 0x02, 0x26, 0x00, 0x98,
    0x00, 0x00, 0x01, 0x07, 0x00, 0xAB, 0x05, 0x25, 0x01, 0x38, 0x00, 0x0B, 0xB6, 0x03, 0x3B, 0x1C,
    0x01, 0x01, 0x57, 0x56, 0x00, 0x2B, 0x34, 0x00, 0xFF, 0xFF, 0x00, 0x40, 0xFF, 0xEC, 0x04, 0xB5,
    0x06, 0x83, 0x02, 0x26, 0x00, 0x99, 0x00, 0x00, 0x01, 0x07, 0x00, 0xAB, 0x04, 0xA3, 0xFF, 0xFF,
    0x00, 0x0B, 0xB6, 0x03, 0x37, 0x10, 0x01, 0x01, 0x9C, 0x56, 0x00, 0x2B, 0x34, 0x00, 0xFF, 0xFF,
    0x00, 0x52, 0xFF, 0xEC, 0x05, 0xBE, 0x07, 0x34, 0x02, 0x26, 0x00, 0x98, 0x00, 0x00, 0x01, 0x07,
    0x00, 0xA5, 0x00, 0xD7, 0x01, 0x37, 0x00, 0x0B, 0xB6, 0x03, 0x48, 0x1C, 0x01, 0x01, 0x51, 0x56,
    0x00, 0x2B, 0x34, 0x00, 0xFF, 0xFF, 0x00, 0x40, 0xFF, 0xEC, 0x04, 0xB5, 0x05, 0xFB, 0x02, 0x26,
    0x00, 0x99, 0x00, 0x00, 0x01, 0x06, 0x00, 0xA5, 0x55, 0xFE, 0x00, 0x0B, 0xB6, 0x03, 0x44, 0x10,
    0x01, 0x01, 0x96, 0x56, 0x00, 0x2B, 0x34, 0x00, 0xFF, 0xFF, 0x00, 0x52, 0xFE, 0x8E, 0x05, 0xBE,
    0x06, 0x20, 0x02, 0x26, 0x00, 0x98, 0x00, 0x00, 0x01, 0x07, 0x00, 0xAD, 0x05, 0x02, 0x00, 0x00,
    0x00, 0x0E, 0xB4, 0x03, 0x3D, 0x10, 0x01, 0x01, 0xB8, 0xFF, 0x89, 0xB0, 0x56, 0x00, 0x2B, 0x34,
    0xFF, 0xFF, 0x00, 0x40, 0xFE, 0x84, 0x04, 0xB5, 0x04, 0xA1, 0x02, 0x26, 0x00, 0x99, 0x00, 0x00,
    0x01, 0x07, 0x00, 0xAD, 0x04, 0x98, 0xFF, 0xF6, 0x00, 0x0E, 0xB4, 0x03, 0x39, 0x1B, 0x01, 0x01,
    0xB8, 0xFF, 0x7F, 0xB0, 0x56, 0x00, 0x2B, 0x34, 0xFF, 0xFF, 0x00, 0x75, 0xFE, 0x8E, 0x04, 0xD1,
    0x05, 0xB0, 0x02, 0x26, 0x00, 0x39, 0x00, 0x00, 0x01, 0x07, 0x00, 0xAD, 0x04, 0xF6, 0x00, 0x00,
    0x00, 0x0E, 0xB4, 0x01, 0x19, 0x06, 0x01, 0x01, 0xB8, 0xFF, 0x89, 0xB0, 0x56, 0x00, 0x2B, 0x34,
    0xFF, 0xFF, 0x00, 0x68, 0xFE, 0x8E, 0x04, 0x10, 0x04, 0x3A, 0x02, 0x26, 0x00, 0x59, 0x00, 0x00,
    0x01, 0x07, 0x00, 0xAD, 0x04, 0x2D, 0x00, 0x00, 0x00, 0x0E, 0xB4, 0x02, 0x1F, 0x0B, 0x01, 0x01,
    0xB8, 0xFF, 0x89, 0xB0, 0x56, 0x00, 0x2B, 0x34, 0xFF, 0xFF, 0x00, 0x75, 0xFF, 0xEC, 0x04, 0xD1,
    0x07, 0xBA, 0x02, 0x26, 0x00, 0x39, 0x00, 0x00, 0x01, 0x07, 0x00, 0xAB, 0x05, 0x01, 0x01, 0x35,
    0x00, 0x0B, 0xB6, 0x01, 0x17, 0x00, 0x01, 0x01, 0x71, 0x56, 0x00, 0x2B, 0x34, 0x00, 0xFF, 0xFF,
    0x00, 0x68, 0xFF, 0xEC, 0x04, 0x10, 0x06, 0x83, 0x02, 0x26, 0x00, 0x59, 0x00, 0x00, 0x01, 0x07,
    0x00, 0xAB, 0x04, 0x9F, 0xFF, 0xFF, 0x00, 0x0B, 0xB6, 0x02, 0x1D, 0x11, 0x01, 0x01, 0xB0, 0x56,
    0x00, 0x2B, 0x34, 0x00, 0xFF, 0xFF, 0x00, 0x75, 0xFF, 0xEC, 0x06, 0x53, 0x07, 0x42, 0x02, 0x26,
    0x00, 0x9A, 0x00, 0x00, 0x01, 0x07, 0x00, 0x75, 0x01, 0xDE, 0x01, 0x42, 0x00, 0x0B, 0xB6, 0x02,
    0x20, 0x0A, 0x01, 0x01, 0x6C, 0x56, 0x00, 0x2B, 0x34, 0x00, 0xFF, 0xFF, 0x00, 0x68, 0xFF, 0xEC,
    0x05, 0x35, 0x05, 0xEB, 0x02, 0x26, 0x00, 0x9B, 0x00, 0x00, 0x01, 0x07, 0x00, 0x75, 0x01, 0x52,
    0xFF, 0xEB, 0x00, 0x0B, 0xB6, 0x03, 0x26, 0x1B, 0x01, 0x01, 0x8B, 0x56, 0x00, 0x2B, 0x34, 0x00,
    0xFF, 0xFF, 0x00, 0x75, 0xFF, 0xEC, 0x06, 0x53, 0x07, 0x42, 0x02, 0x26, 0x00, 0x9A, 0x00, 0x00,
    0x01, 0x07, 0x00, 0x44, 0x01, 0x24, 0x01, 0x42, 0x00, 0x0B, 0xB6, 0x02, 0x22, 0x0A, 0x01, 0x01,
    0x6C, 0x56, 0x00, 0x2B, 0x34, 0x00, 0xFF, 0xFF, 0x00, 0x68, 0xFF, 0xEC, 0x05, 0x35, 0x05, 0xEB,
    0x02, 0x26, 0x00, 0x9B, 0x00, 0x00, 0x01, 0x07, 0x00, 0x44, 0x00, 0x98, 0xFF, 0xEB, 0x00, 0x0B,
    0xB6, 0x03, 0x28, 0x1B, 0x01, 0x01, 0x8B, 0x56, 0x00, 0x2B, 0x34, 0x00, 0xFF, 0xFF, 0x00, 0x75,
    0xFF, 0xEC, 0x06, 0x53, 0x07, 0xC5, 0x02, 0x26, 0x00, 0x9A, 0x00, 0x00, 0x01, 0x07, 0x00, 0xAB,
    0x05, 0x2D, 0x01, 0x41, 0x00, 0x0B, 0xB6, 0x02, 0x21, 0x0A, 0x01, 0x01, 0x7C, 0x56, 0x00, 0x2B,
    0x34, 0x00, 0xFF, 0xFF, 0x00, 0x68, 0xFF, 0xEC, 0x05, 0x35, 0x06, 0x6E, 0x02, 0x26, 0x00, 0x9B,
    0x00, 0x00, 0x01, 0x07, 0x00, 0xAB, 0x04, 0xA2, 0xFF, 0xEA, 0x00, 0x0B, 0xB6, 0x03, 0x27, 0x1B,
    0x01, 0x01, 0x9B, 0x56, 0x00, 0x2B, 0x34, 0x00, 0xFF, 0xFF, 0x00, 0x75, 0xFF, 0xEC, 0x06, 0x53,
    0x07, 0x3D, 0x02, 0x26, 0x00, 0x9A, 0x00, 0x00, 0x01, 0x07, 0x00, 0xA5, 0x00, 0xDF, 0x01, 0x40,
    0x00, 0x0B, 0xB6, 0x02, 0x2E, 0x15, 0x01, 0x01, 0x76, 0x56, 0x00, 0x2B, 0x34, 0x00, 0xFF, 0xFF,
    0x00, 0x68, 0xFF, 0xEC, 0x05, 0x35, 0x05, 0xE6, 0x02, 0x26, 0x00, 0x9B, 0x00, 0x00, 0x01, 0x06,
    0x00, 0xA5, 0x54, 0xE9, 0x00, 0x0B, 0xB6, 0x03, 0x34, 0x1B, 0x01, 0x01, 0x95, 0x56, 0x00, 0x2B,
    0x34, 0x00, 0xFF, 0xFF, 0x00, 0x75, 0xFE, 0x85, 0x06, 0x53, 0x06, 0x01, 0x02, 0x26, 0x00, 0x9A,
    0x00, 0x00, 0x01, 0x07, 0x00, 0xAD, 0x05, 0x21, 0xFF, 0xF6, 0x00, 0x0E, 0xB4, 0x02, 0x23, 0x10,
    0x01, 0x01, 0xB8, 0xFF, 0x80, 0xB0, 0x56, 0x00, 0x2B, 0x34, 0xFF, 0xFF, 0x00, 0x68, 0xFE, 0x8E,
    0x05, 0x35, 0x04, 0x99, 0x02, 0x26, 0x00, 0x9B, 0x00, 0x00, 0x01, 0x07, 0x00, 0xAD, 0x04, 0x93,
    0x00, 0x00, 0x00, 0x0E, 0xB4, 0x03, 0x29, 0x15, 0x01, 0x01, 0xB8, 0xFF, 0x89, 0xB0, 0x56, 0x00,
    0x2B, 0x34, 0xFF, 0xFF, 0x00, 0x02, 0xFE, 0xAF, 0x04, 0xF1, 0x05, 0xB0, 0x02, 0x26, 0x00, 0x3D,
    0x00, 0x00, 0x01, 0x07, 0x00, 0xAD, 0x04, 0xCF, 0x00, 0x20, 0x00, 0x0E, 0xB4, 0x01, 0x0C, 0x06,
    0x01, 0x01, 0xB8, 0xFF, 0x76, 0xB0, 0x56, 0x00, 0x2B, 0x34, 0xFF, 0xFF, 0x00, 0x04, 0xFE, 0x1D,
    0x04, 0x05, 0x04, 0x3A, 0x02, 0x26, 0x00, 0x5D, 0x00, 0x00, 0x01, 0x07, 0x00, 0xAD, 0x05, 0x76,
    0xFF, 0x8F, 0x00, 0x0E, 0xB4, 0x02, 0x22, 0x08, 0x00, 0x00, 0xB8, 0xFF, 0xB9, 0xB0, 0x56, 0x00,
    0x2B, 0x34, 0xFF, 0xFF, 0x00, 0x02, 0x00, 0x00, 0x04, 0xF1, 0x07, 0xB9, 0x02, 0x26, 0x00, 0x3D,
    0x00, 0x00, 0x01, 0x07, 0x00, 0xAB, 0x04, 0xDD, 0x01, 0x35, 0x00, 0x0B, 0xB6, 0x01, 0x0A, 0x02,
    0x01, 0x01, 0x70, 0x56, 0x00, 0x2B, 0x34, 0x00, 0xFF, 0xFF, 0x00, 0x04, 0xFE, 0x4B, 0x04, 0x05,
    0x06, 0x83, 0x02, 0x26, 0x00, 0x5D, 0x00, 0x00, 0x01, 0x07, 0x00, 0xAB, 0x04, 0x6B, 0xFF, 0xFF,
    0x00, 0x0B, 0xB6, 0x02, 0x1A, 0x01, 0x01, 0x01, 0xB0, 0x56, 0x00, 0x2B, 0x34, 0x00, 0xFF, 0xFF,
    0x00, 0x02, 0x00, 0x00, 0x04, 0xF1, 0x07, 0x31, 0x02, 0x26, 0x00, 0x3D, 0x00, 0x00, 0x01, 0x07,
    0x00, 0xA5, 0x00, 0x8F, 0x01, 0x34, 0x00, 0x0B, 0xB6, 0x01, 0x17, 0x08, 0x01, 0x01, 0x6A, 0x56,
    0x00, 0x2B, 0x34, 0x00, 0xFF, 0xFF, 0x00, 0x04, 0xFE, 0x4B, 0x04, 0x05, 0x05, 0xFB, 0x02, 0x26,
    0x00, 0x5D, 0x00, 0x00, 0x01, 0x06, 0x00, 0xA5, 0x1D, 0xFE, 0x00, 0x0B, 0xB6, 0x02, 0x27, 0x18,
    0x01, 0x01, 0xAA, 0x56, 0x00, 0x2B, 0x34, 0x00, 0xFF, 0xFF, 0x00, 0x43, 0xFE, 0x99, 0x04, 0xAC,
    0x06, 0x00, 0x00, 0x26, 0x00, 0x48, 0x00, 0x00, 0x00, 0x27, 0x01, 0xE7, 0x01, 0x64, 0x02, 0x3A,
    0x01, 0x07, 0x00, 0x43, 0x00, 0x93, 0xFF, 0x74, 0x00, 0x17, 0xB4, 0x04, 0x37, 0x16, 0x01, 0x01,
    0xB8, 0xFF, 0x77, 0xB7, 0x56, 0x03, 0x32, 0x0B, 0x01, 0x01, 0x83, 0x56, 0x00, 0x2B, 0x34, 0x2B,
    0x34, 0x00, 0xFF, 0xFF, 0x00, 0x29, 0xFE, 0x9B, 0x04, 0xCD, 0x05, 0xB0, 0x02, 0x26, 0x00, 0x38,
    0x00, 0x00, 0x01, 0x07, 0x01, 0xFB, 0x02, 0x4A, 0x00, 0x00, 0x00, 0x0B, 0xB6, 0x02, 0x0B, 0x02,
    0x00, 0x00, 0x9A, 0x56, 0x00, 0x2B, 0x34, 0x00, 0xFF, 0xFF, 0x00, 0x1F, 0xFE, 0x9B, 0x03, 0xF3,
    0x04, 0x3A, 0x02, 0x26, 0x00, 0xF6, 0x00, 0x00, 0x01, 0x07, 0x01, 0xFB, 0x01, 0xF4, 0x00, 0x00,
    0x00, 0x0B, 0xB6, 0x02, 0x0B, 0x02, 0x00, 0x00, 0x9A, 0x56, 0x00, 0x2B, 0x34, 0x00, 0xFF, 0xFF,
    0x00, 0x8B, 0xFE, 0x9B, 0x05, 0x0C, 0x05, 0xB0, 0x02, 0x26, 0x00, 0xE1, 0x00, 0x00, 0x01, 0x07,
    0x01, 0xFB, 0x02, 0xA5, 0x00, 0x00, 0x00, 0x0B, 0xB6, 0x02, 0x1D, 0x19, 0x01, 0x00, 0x9A, 0x56,
    0x00, 0x2B, 0x34, 0x00, 0xFF, 0xFF, 0x00, 0x58, 0xFE, 0x9B, 0x04, 0x00, 0x04, 0x3B, 0x02, 0x26,
    0x00, 0xF9, 0x00, 0x00, 0x01, 0x07, 0x01, 0xFB, 0x01, 0x9F, 0x00, 0x00, 0x00, 0x0B, 0xB6, 0x02,
    0x1B, 0x02, 0x01, 0x00, 0x9A, 0x56, 0x00, 0x2B, 0x34, 0x00, 0xFF, 0xFF, 0x00, 0x83, 0xFE, 0x9B,
    0x04, 0x3E, 0x05, 0xB0, 0x02, 0x26, 0x00, 0xB1, 0x00, 0x00, 0x01, 0x07, 0x01, 0xFB, 0x01, 0x06,
    0x00, 0x00, 0x00, 0x0B, 0xB6, 0x01, 0x09, 0x04, 0x00, 0x00, 0x9A, 0x56, 0x00, 0x2B, 0x34, 0x00,
    0xFF, 0xFF, 0x00, 0x6E, 0xFE, 0x9B, 0x03, 0x50, 0x04, 0x3A, 0x02, 0x26, 0x00, 0xEC, 0x00, 0x00,
    0x01, 0x07, 0x01, 0xFB, 0x00, 0xEB, 0x00, 0x00, 0x00, 0x0B, 0xB6, 0x01, 0x09, 0x04, 0x00, 0x00,
    0x9A, 0x56, 0x00, 0x2B, 0x34, 0x00, 0xFF, 0xFF, 0xFF, 0xDE, 0xFE, 0x2A, 0x05, 0xAC, 0x05, 0xC4,
    0x02, 0x26, 0x01, 0x4C, 0x00, 0x00, 0x01, 0x07, 0x01, 0xFB, 0x02, 0xBD, 0xFF, 0x8F, 0x00, 0x0B,
    0xB6, 0x02, 0x3A, 0x0A, 0x00, 0x00, 0x6B, 0x56, 0x00, 0x2B, 0x34, 0x00, 0xFF, 0xFF, 0xFF, 0xBC,
    0xFE, 0x34, 0x04, 0xB5, 0x04, 0x4E, 0x02, 0x26, 0x01, 0x4D, 0x00, 0x00, 0x01, 0x07, 0x01, 0xFB,
    0x01, 0xE1, 0xFF, 0x99, 0x00, 0x0B, 0xB6, 0x02, 0x39, 0x09, 0x00, 0x00, 0x6B, 0x56, 0x00, 0x2B,
    0x34, 0x00, 0xFF, 0xFF, 0x00, 0x69, 0x00, 0x00, 0x04, 0x11, 0x06, 0x00, 0x02, 0x06, 0x00, 0x4C,
    0x00, 0x00, 0x00, 0x02, 0xFF, 0xD9, 0x00, 0x00, 0x04, 0xC2, 0x05, 0xB0, 0x00, 0x18, 0x00, 0x1C,
    0x00, 0x1A, 0x40, 0x0C, 0x1C, 0x1B, 0x18, 0x00, 0x00, 0x0B, 0x0C, 0x02, 0x72, 0x0E, 0x0B, 0x08,
    0x00, 0x3F, 0x33, 0x2B, 0x12, 0x39, 0x2F, 0x33, 0xCC, 0x32, 0x30, 0x31, 0x01, 0x21, 0x32, 0x16,
    0x16, 0x15, 0x14, 0x0E, 0x02, 0x23, 0x21, 0x11, 0x21, 0x11, 0x33, 0x32, 0x36, 0x36, 0x35, 0x34,
    0x26, 0x26, 0x23, 0x21, 0x01, 0x15, 0x21, 0x35, 0x01, 0x44, 0x01, 0x54, 0xAC, 0xF8, 0x86, 0x4C,
    0x91, 0xCC, 0x81, 0xFD, 0xE8, 0x01, 0x2D, 0xEB, 0x56, 0x70, 0x39, 0x39, 0x70, 0x56, 0xFE, 0xAC,
    0x01, 0x52, 0xFD, 0x43, 0x03, 0x9D, 0x72, 0xCE, 0x89, 0x68, 0xAB, 0x7D, 0x44, 0x05, 0xB0, 0xFB,
    0x3A, 0x40, 0x6B, 0x41, 0x3E, 0x65, 0x3A, 0x02, 0x42, 0xB2, 0xB2, 0x00, 0x00, 0x02, 0xFF, 0xD9,
    0x00, 0x00, 0x04, 0xC2, 0x05, 0xB0, 0x00, 0x18, 0x00, 0x1C, 0x00, 0x19, 0x40, 0x0B, 0x1C, 0x1B,
    0x18, 0x00, 0x00, 0x0B, 0x0C, 0x02, 0x0E, 0x0B, 0x08, 0x00, 0x3F, 0x33, 0x3F, 0x12, 0x39, 0x2F,
    0x33, 0xCC, 0x32, 0x30, 0x31, 0x01, 0x21, 0x32, 0x16, 0x16, 0x15, 0x14, 0x0E, 0x02, 0x23, 0x21,
    0x11, 0x21, 0x11, 0x33, 0x32, 0x36, 0x36, 0x35, 0x34, 0x26, 0x26, 0x23, 0x21, 0x01, 0x15, 0x21,
    0x35, 0x01, 0x44, 0x01, 0x54, 0xAC, 0xF8, 0x86, 0x4C, 0x91, 0xCC, 0x81, 0xFD, 0xE8, 0x01, 0x2D,
    0xEB, 0x56, 0x70, 0x39, 0x39, 0x70, 0x56, 0xFE, 0xAC, 0x01, 0x52, 0xFD, 0x43, 0x03, 0x9D, 0x72,
    0xCE, 0x89, 0x68, 0xAB, 0x7D, 0x44, 0x05, 0xB0, 0xFB, 0x3A, 0x40, 0x6B, 0x41, 0x3E, 0x65, 0x3A,
    0x02, 0x42, 0xB2, 0xB2, 0x00, 0x02, 0xFF, 0xE7, 0x00, 0x00, 0x04, 0x3E, 0x05, 0xB0, 0x00, 0x05,
    0x00, 0x09, 0x00, 0x16, 0x40, 0x0A, 0x06, 0x07, 0x07, 0x04, 0x02, 0x05, 0x02, 0x72, 0x04, 0x08,
    0x00, 0x3F, 0x2B, 0x32, 0x12, 0x39, 0x2F, 0x33, 0x30, 0x31, 0x01, 0x15, 0x21, 0x11, 0x21, 0x11,
    0x01, 0x15, 0x21, 0x35, 0x04, 0x3E, 0xFD, 0x70, 0xFE, 0xD5, 0x02, 0x21, 0xFD, 0x43, 0x05, 0xB0,
    0xEB, 0xFB, 0x3B, 0x05, 0xB0, 0xFD, 0x9B, 0xB2, 0xB2, 0x00, 0x00, 0x02, 0xFF, 0xC5, 0x00, 0x00,
    0x03, 0x50, 0x04, 0x3A, 0x00, 0x05, 0x00, 0x09, 0x00, 0x16, 0x40, 0x0A, 0x09, 0x08, 0x08, 0x04,
    0x02, 0x05, 0x06, 0x72, 0x04, 0x0A, 0x00, 0x3F, 0x2B, 0x32, 0x12, 0x39, 0x2F, 0x33, 0x30, 0x31,
    0x01, 0x15, 0x21, 0x11, 0x21, 0x11, 0x01, 0x15, 0x21, 0x35, 0x03, 0x50, 0xFE, 0x3E, 0xFE, 0xE0,
    0x02, 0x13, 0xFD, 0x44, 0x04, 0x3A, 0xE2, 0xFC, 0xA8, 0x04, 0x3A, 0xFE, 0x41, 0xB3, 0xB3, 0x00,
    0x00, 0x04, 0xFF, 0xDE, 0x00, 0x00, 0x05, 0x4C, 0x05, 0xB0, 0x00, 0x03, 0x00, 0x09, 0x00, 0x0D,
    0x00, 0x11, 0x00, 0x2B, 0x40, 0x15, 0x0C, 0x0B, 0x0B, 0x07, 0x07, 0x06, 0x10, 0x11, 0x06, 0x11,
    0x06, 0x11, 0x02, 0x09, 0x03, 0x02, 0x72, 0x0A, 0x02, 0x08, 0x72, 0x00, 0x2B, 0x32, 0x2B, 0x32,
    0x11, 0x39, 0x39, 0x2F, 0x2F, 0x11, 0x33, 0x11, 0x33, 0x12, 0x39, 0x11, 0x33, 0x30, 0x31, 0x01,
    0x11, 0x21, 0x11, 0x21, 0x01, 0x21, 0x03, 0x33, 0x01, 0x13, 0x01, 0x37, 0x01, 0x01, 0x15, 0x21,
    0x35, 0x01, 0xC3, 0xFE, 0xD4, 0x04, 0x86, 0xFD, 0xD2, 0xFE, 0x91, 0x26, 0xF5, 0x01, 0x62, 0x37,
    0xFE, 0x68, 0xD0, 0x02, 0x2C, 0xFD, 0x4F, 0xFD, 0x43, 0x05, 0xB0, 0xFA, 0x50, 0x05, 0xB0, 0xFC,
    0xA9, 0x01, 0x0B, 0x02, 0x4C, 0xFA, 0x50, 0x02, 0x8B, 0xD6, 0xFC, 0x9F, 0x04, 0xFB, 0xB2, 0xB2,
    0x00, 0x04, 0xFF, 0xC0, 0x00, 0x00, 0x04, 0x61, 0x06, 0x00, 0x00, 0x03, 0x00, 0x09, 0x00, 0x0D,
    0x00, 0x11, 0x00, 0x2D, 0x40, 0x17, 0x04, 0x06, 0x72, 0x0C, 0x0B, 0x0B, 0x07, 0x07, 0x06, 0x10,
    0x11, 0x06, 0x11, 0x06, 0x11, 0x02, 0x03, 0x00, 0x72, 0x0A, 0x02, 0x0A, 0x72, 0x00, 0x2B, 0x32,
    0x2B, 0x11, 0x39, 0x39, 0x2F, 0x2F, 0x11, 0x33, 0x11, 0x33, 0x12, 0x39, 0x11, 0x33, 0x2B, 0x30,
    0x31, 0x01, 0x11, 0x21, 0x11, 0x01, 0x01, 0x21, 0x27, 0x21, 0x13, 0x13, 0x01, 0x37, 0x01, 0x01,
    0x15, 0x21, 0x35, 0x01, 0xA5, 0xFE, 0xE0, 0x03, 0xB7, 0xFE, 0x49, 0xFE, 0xD3, 0x6C, 0x01, 0x08,
    0xFA, 0x27, 0xFE, 0xCB, 0xD0, 0x01, 0xB1, 0xFE, 0x1C, 0xFD, 0x43, 0x06, 0x00, 0xFA, 0x00, 0x06,
    0x00, 0xFE, 0x3A, 0xFD, 0x8B, 0xDE, 0x01, 0x97, 0xFB, 0xC6, 0x01, 0xF4, 0xAD, 0xFD, 0x5F, 0x05,
    0x6C, 0xB2, 0xB2, 0x00, 0x00, 0x02, 0x00, 0x02, 0x00, 0x00, 0x04, 0xF1, 0x05, 0xB0, 0x00, 0x08,
    0x00, 0x0C, 0x00, 0x1D, 0x40, 0x0F, 0x0C, 0x01, 0x04, 0x07, 0x03, 0x0B, 0x0B, 0x06, 0x03, 0x08,
    0x02, 0x72, 0x06, 0x08, 0x72, 0x00, 0x2B, 0x2B, 0x32, 0x11, 0x39, 0x2F, 0x17, 0x39, 0x33, 0x30,
    0x31, 0x09, 0x02, 0x21, 0x01, 0x11, 0x21, 0x11, 0x01, 0x01, 0x15, 0x21, 0x35, 0x01, 0x4A, 0x01,
    0x30, 0x01, 0x30, 0x01, 0x47, 0xFE, 0x21, 0xFE, 0xD0, 0xFE, 0x20, 0x03, 0xDF, 0xFD, 0x43, 0x05,
    0xB0, 0xFD, 0x68, 0x02, 0x98, 0xFC, 0x62, 0xFD, 0xEE, 0x02, 0x12, 0x03, 0x9E, 0xFD, 0x06, 0xB3,
    0xB3, 0x00, 0x00, 0x04, 0x00, 0x10, 0xFE, 0x5F, 0x04, 0x06, 0x04, 0x3A, 0x00, 0x03, 0x00, 0x08,
    0x00, 0x0D, 0x00, 0x11, 0x00, 0x17, 0x40, 0x0B, 0x11, 0x10, 0x10, 0x02, 0x05, 0x0D, 0x06, 0x72,
    0x02, 0x0E, 0x72, 0x00, 0x2B, 0x2B, 0x32, 0x12, 0x39, 0x2F, 0x33, 0x30, 0x31, 0x25, 0x11, 0x21,
    0x11, 0x37, 0x13, 0x21, 0x01, 0x23, 0x03, 0x13, 0x13, 0x23, 0x01, 0x01, 0x15, 0x21, 0x35, 0x02,
    0x9A, 0xFE, 0xE0, 0x82, 0xDC, 0x01, 0x2E, 0xFE, 0x90, 0xC3, 0x95, 0xE6, 0x1E, 0xC2, 0xFE, 0x90,
    0x03, 0x60, 0xFD, 0x43, 0x5A, 0xFE, 0x05, 0x01, 0xFB, 0xAE, 0x03, 0x32, 0xFB, 0xC6, 0x04, 0x3A,
    0xFC, 0xC8, 0xFE, 0xFE, 0x04, 0x3A, 0xFC, 0x82, 0xB2, 0xB2, 0x00, 0x02, 0x00, 0x15, 0x00, 0x00,
    0x04, 0xFF, 0x05, 0xB0, 0x00, 0x0B, 0x00, 0x0F, 0x00, 0x1F, 0x40, 0x0F, 0x0F, 0x07, 0x05, 0x01,
    0x04, 0x0A, 0x03, 0x0E, 0x0E, 0x09, 0x05, 0x03, 0x00, 0x02, 0x72, 0x00, 0x2B, 0x32, 0x2F, 0x33,
    0x39, 0x2F, 0x17, 0x39, 0x12, 0x39, 0x33, 0x30, 0x31, 0x09, 0x02, 0x21, 0x01, 0x01, 0x21, 0x01,
    0x01, 0x21, 0x09, 0x02, 0x15, 0x21, 0x35, 0x01, 0x79, 0x01, 0x12, 0x01, 0x12, 0x01, 0x57, 0xFE,
    0x59, 0x01, 0xB2, 0xFE, 0xA6, 0xFE, 0xE6, 0xFE, 0xE6, 0xFE, 0xA4, 0x01, 0xB3, 0xFE, 0x58, 0x03,
    0xCC, 0xFD, 0x43, 0x05, 0xB0, 0xFE, 0x04, 0x01, 0xFC, 0xFD, 0x2E, 0xFD, 0x22, 0x02, 0x06, 0xFD,
    0xFA, 0x02, 0xDE, 0x02, 0xD2, 0xFD, 0x93, 0xB2, 0xB2, 0x00, 0x00, 0x02, 0x00, 0x16, 0x00, 0x00,
    0x04, 0x04, 0x04, 0x3A, 0x00, 0x0B, 0x00, 0x0F, 0x00, 0x1F, 0x40, 0x0F, 0x0F, 0x07, 0x05, 0x01,
    0x0A, 0x04, 0x03, 0x0E, 0x0E, 0x09, 0x05, 0x03, 0x00, 0x06, 0x72, 0x00, 0x2B, 0x32, 0x2F, 0x33,
    0x39, 0x2F, 0x17, 0x39, 0x12, 0x39, 0x33, 0x30, 0x31, 0x01, 0x13, 0x13, 0x21, 0x01, 0x01, 0x21,
    0x03, 0x03, 0x21, 0x09, 0x02, 0x15, 0x21, 0x35, 0x01, 0x58, 0xB3, 0xB8, 0x01, 0x33, 0xFE, 0xCE,
    0x01, 0x40, 0xFE, 0xCC, 0xC3, 0xC3, 0xFE, 0xCC, 0x01, 0x40, 0xFE, 0xCE, 0x03, 0x4D, 0xFD, 0x43,
    0x04, 0x3A, 0xFE, 0xB7, 0x01, 0x49, 0xFD, 0xEF, 0xFD, 0xD7, 0x01, 0x5C, 0xFE, 0xA4, 0x02, 0x29,
    0x02, 0x11, 0xFE, 0x4B, 0xB3, 0xB3, 0xFF, 0xFF, 0x00, 0x60, 0xFF, 0xEC, 0x04, 0x32, 0x04, 0x4D,
    0x02, 0x06, 0x00, 0xBF, 0x00, 0x00, 0xFF, 0xFF, 0xFF, 0xF2, 0x00, 0x00, 0x04, 0x38, 0x05, 0xB0,
    0x02, 0x26, 0x00, 0x2A, 0x00, 0x00, 0x01, 0x07, 0x01, 0xE7, 0xFF, 0x67, 0xFE, 0x52, 0x00, 0x0E,
    0xB4, 0x03, 0x0E, 0x02, 0x02, 0x00, 0xB8, 0x01, 0x08, 0xB0, 0x56, 0x00, 0x2B, 0x34, 0xFF, 0xFF,
    0x00, 0x69, 0x02, 0x5A, 0x05, 0xD0, 0x03, 0x3D, 0x02, 0x06, 0x01, 0x83, 0x00, 0x00, 0xFF, 0xFF,
    0x00, 0x47, 0x00, 0x00, 0x04, 0x48, 0x05, 0xC5, 0x02, 0x06, 0x00, 0x16, 0x00, 0x00, 0xFF, 0xFF,
    0x00, 0x3F, 0xFF, 0xEC, 0x04, 0x36, 0x05, 0xC5, 0x02, 0x06, 0x00, 0x17, 0x00, 0x00, 0xFF, 0xFF,
    0x00, 0x39, 0x00, 0x00, 0x04, 0x60, 0x05, 0xB0, 0x02, 0x06, 0x00, 0x18, 0x00, 0x00, 0xFF, 0xFF,
    0x00, 0x69, 0xFF, 0xEC, 0x04, 0x42, 0x05, 0xB0, 0x02, 0x06, 0x00, 0x19, 0x00, 0x00, 0xFF, 0xFF,
    0x00, 0x78, 0xFF, 0xEC, 0x04, 0x64, 0x05, 0xBF, 0x00, 0x06, 0x00, 0x1A, 0x14, 0x00, 0xFF, 0xFF,
    0x00, 0x72, 0xFF, 0xEC, 0x04, 0x4D, 0x05, 0xC5, 0x00, 0x06, 0x00, 0x1C, 0x14, 0x00, 0xFF, 0xFF,
    0x00, 0x56, 0xFF, 0xF2, 0x04, 0x2E, 0x05, 0xC5, 0x00, 0x06, 0x00, 0x1D, 0x00, 0x00, 0xFF, 0xFF,
    0x00, 0x73, 0xFF, 0xEC, 0x04, 0x4C, 0x05, 0xC4, 0x00, 0x06, 0x00, 0x14, 0x14, 0x00, 0xFF, 0xFF,
    0x00, 0x5F, 0xFF, 0xEC, 0x05, 0x04, 0x07, 0x41, 0x02, 0x26, 0x00, 0x2B, 0x00, 0x00, 0x01, 0x07,
    0x00, 0x75, 0x01, 0xCC, 0x01, 0x41, 0x00, 0x0B, 0xB6, 0x01, 0x2C, 0x10, 0x01, 0x01, 0x6D, 0x56,
    0x00, 0x2B, 0x34, 0x00, 0xFF, 0xFF, 0x00, 0x45, 0xFE, 0x56, 0x04, 0x22, 0x06, 0x00, 0x02, 0x26,
    0x00, 0x4B, 0x00, 0x00, 0x01, 0x07, 0x00, 0x75, 0x01, 0x3D, 0x00, 0x00, 0x00, 0x0B, 0xB6, 0x03,
    0x3F, 0x1A, 0x01, 0x01, 0x8C, 0x56, 0x00, 0x2B, 0x34, 0x00, 0xFF, 0xFF, 0x00, 0x82, 0x00, 0x00,
    0x05, 0x23, 0x07, 0x36, 0x02, 0x26, 0x00, 0x32, 0x00, 0x00, 0x01, 0x07, 0x00, 0x44, 0x01, 0x2E,
    0x01, 0x36, 0x00, 0x0B, 0xB6, 0x01, 0x0C, 0x09, 0x01, 0x01, 0x61, 0x56, 0x00, 0x2B, 0x34, 0x00,
    0xFF, 0xFF, 0x00, 0x6A, 0x00, 0x00, 0x04, 0x11, 0x06, 0x00, 0x02, 0x26, 0x00, 0x52, 0x00, 0x00,
    0x01, 0x07, 0x00, 0x44, 0x00, 0x99, 0x00, 0x00, 0x00, 0x0B, 0xB6, 0x02, 0x1E, 0x03, 0x01, 0x01,
    0xA0, 0x56, 0x00, 0x2B, 0x34, 0x00, 0xFF, 0xFF, 0x00, 0x07, 0x00, 0x00, 0x05, 0x5B, 0x07, 0x23,
    0x02, 0x26, 0x00, 0x25, 0x00, 0x00, 0x01, 0x07, 0x00, 0xAC, 0x04, 0x87, 0x01, 0x35, 0x00, 0x0D,
    0xB7, 0x04, 0x03, 0x0E, 0x03, 0x01, 0x01, 0x66, 0x56, 0x00, 0x2B, 0x34, 0x34, 0x00, 0xFF, 0xFF,
    0xFF, 0xE9, 0xFF, 0xEC, 0x04, 0x05, 0x05, 0xEC, 0x02, 0x26, 0x00, 0x45, 0x00, 0x00, 0x01, 0x07,
    0x00, 0xAC, 0x03, 0xFB, 0xFF, 0xFE, 0x00, 0x0D, 0xB7, 0x03, 0x02, 0x3C, 0x0F, 0x01, 0x01, 0x91,
    0x56, 0x00, 0x2B, 0x34, 0x34, 0x00, 0xFF, 0xFF, 0x00, 0x3F, 0x00, 0x00, 0x04, 0x53, 0x07, 0x26,
    0x02, 0x26, 0x00, 0x29, 0x00, 0x00, 0x01, 0x07, 0x00, 0xAC, 0x04, 0x51, 0x01, 0x38, 0x00, 0x0D,
    0xB7, 0x05, 0x04, 0x11, 0x07, 0x01, 0x01, 0x71, 0x56, 0x00, 0x2B, 0x34, 0x34, 0x00, 0xFF, 0xFF,
    0xFF, 0xE3, 0xFF, 0xEC, 0x04, 0x1E, 0x05, 0xED, 0x02, 0x26, 0x00, 0x49, 0x00, 0x00, 0x01, 0x07,
    0x00, 0xAC, 0x03, 0xF5, 0xFF, 0xFF, 0x00, 0x0D, 0xB7, 0x02, 0x01, 0x2D, 0x0B, 0x01, 0x01, 0x91,
    0x56, 0x00, 0x2B, 0x34, 0x34, 0x00, 0xFF, 0xFF, 0xFE, 0xEE, 0x00, 0x00, 0x02, 0x54, 0x07, 0x26,
    0x02, 0x26, 0x00, 0x2D, 0x00, 0x00, 0x01, 0x07, 0x00, 0xAC, 0x03, 0x00, 0x01, 0x38, 0x00, 0x0D,
    0xB7, 0x02, 0x01, 0x05, 0x03, 0x01, 0x01, 0x71, 0x56, 0x00, 0x2B, 0x34, 0x34, 0x00, 0xFF, 0xFF,
    0xFE, 0xDB, 0x00, 0x00, 0x02, 0x41, 0x05, 0xDE, 0x02, 0x26, 0x00, 0x8D, 0x00, 0x00, 0x01, 0x07,
    0x00, 0xAC, 0x02, 0xED, 0xFF, 0xF0, 0x00, 0x0D, 0xB7, 0x02, 0x01, 0x05, 0x03, 0x01, 0x01, 0xA3,
    0x56, 0x00, 0x2B, 0x34, 0x34, 0x00, 0xFF, 0xFF, 0x00, 0x56, 0xFF, 0xEC, 0x05, 0x2E, 0x07, 0x23,
    0x02, 0x26, 0x00, 0x33, 0x00, 0x00, 0x01, 0x07, 0x00, 0xAC, 0x04, 0x96, 0x01, 0x35, 0x00, 0x0D,
    0xB7, 0x03, 0x02, 0x2D, 0x11, 0x01, 0x01, 0x54, 0x56, 0x00, 0x2B, 0x34, 0x34, 0x00, 0xFF, 0xFF,
    0x00, 0x03, 0xFF, 0xEC, 0x04, 0x43, 0x05, 0xEC, 0x02, 0x26, 0x00, 0x53, 0x00, 0x00, 0x01, 0x07,
    0x00, 0xAC, 0x04, 0x15, 0xFF, 0xFE, 0x00, 0x0D, 0xB7, 0x03, 0x02, 0x2D, 0x06, 0x01, 0x01, 0x91,
    0x56, 0x00, 0x2B, 0x34, 0x34, 0x00, 0xFF, 0xFF, 0x00, 0x19, 0x00, 0x00, 0x04, 0xF1, 0x07, 0x23,
    0x02, 0x26, 0x00, 0x36, 0x00, 0x00, 0x01, 0x07, 0x00, 0xAC, 0x04, 0x2B, 0x01, 0x35, 0x00, 0x0D,
    0xB7, 0x03, 0x02, 0x1F, 0x00, 0x01, 0x01, 0x66, 0x56, 0x00, 0x2B, 0x34, 0x34, 0x00, 0xFF, 0xFF,
    0xFF, 0x5F, 0x00, 0x00, 0x02, 0xD6, 0x05, 0xEC, 0x02, 0x26, 0x00, 0x56, 0x00, 0x00, 0x01, 0x07,
    0x00, 0xAC, 0x03, 0x71, 0xFF, 0xFE, 0x00, 0x0D, 0xB7, 0x03, 0x02, 0x18, 0x03, 0x01, 0x01, 0xA5,
    0x56, 0x00, 0x2B, 0x34, 0x34, 0x00, 0xFF, 0xFF, 0x00, 0x63, 0xFF, 0xEC, 0x04, 0xD1, 0x07, 0x23,
    0x02, 0x26, 0x00, 0x39, 0x00, 0x00, 0x01, 0x07, 0x00, 0xAC, 0x04, 0x75, 0x01, 0x35, 0x00, 0x0D,
    0xB7, 0x02, 0x01, 0x17, 0x0B, 0x01, 0x01, 0x66, 0x56, 0x00, 0x2B, 0x34, 0x34, 0x00, 0xFF, 0xFF,
    0x00, 0x00, 0xFF, 0xEC, 0x04, 0x10, 0x05, 0xEC, 0x02, 0x26, 0x00, 0x59, 0x00, 0x00, 0x01, 0x07,
    0x00, 0xAC, 0x04, 0x12, 0xFF, 0xFE, 0x00, 0x0D, 0xB7, 0x03, 0x02, 0x1D, 0x11, 0x01, 0x01, 0xA5,
    0x56, 0x00, 0x2B, 0x34, 0x34, 0x00, 0xFF, 0xFF, 0xFE, 0xE5, 0x00, 0x00, 0x05, 0x41, 0x06, 0x40,
    0x00, 0x26, 0x00, 0xD0, 0x64, 0x00, 0x00, 0x07, 0x00, 0xAE, 0xFE, 0x07, 0xFF, 0xFF, 0xFF, 0xFF,
    0x00, 0x82, 0xFE, 0x98, 0x04, 0xBD, 0x05, 0xB0, 0x02, 0x26, 0x00, 0x26, 0x00, 0x00, 0x01, 0x07,
    0x00, 0xAD, 0x04, 0xAD, 0x00, 0x0A, 0x00, 0x0E, 0xB4, 0x02, 0x34, 0x1B, 0x01, 0x01, 0xB8, 0xFF,
    0x7F, 0xB0, 0x56, 0x00, 0x2B, 0x34, 0xFF, 0xFF, 0x00, 0x70, 0xFE, 0x84, 0x04, 0x3D, 0x06, 0x00,
    0x02, 0x26, 0x00, 0x46, 0x00, 0x00, 0x01, 0x07, 0x00, 0xAD, 0x04, 0xEB, 0xFF, 0xF6, 0x00, 0x0E,
    0xB4, 0x03, 0x33, 0x04, 0x01, 0x01, 0xB8, 0xFF, 0x6B, 0xB0, 0x56, 0x00, 0x2B, 0x34, 0xFF, 0xFF,
    0x00, 0x82, 0xFE, 0x98, 0x04, 0xDC, 0x05, 0xB0, 0x02, 0x26, 0x00, 0x28, 0x00, 0x00, 0x01, 0x07,
    0x00, 0xAD, 0x04, 0x62, 0x00, 0x0A, 0x00, 0x0E, 0xB4, 0x02, 0x22, 0x1D, 0x01, 0x01, 0xB8, 0xFF,
    0x7F, 0xB0, 0x56, 0x00, 0x2B, 0x34, 0xFF, 0xFF, 0x00, 0x43, 0xFE, 0x8E, 0x04, 0x11, 0x06, 0x00,
    0x02, 0x26, 0x00, 0x48, 0x00, 0x00, 0x01, 0x07, 0x00, 0xAD, 0x04, 0xA2, 0x00, 0x00, 0x00, 0x0E,
    0xB4, 0x03, 0x33, 0x16, 0x01, 0x01, 0xB8, 0xFF, 0x89, 0xB0, 0x56, 0x00, 0x2B, 0x34, 0xFF, 0xFF,
    0x00, 0x82, 0xFE, 0x06, 0x04, 0xDC, 0x05, 0xB0, 0x02, 0x26, 0x00, 0x28, 0x00, 0x00, 0x01, 0x07,
    0x01, 0xD5, 0x01, 0x24, 0xFE, 0x9D, 0x00, 0x0E, 0xB4, 0x02, 0x28, 0x1D, 0x01, 0x01, 0xB8, 0xFF,
    0x97, 0xB0, 0x56, 0x00, 0x2B, 0x34, 0xFF, 0xFF, 0x00, 0x43, 0xFD, 0xFC, 0x04, 0x11, 0x06, 0x00,
    0x02, 0x26, 0x00, 0x48, 0x00, 0x00, 0x01, 0x07, 0x01, 0xD5, 0x01, 0x64, 0xFE, 0x93, 0x00, 0x0E,
    0xB4, 0x03, 0x39, 0x16, 0x01, 0x01, 0xB8, 0xFF, 0xA1, 0xB0, 0x56, 0x00, 0x2B, 0x34, 0xFF, 0xFF,
    0x00, 0x82, 0xFE, 0x98, 0x05, 0x23, 0x05, 0xB0, 0x02, 0x26, 0x00, 0x2C, 0x00, 0x00, 0x01, 0x07,
    0x00, 0xAD, 0x05, 0x2C, 0x00, 0x0A, 0x00, 0x0E, 0xB4, 0x03, 0x0F, 0x0A, 0x01, 0x01, 0xB8, 0xFF,
    0x7F, 0xB0, 0x56, 0x00, 0x2B, 0x34, 0xFF, 0xFF, 0x00, 0x69, 0xFE, 0x98, 0x04, 0x11, 0x06, 0x00,
    0x02, 0x26, 0x00, 0x4C, 0x00, 0x00, 0x01, 0x07, 0x00, 0xAD, 0x04, 0x9D, 0x00, 0x0A, 0x00, 0x0E,
    0xB4, 0x02, 0x1E, 0x02, 0x01, 0x01, 0xB8, 0xFF, 0x7F, 0xB0, 0x56, 0x00, 0x2B, 0x34, 0xFF, 0xFF,
    0x00, 0x82, 0x00, 0x00, 0x05, 0x24, 0x07, 0x34, 0x02, 0x26, 0x00, 0x2F, 0x00, 0x00, 0x01, 0x07,
    0x00, 0x75, 0x01, 0x67, 0x01, 0x34, 0x00, 0x0B, 0xB6, 0x03, 0x0E, 0x03, 0x01, 0x01, 0x5B, 0x56,
    0x00, 0x2B, 0x34, 0x00, 0xFF, 0xFF, 0x00, 0x70, 0x00, 0x00, 0x04, 0x5B, 0x07, 0x3A, 0x02, 0x26,
    0x00, 0x4F, 0x00, 0x00, 0x01, 0x07, 0x00, 0x75, 0x01, 0xA2, 0x01, 0x3A, 0x00, 0x0B, 0xB6, 0x03,
    0x0E, 0x03, 0x01, 0x00, 0x1B, 0x56, 0x00, 0x2B, 0x34, 0x00, 0xFF, 0xFF, 0x00, 0x82, 0xFE, 0xCF,
    0x05, 0x24, 0x05, 0xB0, 0x02, 0x26, 0x00, 0x2F, 0x00, 0x00, 0x01, 0x07, 0x00, 0xAD, 0x04, 0xE1,
    0x00, 0x41, 0x00, 0x0E, 0xB4, 0x03, 0x11, 0x02, 0x01, 0x01, 0xB8, 0xFF, 0xCF, 0xB0, 0x56, 0x00,
    0x2B, 0x34, 0xFF, 0xFF, 0x00, 0x70, 0xFE, 0xBA, 0x04, 0x5B, 0x06, 0x01, 0x02, 0x26, 0x00, 0x4F,
    0x00, 0x00, 0x01, 0x07, 0x00, 0xAD, 0x04, 0x8B, 0x00, 0x2C, 0x00, 0x0E, 0xB4, 0x03, 0x11, 0x02,
    0x01, 0x01, 0xB8, 0xFF, 0xBC, 0xB0, 0x56, 0x00, 0x2B, 0x34, 0xFF, 0xFF, 0x00, 0x82, 0xFE, 0x98,
    0x04, 0x2A, 0x05, 0xB0, 0x02, 0x26, 0x00, 0x30, 0x00, 0x00, 0x01, 0x07, 0x00, 0xAD, 0x04, 0xAF,
    0x00, 0x0A, 0x00, 0x0E, 0xB4, 0x02, 0x0B, 0x02, 0x01, 0x01, 0xB8, 0xFF, 0x7F, 0xB0, 0x56, 0x00,
    0x2B, 0x34, 0xFF, 0xFF, 0x00, 0x6C, 0xFE, 0x98, 0x01, 0xB0, 0x06, 0x00, 0x02, 0x26, 0x00, 0x50,
    0x00, 0x00, 0x01, 0x07, 0x00, 0xAD, 0x03, 0x65, 0x00, 0x0A, 0x00, 0x0E, 0xB4, 0x01, 0x07, 0x02,
    0x01, 0x01, 0xB8, 0xFF, 0x7F, 0xB0, 0x56, 0x00, 0x2B, 0x34, 0xFF, 0xFF, 0x00, 0x82, 0xFE, 0x98,
    0x06, 0x7D, 0x05, 0xB0, 0x02, 0x26, 0x00, 0x31, 0x00, 0x00, 0x01, 0x07, 0x00, 0xAD, 0x05, 0xD5,
    0x00, 0x0A, 0x00, 0x0E, 0xB4, 0x03, 0x14, 0x06, 0x01, 0x01, 0xB8, 0xFF, 0x7F, 0xB0, 0x56, 0x00,
    0x2B, 0x34, 0xFF, 0xFF, 0x00, 0x6F, 0xFE, 0x98, 0x06, 0x7F, 0x04, 0x4E, 0x02, 0x26, 0x00, 0x51,
    0x00, 0x00, 0x01, 0x07, 0x00, 0xAD, 0x05, 0xDD, 0x00, 0x0A, 0x00, 0x0E, 0xB4, 0x03, 0x36, 0x02,
    0x01, 0x01, 0xB8, 0xFF, 0x7F, 0xB0, 0x56, 0x00, 0x2B, 0x34, 0xFF, 0xFF, 0x00, 0x82, 0xFE, 0x92,
    0x05, 0x23, 0x05, 0xB0, 0x02, 0x26, 0x00, 0x32, 0x00, 0x00, 0x01, 0x07, 0x00, 0xAD, 0x05, 0x2B,
    0x00, 0x03, 0x00, 0x0E, 0xB4, 0x01, 0x0D, 0x02, 0x01, 0x01, 0xB8, 0xFF, 0x7F, 0xB0, 0x56, 0x00,
    0x2B, 0x34, 0xFF, 0xFF, 0x00, 0x6A, 0xFE, 0x98, 0x04, 0x11, 0x04, 0x4E, 0x02, 0x26, 0x00, 0x52,
    0x00, 0x00, 0x01, 0x07, 0x00, 0xAD, 0x04, 0x94, 0x00, 0x0A, 0x00, 0x0E, 0xB4, 0x02, 0x1F, 0x02,
    0x01, 0x01, 0xB8, 0xFF, 0x7F, 0xB0, 0x56, 0x00, 0x2B, 0x34, 0xFF, 0xFF, 0x00, 0x56, 0xFF, 0xEC,
    0x05, 0x2E, 0x07, 0xD6, 0x02, 0x26, 0x00, 0x33, 0x00, 0x00, 0x01, 0x07, 0x01, 0xEC, 0x04, 0xF5,
    0x01, 0x55, 0x00, 0x0D, 0xB7, 0x03, 0x02, 0x31, 0x11, 0x01, 0x01, 0x5A, 0x56, 0x00, 0x2B, 0x34,
    0x34, 0x00, 0xFF, 0xFF, 0x00, 0x82, 0x00, 0x00, 0x04, 0xDB, 0x07, 0x42, 0x02, 0x26, 0x00, 0x34,
    0x00, 0x00, 0x01, 0x07, 0x00, 0x75, 0x01, 0x68, 0x01, 0x42, 0x00, 0x0B, 0xB6, 0x01, 0x18, 0x0F,
    0x01, 0x01, 0x6C, 0x56, 0x00, 0x2B, 0x34, 0x00, 0xFF, 0xFF, 0x00, 0x70, 0xFE, 0x60, 0x04, 0x3D,
    0x05, 0xF6, 0x02, 0x26, 0x00, 0x54, 0x00, 0x00, 0x01, 0x07, 0x00, 0x75, 0x01, 0xAA, 0xFF, 0xF6,
    0x00, 0x0B, 0xB6, 0x03, 0x30, 0x03, 0x01, 0x01, 0x96, 0x56, 0x00, 0x2B, 0x34, 0x00, 0xFF, 0xFF,
    0x00, 0x82, 0xFE, 0x98, 0x04, 0xF1, 0x05, 0xB0, 0x02, 0x26, 0x00, 0x36, 0x00, 0x00, 0x01, 0x07,
    0x00, 0xAD, 0x04, 0xBB, 0x00, 0x0A, 0x00, 0x0E, 0xB4, 0x02, 0x21, 0x18, 0x01, 0x01, 0xB8, 0xFF,
    0x7F, 0xB0, 0x56, 0x00, 0x2B, 0x34, 0xFF, 0xFF, 0x00, 0x61, 0xFE, 0x99, 0x02, 0xD6, 0x04, 0x4E,
    0x02, 0x26, 0x00, 0x56, 0x00, 0x00, 0x01, 0x07, 0x00, 0xAD, 0x03, 0x5A, 0x00, 0x0A, 0x00, 0x0E,
    0xB4, 0x02, 0x1A, 0x02, 0x01, 0x01, 0xB8, 0xFF, 0x80, 0xB0, 0x56, 0x00, 0x2B, 0x34, 0xFF, 0xFF,
    0x00, 0x45, 0xFE, 0x8E, 0x04, 0xA4, 0x05, 0xC4, 0x02, 0x26, 0x00, 0x37, 0x00, 0x00, 0x01, 0x07,
    0x00, 0xAD, 0x04, 0xE1, 0x00, 0x00, 0x00, 0x0E, 0xB4, 0x01, 0x3D, 0x2B, 0x01, 0x01, 0xB8, 0xFF,
    0x88, 0xB0, 0x56, 0x00, 0x2B, 0x34, 0xFF, 0xFF, 0x00, 0x37, 0xFE, 0x84, 0x03, 0xD1, 0x04, 0x4E,
    0x02, 0x26, 0x00, 0x57, 0x00, 0x00, 0x01, 0x07, 0x00, 0xAD, 0x04, 0x64, 0xFF, 0xF6, 0x00, 0x0E,
    0xB4, 0x01, 0x39, 0x29, 0x01, 0x01, 0xB8, 0xFF, 0x7F, 0xB0, 0x56, 0x00, 0x2B, 0x34, 0xFF, 0xFF,
    0x00, 0x29, 0xFE, 0x95, 0x04, 0xCD, 0x05, 0xB0, 0x02, 0x26, 0x00, 0x38, 0x00, 0x00, 0x01, 0x07,
    0x00, 0xAD, 0x04, 0xCC, 0x00, 0x07, 0x00, 0x0E, 0xB4, 0x02, 0x0B, 0x02, 0x01, 0x01, 0xB8, 0xFF,
    0x75, 0xB0, 0x56, 0x00, 0x2B, 0x34, 0xFF, 0xFF, 0x00, 0x0C, 0xFE, 0x8E, 0x02, 0x8F, 0x05, 0x45,
    0x02, 0x26, 0x00, 0x58, 0x00, 0x00, 0x01, 0x07, 0x00, 0xAD, 0x04, 0x06, 0x00, 0x00, 0x00, 0x0E,
    0xB4, 0x02, 0x19, 0x11, 0x01, 0x01, 0xB8, 0xFF, 0x89, 0xB0, 0x56, 0x00, 0x2B, 0x34, 0xFF, 0xFF,
    0x00, 0x75, 0xFF, 0xEC, 0x04, 0xD1, 0x07, 0xD5, 0x02, 0x26, 0x00, 0x39, 0x00, 0x00, 0x01, 0x07,
    0x01, 0xEC, 0x04, 0xD4, 0x01, 0x55, 0x00, 0x0D, 0xB7, 0x02, 0x01, 0x1B, 0x00, 0x01, 0x01, 0x6C,
    0x56, 0x00, 0x2B, 0x34, 0x34, 0x00, 0xFF, 0xFF, 0x00, 0x07, 0x00, 0x00, 0x05, 0x34, 0x07, 0x3D,
    0x02, 0x26, 0x00, 0x3A, 0x00, 0x00, 0x01, 0x07, 0x00, 0xA5, 0x00, 0xB0, 0x01, 0x40, 0x00, 0x0B,
    0xB6, 0x02, 0x18, 0x09, 0x01, 0x01, 0x76, 0x56, 0x00, 0x2B, 0x34, 0x00, 0xFF, 0xFF, 0x00, 0x0D,
    0x00, 0x00, 0x03, 0xFD, 0x05, 0xF1, 0x02, 0x26, 0x00, 0x5A, 0x00, 0x00, 0x01, 0x06, 0x00, 0xA5,
    0x1D, 0xF4, 0x00, 0x0B, 0xB6, 0x02, 0x18, 0x09, 0x01, 0x01, 0xA0, 0x56, 0x00, 0x2B, 0x34, 0x00,
    0xFF, 0xFF, 0x00, 0x07, 0xFE, 0x98, 0x05, 0x34, 0x05, 0xB0, 0x02, 0x26, 0x00, 0x3A, 0x00, 0x00,
    0x01, 0x07, 0x00, 0xAD, 0x04, 0xF3, 0x00, 0x0A, 0x00, 0x0E, 0xB4, 0x02, 0x0D, 0x04, 0x01, 0x01,
    0xB8, 0xFF, 0x7F, 0xB0, 0x56, 0x00, 0x2B, 0x34, 0xFF, 0xFF, 0x00, 0x0D, 0xFE, 0x98, 0x03, 0xFD,
    0x04, 0x3A, 0x02, 0x26, 0x00, 0x5A, 0x00, 0x00, 0x01, 0x07, 0x00, 0xAD, 0x04, 0x5E, 0x00, 0x0A,
    0x00, 0x0E, 0xB4, 0x02, 0x0D, 0x04, 0x01, 0x01, 0xB8, 0xFF, 0x7F, 0xB0, 0x56, 0x00, 0x2B, 0x34,
    0xFF, 0xFF, 0x00, 0x23, 0xFE, 0x98, 0x06, 0xDF, 0x05, 0xB0, 0x02, 0x26, 0x00, 0x3B, 0x00, 0x00,
    0x01, 0x07, 0x00, 0xAD, 0x05, 0xD9, 0x00, 0x0A, 0x00, 0x0E, 0xB4, 0x04, 0x19, 0x13, 0x01, 0x01,
    0xB8, 0xFF, 0x7F, 0xB0, 0x56, 0x00, 0x2B, 0x34, 0xFF, 0xFF, 0x00, 0x1D, 0xFE, 0x98, 0x05, 0xBF,
    0x04, 0x3A, 0x02, 0x26, 0x00, 0x5B, 0x00, 0x00, 0x01, 0x07, 0x00, 0xAD, 0x05, 0x47, 0x00, 0x0A,
    0x00, 0x0E, 0xB4, 0x04, 0x19, 0x13, 0x01, 0x01, 0xB8, 0xFF, 0x7F, 0xB0, 0x56, 0x00, 0x2B, 0x34,
    0xFF, 0xFF, 0x00, 0x49, 0xFE, 0x98, 0x04, 0x9F, 0x05, 0xB0, 0x02, 0x26, 0x00, 0x3E, 0x00, 0x00,
    0x01, 0x07, 0x00, 0xAD, 0x04, 0xCC, 0x00, 0x0A, 0x00, 0x0E, 0xB4, 0x03, 0x11, 0x02, 0x01, 0x01,
    0xB8, 0xFF, 0x7F, 0xB0, 0x56, 0x00, 0x2B, 0x34, 0xFF, 0xFF, 0x00, 0x4A, 0xFE, 0x98, 0x03, 0xCD,
    0x04, 0x3A, 0x02, 0x26, 0x00, 0x5E, 0x00, 0x00, 0x01, 0x07, 0x00, 0xAD, 0x04, 0x64, 0x00, 0x0A,
    0x00, 0x0E, 0xB4, 0x03, 0x11, 0x02, 0x01, 0x01, 0xB8, 0xFF, 0x7F, 0xB0, 0x56, 0x00, 0x2B, 0x34,
    0xFF, 0xFF, 0xFE, 0x62, 0xFF, 0xEC, 0x05, 0x74, 0x05, 0xD6, 0x00, 0x26, 0x00, 0x33, 0x46, 0x00,
    0x01, 0x07, 0x01, 0x72, 0xFE, 0x09, 0xFF, 0xFF, 0x00, 0x0D, 0xB7, 0x03, 0x02, 0x2E, 0x11, 0x00,
    0x00, 0x12, 0x56, 0x00, 0x2B, 0x34, 0x34, 0x00, 0xFF, 0xFF, 0x00, 0x07, 0xFE, 0x60, 0x05, 0x5B,
    0x05, 0xB0, 0x02, 0x26, 0x00, 0x25, 0x00, 0x00, 0x01, 0x07, 0x00, 0xA4, 0x01, 0x84, 0x00, 0x06,
    0x00, 0x0B, 0xB6, 0x03, 0x0E, 0x05, 0x01, 0x01, 0x39, 0x56, 0x00, 0x2B, 0x34, 0x00, 0xFF, 0xFF,
    0x00, 0x42, 0xFE, 0x68, 0x04, 0x05, 0x04, 0x4E, 0x02, 0x26, 0x00, 0x45, 0x00, 0x00, 0x01, 0x07,
    0x00, 0xA4, 0x00, 0xA7, 0x00, 0x0F, 0x00, 0x0B, 0xB6, 0x02, 0x3B, 0x31, 0x00, 0x00, 0x4D, 0x56,
    0x00, 0x2B, 0x34, 0x00, 0xFF, 0xFF, 0x00, 0x82, 0xFE, 0x64, 0x04, 0x53, 0x05, 0xB0, 0x02, 0x26,
    0x00, 0x29, 0x00, 0x00, 0x01, 0x07, 0x00, 0xA4, 0x01, 0x4A, 0x00, 0x0A, 0x00, 0x0B, 0xB6, 0x04,
    0x10, 0x02, 0x00, 0x00, 0x43, 0x56, 0x00, 0x2B, 0x34, 0x00, 0xFF, 0xFF, 0x00, 0x47, 0xFE, 0x5A,
    0x04, 0x1E, 0x04, 0x4E, 0x02, 0x26, 0x00, 0x49, 0x00, 0x00, 0x01, 0x07, 0x00, 0xA4, 0x01, 0x05,
    0x00, 0x00, 0x00, 0x0B, 0xB6, 0x01, 0x2C, 0x00, 0x00, 0x00, 0x4D, 0x56, 0x00, 0x2B, 0x34, 0x00,
    0xFF, 0xFF, 0x00, 0x6C, 0xFE, 0x98, 0x01, 0xB0, 0x04, 0x3A, 0x02, 0x26, 0x00, 0x8D, 0x00, 0x00,
    0x01, 0x07, 0x00, 0xAD, 0x03, 0x65, 0x00, 0x0A, 0x00, 0x0E, 0xB4, 0x01, 0x07, 0x02, 0x01, 0x01,
    0xB8, 0xFF, 0x7F, 0xB0, 0x56, 0x00, 0x2B, 0x34, 0x00, 0x01, 0x00, 0xB2, 0x00, 0x89, 0x04, 0x24,
    0x03, 0xFB, 0x00, 0x0F, 0x00, 0x08, 0xB1, 0x08, 0x00, 0x00, 0x2F, 0x2F, 0x30, 0x31, 0x25, 0x22,
    0x26, 0x26, 0x35, 0x34, 0x36, 0x36, 0x33, 0x32, 0x16, 0x16, 0x15, 0x14, 0x06, 0x06, 0x02, 0x6B,
    0x7A, 0xC8, 0x77, 0x77, 0xC8, 0x7A, 0x7A, 0xC8, 0x77, 0x77, 0xC8, 0x89, 0x77, 0xC8, 0x7A, 0x7A,
    0xC8, 0x77, 0x77, 0xC8, 0x7A, 0x7A, 0xC8, 0x77, 0x00, 0x01, 0x00, 0x93, 0x00, 0x00, 0x04, 0x41,
    0x03, 0xAF, 0x00, 0x03, 0x00, 0x08, 0xB3, 0x01, 0x00, 0x12, 0x72, 0x00, 0x2B, 0x2F, 0x33, 0x11,
    0x21, 0x11, 0x93, 0x03, 0xAE, 0x03, 0xAF, 0xFC, 0x51, 0x00, 0x00, 0x04, 0x00, 0x5B, 0xFF, 0xED,
    0x05, 0xAB, 0x05, 0xC2, 0x00, 0x10, 0x00, 0x18, 0x00, 0x20, 0x00, 0x2A, 0x00, 0x17, 0x40, 0x09,
    0x20, 0x10, 0x24, 0x08, 0x18, 0x10, 0x1C, 0x08, 0x10, 0x00, 0x2F, 0x2F, 0x33, 0x11, 0x33, 0x11,
    0x33, 0x11, 0x33, 0x30, 0x31, 0x37, 0x26, 0x36, 0x37, 0x25, 0x11, 0x36, 0x36, 0x37, 0x11, 0x14,
    0x06, 0x07, 0x07, 0x06, 0x06, 0x07, 0x05, 0x36, 0x36, 0x37, 0x25, 0x06, 0x06, 0x07, 0x01, 0x26,
    0x36, 0x37, 0x01, 0x06, 0x06, 0x07, 0x01, 0x11, 0x36, 0x36, 0x37, 0x11, 0x25, 0x06, 0x06, 0x07,
    0x5C, 0x01, 0x20, 0x1D, 0x01, 0x67, 0x2E, 0x81, 0x41, 0x0C, 0x0A, 0x4F, 0x14, 0x3D, 0x23, 0x01,
    0x46, 0x04, 0x1E, 0x1E, 0x02, 0x0E, 0x02, 0x23, 0x1C, 0xFB, 0x3D, 0x02, 0x23, 0x1C, 0x04, 0xC8,
    0x03, 0x24, 0x1B, 0xFD, 0xF8, 0x2F, 0x7D, 0x46, 0x01, 0x57, 0x02, 0x22, 0x1B, 0x8D, 0x45, 0x85,
    0x3A, 0x4D, 0x03, 0x2F, 0x3F, 0x5F, 0x17, 0xFC, 0x31, 0x12, 0x24, 0x0F, 0x77, 0x1E, 0x27, 0x08,
    0xFD, 0x42, 0x88, 0x3D, 0x6F, 0x44, 0x8A, 0x36, 0x01, 0xD4, 0x47, 0x84, 0x39, 0x01, 0x04, 0x44,
    0x88, 0x3B, 0xFE, 0x1F, 0x03, 0x6D, 0x3E, 0x5D, 0x1C, 0xFD, 0x06, 0x49, 0x42, 0x8A, 0x39, 0x00,
    0x00, 0x02, 0x00, 0xB2, 0x00, 0x89, 0x04, 0x24, 0x03, 0xFB, 0x00, 0x0F, 0x00, 0x1F, 0x00, 0x10,
    0xB7, 0x00, 0x10, 0x6A, 0x08, 0x18, 0x6A, 0x08, 0x00, 0x00, 0x2F, 0x2F, 0x2B, 0x2B, 0x30, 0x31,
    0x25, 0x22, 0x26, 0x26, 0x35, 0x34, 0x36, 0x36, 0x33, 0x32, 0x16, 0x16, 0x15, 0x14, 0x06, 0x06,
    0x27, 0x32, 0x36, 0x36, 0x35, 0x34, 0x26, 0x26, 0x23, 0x22, 0x06, 0x06, 0x15, 0x14, 0x16, 0x16,
    0x02, 0x6B, 0x7A, 0xC8, 0x77, 0x77, 0xC8, 0x7A, 0x7A, 0xC8, 0x77, 0x77, 0xC8, 0x7A, 0x66, 0xA5,
    0x62, 0x62, 0xA5, 0x66, 0x65, 0xA6, 0x62, 0x62, 0xA6, 0x89, 0x77, 0xC8, 0x7A, 0x7A, 0xC8, 0x77,
    0x77, 0xC8, 0x7A, 0x7A, 0xC8, 0x77, 0x4C, 0x62, 0xA6, 0x65, 0x66, 0xA5, 0x62, 0x62, 0xA5, 0x66,
    0x65, 0xA6, 0x62, 0x00,
};
